2026-01-09 14:30:45,943 - INFO - 

--------------------

2026-01-09 14:30:45,943 - INFO - Starting snapshot creation...
2026-01-09 14:30:45,943 - INFO - 

--------------------

2026-01-09 14:30:45,943 - INFO - Creating snapshot of: Storage/Docker-Syncerate-Test
2026-01-09 14:30:45,943 - DEBUG - Full snapshot name: Storage/Docker-Syncerate-Test@SnapBeforeWatchTower-Date-2026-01-09_14_30_45
2026-01-09 14:30:45,943 - DEBUG - Running command: zfs snapshot Storage/Docker-Syncerate-Test@SnapBeforeWatchTower-Date-2026-01-09_14_30_45
2026-01-09 14:30:46,045 - DEBUG - Running command: zfs list -H -t snapshot -o name Storage/Docker-Syncerate-Test
2026-01-09 14:30:46,054 - DEBUG - Command stdout:
Storage/Docker-Syncerate-Test@SnapBeforeWatchTower-Date-2026-01-09_14_30_45
2026-01-09 14:30:46,059 - INFO - [Storage/Docker-Syncerate-Test] Found 1 matching snapshots (retain_count=3).
2026-01-09 14:30:46,059 - INFO - [Storage/Docker-Syncerate-Test] Cutoff time: 2026-01-06 14:30:46  (older_than=3 days, 0:00:00)
2026-01-09 14:30:46,059 - INFO - [Storage/Docker-Syncerate-Test] Will delete 0 snapshot(s).
2026-01-09 14:30:46,059 - INFO - 

--------------------

2026-01-09 14:30:46,059 - INFO - Creating snapshot of: Storage/Docker-SyncoidTest
2026-01-09 14:30:46,059 - DEBUG - Full snapshot name: Storage/Docker-SyncoidTest@SnapBeforeWatchTower-Date-2026-01-09_14_30_46
2026-01-09 14:30:46,060 - DEBUG - Running command: zfs snapshot Storage/Docker-SyncoidTest@SnapBeforeWatchTower-Date-2026-01-09_14_30_46
2026-01-09 14:30:46,108 - DEBUG - Running command: zfs list -H -t snapshot -o name Storage/Docker-SyncoidTest
2026-01-09 14:30:46,124 - DEBUG - Command stdout:
Storage/Docker-SyncoidTest@SnapBeforeWatchTower-Date-2026-01-09_14_30_46
2026-01-09 14:30:46,124 - INFO - [Storage/Docker-SyncoidTest] Found 1 matching snapshots (retain_count=3).
2026-01-09 14:30:46,125 - INFO - [Storage/Docker-SyncoidTest] Cutoff time: 2026-01-06 14:30:46  (older_than=3 days, 0:00:00)
2026-01-09 14:30:46,127 - INFO - [Storage/Docker-SyncoidTest] Will delete 0 snapshot(s).
2026-01-09 14:30:46,127 - INFO - 

--------------------

2026-01-09 14:30:46,127 - INFO - Creating snapshot of: Storage/Docker-SyncoidTest/BitWardenrs
2026-01-09 14:30:46,127 - DEBUG - Full snapshot name: Storage/Docker-SyncoidTest/BitWardenrs@SnapBeforeWatchTower-Date-2026-01-09_14_30_46
2026-01-09 14:30:46,127 - DEBUG - Running command: zfs snapshot Storage/Docker-SyncoidTest/BitWardenrs@SnapBeforeWatchTower-Date-2026-01-09_14_30_46
2026-01-09 14:30:46,174 - DEBUG - Running command: zfs list -H -t snapshot -o name Storage/Docker-SyncoidTest/BitWardenrs
2026-01-09 14:30:46,198 - DEBUG - Command stdout:
Storage/Docker-SyncoidTest/BitWardenrs@autosnap_2022-05-25_05:16:47_daily
Storage/Docker-SyncoidTest/BitWardenrs@autosnap_2022-05-29_05:08:45_daily
Storage/Docker-SyncoidTest/BitWardenrs@autosnap_2022-06-05_06:42:59_daily
Storage/Docker-SyncoidTest/BitWardenrs@autosnap_2022-06-06_06:25:43_daily
Storage/Docker-SyncoidTest/BitWardenrs@autosnap_2022-06-21_05:24:17_daily
Storage/Docker-SyncoidTest/BitWardenrs@autosnap_2022-06-24_08:29:41_daily
Storage/Docker-SyncoidTest/BitWardenrs@autosnap_2022-07-05_07:15:07_daily
Storage/Docker-SyncoidTest/BitWardenrs@autosnap_2022-07-06_05:36:31_daily
Storage/Docker-SyncoidTest/BitWardenrs@autosnap_2023-02-11_18:04:22_daily
Storage/Docker-SyncoidTest/BitWardenrs@autosnap_2023-02-21_06:39:31_daily
Storage/Docker-SyncoidTest/BitWardenrs@autosnap_2023-02-26_07:27:06_daily
Storage/Docker-SyncoidTest/BitWardenrs@autosnap_2023-02-27_05:27:25_daily
Storage/Docker-SyncoidTest/BitWardenrs@autosnap_2023-03-05_05:54:58_daily
Storage/Docker-SyncoidTest/BitWardenrs@autosnap_2023-03-23_11:17:56_daily
Storage/Docker-SyncoidTest/BitWardenrs@autosnap_2023-03-24_09:39:09_daily
Storage/Docker-SyncoidTest/BitWardenrs@autosnap_2023-03-25_05:23:18_daily
Storage/Docker-SyncoidTest/BitWardenrs@autosnap_2023-05-17_11:57:45_daily
Storage/Docker-SyncoidTest/BitWardenrs@autosnap_2023-05-25_06:15:41_daily
Storage/Docker-SyncoidTest/BitWardenrs@autosnap_2023-05-27_06:20:26_daily
Storage/Docker-SyncoidTest/BitWardenrs@autosnap_2023-05-28_03:31:41_daily
Storage/Docker-SyncoidTest/BitWardenrs@autosnap_2023-05-29_19:16:51_daily
Storage/Docker-SyncoidTest/BitWardenrs@autosnap_2023-05-31_07:36:02_daily
Storage/Docker-SyncoidTest/BitWardenrs@autosnap_2023-06-02_04:23:55_daily
Storage/Docker-SyncoidTest/BitWardenrs@autosnap_2023-06-04_02:58:57_daily
Storage/Docker-SyncoidTest/BitWardenrs@autosnap_2023-06-05_05:20:24_daily
Storage/Docker-SyncoidTest/BitWardenrs@autosnap_2023-06-06_06:49:15_daily
Storage/Docker-SyncoidTest/BitWardenrs@autosnap_2023-06-07_04:06:32_daily
Storage/Docker-SyncoidTest/BitWardenrs@autosnap_2023-06-09_09:58:19_daily
Storage/Docker-SyncoidTest/BitWardenrs@autosnap_2023-06-11_04:31:11_daily
Storage/Docker-SyncoidTest/BitWardenrs@autosnap_2023-08-19_16:57:58_daily
Storage/Docker-SyncoidTest/BitWardenrs@autosnap_2023-08-22_08:12:25_daily
Storage/Docker-SyncoidTest/BitWardenrs@autosnap_2023-08-23_09:58:06_daily
Storage/Docker-SyncoidTest/BitWardenrs@autosnap_2023-08-24_10:10:38_daily
Storage/Docker-SyncoidTest/BitWardenrs@autosnap_2023-08-27_19:10:31_daily
Storage/Docker-SyncoidTest/BitWardenrs@autosnap_2023-08-28_15:41:39_daily
Storage/Docker-SyncoidTest/BitWardenrs@autosnap_2023-08-29_06:02:06_daily
Storage/Docker-SyncoidTest/BitWardenrs@autosnap_2023-08-31_04:30:26_daily
Storage/Docker-SyncoidTest/BitWardenrs@autosnap_2023-09-02_12:04:25_daily
Storage/Docker-SyncoidTest/BitWardenrs@autosnap_2023-09-07_18:23:41_daily
Storage/Docker-SyncoidTest/BitWardenrs@autosnap_2023-09-08_08:33:16_daily
Storage/Docker-SyncoidTest/BitWardenrs@autosnap_2023-09-09_12:02:17_daily
Storage/Docker-SyncoidTest/BitWardenrs@syncoid_darkyere-VirtualBox_2023-09-09:15:34:26-GMT02:00
Storage/Docker-SyncoidTest/BitWardenrs@autosnap_2023-09-21_17:34:36_daily
Storage/Docker-SyncoidTest/BitWardenrs@autosnap_2023-09-22_04:08:31_daily
Storage/Docker-SyncoidTest/BitWardenrs@autosnap_2023-10-28_16:26:09_daily
Storage/Docker-SyncoidTest/BitWardenrs@autosnap_2023-11-10_10:27:44_daily
Storage/Docker-SyncoidTest/BitWardenrs@autosnap_2023-11-16_09:59:03_daily
Storage/Docker-SyncoidTest/BitWardenrs@autosnap_2023-12-18_12:32:22_daily
Storage/Docker-SyncoidTest/BitWardenrs@autosnap_2023-12-21_08:50:19_daily
Storage/Docker-SyncoidTest/BitWardenrs@autosnap_2023-12-22_00:00:07_daily
Storage/Docker-SyncoidTest/BitWardenrs@autosnap_2023-12-22_05:00:33_hourly
Storage/Docker-SyncoidTest/BitWardenrs@autosnap_2023-12-22_06:00:03_hourly
Storage/Docker-SyncoidTest/BitWardenrs@autosnap_2023-12-22_07:00:17_hourly
Storage/Docker-SyncoidTest/BitWardenrs@autosnap_2023-12-22_08:00:11_hourly
Storage/Docker-SyncoidTest/BitWardenrs@autosnap_2024-01-01_07:54:57_daily
Storage/Docker-SyncoidTest/BitWardenrs@autosnap_2024-01-01_07:54:57_hourly
Storage/Docker-SyncoidTest/BitWardenrs@autosnap_2024-01-01_08:00:02_hourly
Storage/Docker-SyncoidTest/BitWardenrs@autosnap_2024-01-01_09:00:05_hourly
Storage/Docker-SyncoidTest/BitWardenrs@autosnap_2024-01-01_10:00:07_hourly
Storage/Docker-SyncoidTest/BitWardenrs@autosnap_2024-01-01_11:00:15_hourly
Storage/Docker-SyncoidTest/BitWardenrs@autosnap_2024-01-01_12:00:06_hourly
Storage/Docker-SyncoidTest/BitWardenrs@autosnap_2024-02-02_17:41:38_daily
Storage/Docker-SyncoidTest/BitWardenrs@autosnap_2024-02-02_17:41:38_hourly
Storage/Docker-SyncoidTest/BitWardenrs@autosnap_2024-02-02_18:00:20_hourly
Storage/Docker-SyncoidTest/BitWardenrs@autosnap_2024-02-02_19:00:22_hourly
Storage/Docker-SyncoidTest/BitWardenrs@autosnap_2024-02-02_20:00:22_hourly
Storage/Docker-SyncoidTest/BitWardenrs@autosnap_2024-02-02_21:00:08_hourly
Storage/Docker-SyncoidTest/BitWardenrs@autosnap_2024-02-02_22:00:17_hourly
Storage/Docker-SyncoidTest/BitWardenrs@autosnap_2024-02-02_23:00:07_hourly
Storage/Docker-SyncoidTest/BitWardenrs@autosnap_2024-02-03_00:00:10_daily
Storage/Docker-SyncoidTest/BitWardenrs@autosnap_2024-02-03_00:00:10_hourly
Storage/Docker-SyncoidTest/BitWardenrs@autosnap_2024-02-03_01:00:02_hourly
Storage/Docker-SyncoidTest/BitWardenrs@autosnap_2024-02-03_02:00:14_hourly
Storage/Docker-SyncoidTest/BitWardenrs@autosnap_2024-02-03_03:00:10_hourly
Storage/Docker-SyncoidTest/BitWardenrs@autosnap_2024-02-03_04:00:15_hourly
Storage/Docker-SyncoidTest/BitWardenrs@autosnap_2024-02-03_05:00:19_hourly
Storage/Docker-SyncoidTest/BitWardenrs@autosnap_2024-02-03_06:00:09_hourly
Storage/Docker-SyncoidTest/BitWardenrs@autosnap_2024-08-18_14:10:44_daily
Storage/Docker-SyncoidTest/BitWardenrs@autosnap_2024-08-18_14:10:44_hourly
Storage/Docker-SyncoidTest/BitWardenrs@autosnap_2024-10-04_15:50:28_daily
Storage/Docker-SyncoidTest/BitWardenrs@autosnap_2024-10-04_15:50:28_hourly
Storage/Docker-SyncoidTest/BitWardenrs@autosnap_2024-10-04_16:00:33_hourly
Storage/Docker-SyncoidTest/BitWardenrs@autosnap_2024-10-04_17:00:05_hourly
Storage/Docker-SyncoidTest/BitWardenrs@autosnap_2024-10-12_19:24:24_daily
Storage/Docker-SyncoidTest/BitWardenrs@autosnap_2024-10-12_19:24:24_hourly
Storage/Docker-SyncoidTest/BitWardenrs@autosnap_2025-01-06_18:54:18_daily
Storage/Docker-SyncoidTest/BitWardenrs@autosnap_2025-01-06_18:54:18_hourly
Storage/Docker-SyncoidTest/BitWardenrs@autosnap_2025-01-06_19:00:01_hourly
Storage/Docker-SyncoidTest/BitWardenrs@autosnap_2025-03-31_14:02:58_monthly
Storage/Docker-SyncoidTest/BitWardenrs@autosnap_2025-03-31_14:02:58_daily
Storage/Docker-SyncoidTest/BitWardenrs@autosnap_2025-03-31_14:02:58_hourly
Storage/Docker-SyncoidTest/BitWardenrs@autosnap_2025-04-28_19:04:40_monthly
Storage/Docker-SyncoidTest/BitWardenrs@autosnap_2025-04-28_19:04:40_daily
Storage/Docker-SyncoidTest/BitWardenrs@autosnap_2025-04-28_19:04:40_hourly
Storage/Docker-SyncoidTest/BitWardenrs@autosnap_2025-08-19_07:21:22_monthly
Storage/Docker-SyncoidTest/BitWardenrs@autosnap_2025-08-19_07:21:22_daily
Storage/Docker-SyncoidTest/BitWardenrs@autosnap_2025-08-19_07:21:22_hourly
Storage/Docker-SyncoidTest/BitWardenrs@autosnap_2025-11-05_05:01:17_monthly
Storage/Docker-SyncoidTest/BitWardenrs@autosnap_2025-11-05_05:01:17_daily
Storage/Docker-SyncoidTest/BitWardenrs@autosnap_2025-11-05_05:01:17_hourly
Storage/Docker-SyncoidTest/BitWardenrs@autosnap_2025-11-05_06:00:00_hourly
Storage/Docker-SyncoidTest/BitWardenrs@autosnap_2025-11-05_07:00:16_hourly
Storage/Docker-SyncoidTest/BitWardenrs@autosnap_2025-12-25_09:44:04_monthly
Storage/Docker-SyncoidTest/BitWardenrs@autosnap_2025-12-25_09:44:04_daily
Storage/Docker-SyncoidTest/BitWardenrs@autosnap_2025-12-25_09:44:04_hourly
Storage/Docker-SyncoidTest/BitWardenrs@autosnap_2025-12-25_10:00:02_hourly
Storage/Docker-SyncoidTest/BitWardenrs@autosnap_2026-01-02_13:52:39_monthly
Storage/Docker-SyncoidTest/BitWardenrs@autosnap_2026-01-02_13:52:39_daily
Storage/Docker-SyncoidTest/BitWardenrs@autosnap_2026-01-02_13:52:39_hourly
Storage/Docker-SyncoidTest/BitWardenrs@autosnap_2026-01-02_14:00:02_hourly
Storage/Docker-SyncoidTest/BitWardenrs@autosnap_2026-01-02_15:00:07_hourly
Storage/Docker-SyncoidTest/BitWardenrs@SnapBeforeWatchTower-Date-2026-01-02_16_53_42
Storage/Docker-SyncoidTest/BitWardenrs@SnapBeforeWatchTower-Date-2026-01-02_16_54_55
Storage/Docker-SyncoidTest/BitWardenrs@autosnap_2026-01-02_16:00:03_hourly
Storage/Docker-SyncoidTest/BitWardenrs@SnapBeforeWatchTower-Date-2026-01-02_17_08_17
Storage/Docker-SyncoidTest/BitWardenrs@SnapBeforeWatchTower-Date-2026-01-02_17_40_26
Storage/Docker-SyncoidTest/BitWardenrs@SnapBeforeWatchTower-Date-2026-01-02_17_47_46
Storage/Docker-SyncoidTest/BitWardenrs@autosnap_2026-01-02_17:00:01_hourly
Storage/Docker-SyncoidTest/BitWardenrs@SnapBeforeWatchTower-Date-2026-01-02_18_37_45
Storage/Docker-SyncoidTest/BitWardenrs@SnapBeforeWatchTower-Date-2026-01-02_18_45_23
Storage/Docker-SyncoidTest/BitWardenrs@SnapBeforeWatchTower-Date-2026-01-02_18_49_28
Storage/Docker-SyncoidTest/BitWardenrs@autosnap_2026-01-02_18:00:03_hourly
Storage/Docker-SyncoidTest/BitWardenrs@SnapBeforeWatchTower-Date-2026-01-02_19_37_12
Storage/Docker-SyncoidTest/BitWardenrs@SnapBeforeWatchTower-Date-2026-01-02_19_54_28
Storage/Docker-SyncoidTest/BitWardenrs@autosnap_2026-01-02_19:00:03_hourly
Storage/Docker-SyncoidTest/BitWardenrs@SnapBeforeWatchTower-Date-2026-01-02_20_03_07
Storage/Docker-SyncoidTest/BitWardenrs@SnapBeforeWatchTower-Date-2026-01-02_20_03_48
Storage/Docker-SyncoidTest/BitWardenrs@SnapBeforeWatchTower-Date-2026-01-02_20_04_20
Storage/Docker-SyncoidTest/BitWardenrs@autosnap_2026-01-09_12:50:14_daily
Storage/Docker-SyncoidTest/BitWardenrs@autosnap_2026-01-09_12:50:14_hourly
Storage/Docker-SyncoidTest/BitWardenrs@autosnap_2026-01-09_13:00:01_hourly
Storage/Docker-SyncoidTest/BitWardenrs@SnapBeforeWatchTower-Date-2026-01-09_14_30_46
2026-01-09 14:30:46,199 - INFO - [Storage/Docker-SyncoidTest/BitWardenrs] Found 14 matching snapshots (retain_count=3).
2026-01-09 14:30:46,199 - INFO - [Storage/Docker-SyncoidTest/BitWardenrs] Cutoff time: 2026-01-06 14:30:46  (older_than=3 days, 0:00:00)
2026-01-09 14:30:46,199 - INFO - [Storage/Docker-SyncoidTest/BitWardenrs] Will delete 11 snapshot(s).
2026-01-09 14:30:46,199 - DEBUG - Running command: zfs destroy Storage/Docker-SyncoidTest/BitWardenrs@SnapBeforeWatchTower-Date-2026-01-02_20_03_07
2026-01-09 14:30:46,238 - INFO - [Storage/Docker-SyncoidTest/BitWardenrs] Deleted snapshot: Storage/Docker-SyncoidTest/BitWardenrs@SnapBeforeWatchTower-Date-2026-01-02_20_03_07
2026-01-09 14:30:46,238 - DEBUG - Running command: zfs destroy Storage/Docker-SyncoidTest/BitWardenrs@SnapBeforeWatchTower-Date-2026-01-02_19_54_28
2026-01-09 14:30:46,291 - INFO - [Storage/Docker-SyncoidTest/BitWardenrs] Deleted snapshot: Storage/Docker-SyncoidTest/BitWardenrs@SnapBeforeWatchTower-Date-2026-01-02_19_54_28
2026-01-09 14:30:46,292 - DEBUG - Running command: zfs destroy Storage/Docker-SyncoidTest/BitWardenrs@SnapBeforeWatchTower-Date-2026-01-02_19_37_12
2026-01-09 14:30:46,343 - INFO - [Storage/Docker-SyncoidTest/BitWardenrs] Deleted snapshot: Storage/Docker-SyncoidTest/BitWardenrs@SnapBeforeWatchTower-Date-2026-01-02_19_37_12
2026-01-09 14:30:46,343 - DEBUG - Running command: zfs destroy Storage/Docker-SyncoidTest/BitWardenrs@SnapBeforeWatchTower-Date-2026-01-02_18_49_28
2026-01-09 14:30:46,387 - INFO - [Storage/Docker-SyncoidTest/BitWardenrs] Deleted snapshot: Storage/Docker-SyncoidTest/BitWardenrs@SnapBeforeWatchTower-Date-2026-01-02_18_49_28
2026-01-09 14:30:46,387 - DEBUG - Running command: zfs destroy Storage/Docker-SyncoidTest/BitWardenrs@SnapBeforeWatchTower-Date-2026-01-02_18_45_23
2026-01-09 14:30:46,425 - INFO - [Storage/Docker-SyncoidTest/BitWardenrs] Deleted snapshot: Storage/Docker-SyncoidTest/BitWardenrs@SnapBeforeWatchTower-Date-2026-01-02_18_45_23
2026-01-09 14:30:46,425 - DEBUG - Running command: zfs destroy Storage/Docker-SyncoidTest/BitWardenrs@SnapBeforeWatchTower-Date-2026-01-02_18_37_45
2026-01-09 14:30:46,467 - INFO - [Storage/Docker-SyncoidTest/BitWardenrs] Deleted snapshot: Storage/Docker-SyncoidTest/BitWardenrs@SnapBeforeWatchTower-Date-2026-01-02_18_37_45
2026-01-09 14:30:46,467 - DEBUG - Running command: zfs destroy Storage/Docker-SyncoidTest/BitWardenrs@SnapBeforeWatchTower-Date-2026-01-02_17_47_46
2026-01-09 14:30:46,514 - INFO - [Storage/Docker-SyncoidTest/BitWardenrs] Deleted snapshot: Storage/Docker-SyncoidTest/BitWardenrs@SnapBeforeWatchTower-Date-2026-01-02_17_47_46
2026-01-09 14:30:46,515 - DEBUG - Running command: zfs destroy Storage/Docker-SyncoidTest/BitWardenrs@SnapBeforeWatchTower-Date-2026-01-02_17_40_26
2026-01-09 14:30:46,550 - INFO - [Storage/Docker-SyncoidTest/BitWardenrs] Deleted snapshot: Storage/Docker-SyncoidTest/BitWardenrs@SnapBeforeWatchTower-Date-2026-01-02_17_40_26
2026-01-09 14:30:46,551 - DEBUG - Running command: zfs destroy Storage/Docker-SyncoidTest/BitWardenrs@SnapBeforeWatchTower-Date-2026-01-02_17_08_17
2026-01-09 14:30:46,601 - INFO - [Storage/Docker-SyncoidTest/BitWardenrs] Deleted snapshot: Storage/Docker-SyncoidTest/BitWardenrs@SnapBeforeWatchTower-Date-2026-01-02_17_08_17
2026-01-09 14:30:46,603 - DEBUG - Running command: zfs destroy Storage/Docker-SyncoidTest/BitWardenrs@SnapBeforeWatchTower-Date-2026-01-02_16_54_55
2026-01-09 14:30:46,877 - INFO - [Storage/Docker-SyncoidTest/BitWardenrs] Deleted snapshot: Storage/Docker-SyncoidTest/BitWardenrs@SnapBeforeWatchTower-Date-2026-01-02_16_54_55
2026-01-09 14:30:46,877 - DEBUG - Running command: zfs destroy Storage/Docker-SyncoidTest/BitWardenrs@SnapBeforeWatchTower-Date-2026-01-02_16_53_42
2026-01-09 14:30:46,930 - INFO - [Storage/Docker-SyncoidTest/BitWardenrs] Deleted snapshot: Storage/Docker-SyncoidTest/BitWardenrs@SnapBeforeWatchTower-Date-2026-01-02_16_53_42
2026-01-09 14:30:46,930 - INFO - 

--------------------

2026-01-09 14:30:46,931 - INFO - Creating snapshot of: Storage/Docker-SyncoidTest/DataSet With Spaces
2026-01-09 14:30:46,931 - DEBUG - Full snapshot name: Storage/Docker-SyncoidTest/DataSet With Spaces@SnapBeforeWatchTower-Date-2026-01-09_14_30_46
2026-01-09 14:30:46,931 - DEBUG - Running command: zfs snapshot Storage/Docker-SyncoidTest/DataSet With Spaces@SnapBeforeWatchTower-Date-2026-01-09_14_30_46
2026-01-09 14:30:46,972 - DEBUG - Running command: zfs list -H -t snapshot -o name Storage/Docker-SyncoidTest/DataSet With Spaces
2026-01-09 14:30:46,979 - DEBUG - Command stdout:
Storage/Docker-SyncoidTest/DataSet With Spaces@syncoid_darkyere-VirtualBox_2023-12-22:08:52:28-GMT01:00
Storage/Docker-SyncoidTest/DataSet With Spaces@SnapBeforeWatchTower-Date-2026-01-02_16_53_42
Storage/Docker-SyncoidTest/DataSet With Spaces@SnapBeforeWatchTower-Date-2026-01-02_16_54_56
Storage/Docker-SyncoidTest/DataSet With Spaces@SnapBeforeWatchTower-Date-2026-01-02_17_08_17
Storage/Docker-SyncoidTest/DataSet With Spaces@SnapBeforeWatchTower-Date-2026-01-02_17_40_27
Storage/Docker-SyncoidTest/DataSet With Spaces@SnapBeforeWatchTower-Date-2026-01-02_17_47_47
Storage/Docker-SyncoidTest/DataSet With Spaces@SnapBeforeWatchTower-Date-2026-01-02_18_37_45
Storage/Docker-SyncoidTest/DataSet With Spaces@SnapBeforeWatchTower-Date-2026-01-02_18_45_24
Storage/Docker-SyncoidTest/DataSet With Spaces@SnapBeforeWatchTower-Date-2026-01-02_18_49_28
Storage/Docker-SyncoidTest/DataSet With Spaces@SnapBeforeWatchTower-Date-2026-01-02_19_37_12
Storage/Docker-SyncoidTest/DataSet With Spaces@SnapBeforeWatchTower-Date-2026-01-02_19_54_28
Storage/Docker-SyncoidTest/DataSet With Spaces@SnapBeforeWatchTower-Date-2026-01-02_20_03_07
Storage/Docker-SyncoidTest/DataSet With Spaces@SnapBeforeWatchTower-Date-2026-01-02_20_03_49
Storage/Docker-SyncoidTest/DataSet With Spaces@SnapBeforeWatchTower-Date-2026-01-02_20_04_20
Storage/Docker-SyncoidTest/DataSet With Spaces@SnapBeforeWatchTower-Date-2026-01-09_14_30_46
2026-01-09 14:30:46,979 - INFO - [Storage/Docker-SyncoidTest/DataSet With Spaces] Found 14 matching snapshots (retain_count=3).
2026-01-09 14:30:46,979 - INFO - [Storage/Docker-SyncoidTest/DataSet With Spaces] Cutoff time: 2026-01-06 14:30:46  (older_than=3 days, 0:00:00)
2026-01-09 14:30:46,979 - INFO - [Storage/Docker-SyncoidTest/DataSet With Spaces] Will delete 11 snapshot(s).
2026-01-09 14:30:46,979 - DEBUG - Running command: zfs destroy Storage/Docker-SyncoidTest/DataSet With Spaces@SnapBeforeWatchTower-Date-2026-01-02_20_03_07
2026-01-09 14:30:47,025 - INFO - [Storage/Docker-SyncoidTest/DataSet With Spaces] Deleted snapshot: Storage/Docker-SyncoidTest/DataSet With Spaces@SnapBeforeWatchTower-Date-2026-01-02_20_03_07
2026-01-09 14:30:47,025 - DEBUG - Running command: zfs destroy Storage/Docker-SyncoidTest/DataSet With Spaces@SnapBeforeWatchTower-Date-2026-01-02_19_54_28
2026-01-09 14:30:47,081 - INFO - [Storage/Docker-SyncoidTest/DataSet With Spaces] Deleted snapshot: Storage/Docker-SyncoidTest/DataSet With Spaces@SnapBeforeWatchTower-Date-2026-01-02_19_54_28
2026-01-09 14:30:47,081 - DEBUG - Running command: zfs destroy Storage/Docker-SyncoidTest/DataSet With Spaces@SnapBeforeWatchTower-Date-2026-01-02_19_37_12
2026-01-09 14:30:47,120 - INFO - [Storage/Docker-SyncoidTest/DataSet With Spaces] Deleted snapshot: Storage/Docker-SyncoidTest/DataSet With Spaces@SnapBeforeWatchTower-Date-2026-01-02_19_37_12
2026-01-09 14:30:47,123 - DEBUG - Running command: zfs destroy Storage/Docker-SyncoidTest/DataSet With Spaces@SnapBeforeWatchTower-Date-2026-01-02_18_49_28
2026-01-09 14:30:47,166 - INFO - [Storage/Docker-SyncoidTest/DataSet With Spaces] Deleted snapshot: Storage/Docker-SyncoidTest/DataSet With Spaces@SnapBeforeWatchTower-Date-2026-01-02_18_49_28
2026-01-09 14:30:47,169 - DEBUG - Running command: zfs destroy Storage/Docker-SyncoidTest/DataSet With Spaces@SnapBeforeWatchTower-Date-2026-01-02_18_45_24
2026-01-09 14:30:47,232 - INFO - [Storage/Docker-SyncoidTest/DataSet With Spaces] Deleted snapshot: Storage/Docker-SyncoidTest/DataSet With Spaces@SnapBeforeWatchTower-Date-2026-01-02_18_45_24
2026-01-09 14:30:47,232 - DEBUG - Running command: zfs destroy Storage/Docker-SyncoidTest/DataSet With Spaces@SnapBeforeWatchTower-Date-2026-01-02_18_37_45
2026-01-09 14:30:47,277 - INFO - [Storage/Docker-SyncoidTest/DataSet With Spaces] Deleted snapshot: Storage/Docker-SyncoidTest/DataSet With Spaces@SnapBeforeWatchTower-Date-2026-01-02_18_37_45
2026-01-09 14:30:47,277 - DEBUG - Running command: zfs destroy Storage/Docker-SyncoidTest/DataSet With Spaces@SnapBeforeWatchTower-Date-2026-01-02_17_47_47
2026-01-09 14:30:47,324 - INFO - [Storage/Docker-SyncoidTest/DataSet With Spaces] Deleted snapshot: Storage/Docker-SyncoidTest/DataSet With Spaces@SnapBeforeWatchTower-Date-2026-01-02_17_47_47
2026-01-09 14:30:47,324 - DEBUG - Running command: zfs destroy Storage/Docker-SyncoidTest/DataSet With Spaces@SnapBeforeWatchTower-Date-2026-01-02_17_40_27
2026-01-09 14:30:47,362 - INFO - [Storage/Docker-SyncoidTest/DataSet With Spaces] Deleted snapshot: Storage/Docker-SyncoidTest/DataSet With Spaces@SnapBeforeWatchTower-Date-2026-01-02_17_40_27
2026-01-09 14:30:47,362 - DEBUG - Running command: zfs destroy Storage/Docker-SyncoidTest/DataSet With Spaces@SnapBeforeWatchTower-Date-2026-01-02_17_08_17
2026-01-09 14:30:47,406 - INFO - [Storage/Docker-SyncoidTest/DataSet With Spaces] Deleted snapshot: Storage/Docker-SyncoidTest/DataSet With Spaces@SnapBeforeWatchTower-Date-2026-01-02_17_08_17
2026-01-09 14:30:47,406 - DEBUG - Running command: zfs destroy Storage/Docker-SyncoidTest/DataSet With Spaces@SnapBeforeWatchTower-Date-2026-01-02_16_54_56
2026-01-09 14:30:47,463 - INFO - [Storage/Docker-SyncoidTest/DataSet With Spaces] Deleted snapshot: Storage/Docker-SyncoidTest/DataSet With Spaces@SnapBeforeWatchTower-Date-2026-01-02_16_54_56
2026-01-09 14:30:47,463 - DEBUG - Running command: zfs destroy Storage/Docker-SyncoidTest/DataSet With Spaces@SnapBeforeWatchTower-Date-2026-01-02_16_53_42
2026-01-09 14:30:47,504 - INFO - [Storage/Docker-SyncoidTest/DataSet With Spaces] Deleted snapshot: Storage/Docker-SyncoidTest/DataSet With Spaces@SnapBeforeWatchTower-Date-2026-01-02_16_53_42
2026-01-09 14:30:47,505 - INFO - 

--------------------

2026-01-09 14:30:47,505 - INFO - Creating snapshot of: Storage/Docker-SyncoidTest/Ebooks
2026-01-09 14:30:47,505 - DEBUG - Full snapshot name: Storage/Docker-SyncoidTest/Ebooks@SnapBeforeWatchTower-Date-2026-01-09_14_30_47
2026-01-09 14:30:47,505 - DEBUG - Running command: zfs snapshot Storage/Docker-SyncoidTest/Ebooks@SnapBeforeWatchTower-Date-2026-01-09_14_30_47
2026-01-09 14:30:47,544 - DEBUG - Running command: zfs list -H -t snapshot -o name Storage/Docker-SyncoidTest/Ebooks
2026-01-09 14:30:47,564 - DEBUG - Command stdout:
Storage/Docker-SyncoidTest/Ebooks@syncoid_darkyere-VirtualBox_2023-09-09:15:34:56-GMT02:00
Storage/Docker-SyncoidTest/Ebooks@autosnap_2023-09-09_14:00:08_daily
Storage/Docker-SyncoidTest/Ebooks@autosnap_2023-09-21_17:34:38_daily
Storage/Docker-SyncoidTest/Ebooks@autosnap_2023-09-22_04:08:29_daily
Storage/Docker-SyncoidTest/Ebooks@autosnap_2023-10-28_16:26:08_daily
Storage/Docker-SyncoidTest/Ebooks@autosnap_2023-11-10_10:27:41_daily
Storage/Docker-SyncoidTest/Ebooks@autosnap_2023-11-16_09:59:04_daily
Storage/Docker-SyncoidTest/Ebooks@autosnap_2023-12-18_12:32:20_daily
Storage/Docker-SyncoidTest/Ebooks@autosnap_2023-12-21_08:50:18_daily
Storage/Docker-SyncoidTest/Ebooks@autosnap_2023-12-22_00:00:07_daily
Storage/Docker-SyncoidTest/Ebooks@autosnap_2023-12-22_05:00:33_hourly
Storage/Docker-SyncoidTest/Ebooks@autosnap_2023-12-22_06:00:04_hourly
Storage/Docker-SyncoidTest/Ebooks@autosnap_2023-12-22_07:00:16_hourly
Storage/Docker-SyncoidTest/Ebooks@autosnap_2023-12-22_08:00:10_hourly
Storage/Docker-SyncoidTest/Ebooks@autosnap_2024-01-01_07:54:56_daily
Storage/Docker-SyncoidTest/Ebooks@autosnap_2024-01-01_07:54:56_hourly
Storage/Docker-SyncoidTest/Ebooks@autosnap_2024-01-01_08:00:01_hourly
Storage/Docker-SyncoidTest/Ebooks@autosnap_2024-01-01_09:00:05_hourly
Storage/Docker-SyncoidTest/Ebooks@autosnap_2024-01-01_10:00:07_hourly
Storage/Docker-SyncoidTest/Ebooks@autosnap_2024-01-01_11:00:15_hourly
Storage/Docker-SyncoidTest/Ebooks@autosnap_2024-01-01_12:00:05_hourly
Storage/Docker-SyncoidTest/Ebooks@autosnap_2024-02-02_17:41:41_daily
Storage/Docker-SyncoidTest/Ebooks@autosnap_2024-02-02_17:41:41_hourly
Storage/Docker-SyncoidTest/Ebooks@autosnap_2024-02-02_18:00:20_hourly
Storage/Docker-SyncoidTest/Ebooks@autosnap_2024-02-02_19:00:20_hourly
Storage/Docker-SyncoidTest/Ebooks@autosnap_2024-02-02_20:00:23_hourly
Storage/Docker-SyncoidTest/Ebooks@autosnap_2024-02-02_21:00:07_hourly
Storage/Docker-SyncoidTest/Ebooks@autosnap_2024-02-02_22:00:17_hourly
Storage/Docker-SyncoidTest/Ebooks@autosnap_2024-02-02_23:00:08_hourly
Storage/Docker-SyncoidTest/Ebooks@autosnap_2024-02-03_00:00:11_daily
Storage/Docker-SyncoidTest/Ebooks@autosnap_2024-02-03_00:00:11_hourly
Storage/Docker-SyncoidTest/Ebooks@autosnap_2024-02-03_01:00:01_hourly
Storage/Docker-SyncoidTest/Ebooks@autosnap_2024-02-03_02:00:13_hourly
Storage/Docker-SyncoidTest/Ebooks@autosnap_2024-02-03_03:00:10_hourly
Storage/Docker-SyncoidTest/Ebooks@autosnap_2024-02-03_04:00:15_hourly
Storage/Docker-SyncoidTest/Ebooks@autosnap_2024-02-03_05:00:19_hourly
Storage/Docker-SyncoidTest/Ebooks@autosnap_2024-02-03_06:00:08_hourly
Storage/Docker-SyncoidTest/Ebooks@autosnap_2024-08-18_14:10:58_daily
Storage/Docker-SyncoidTest/Ebooks@autosnap_2024-08-18_14:10:58_hourly
Storage/Docker-SyncoidTest/Ebooks@autosnap_2024-10-04_15:50:26_daily
Storage/Docker-SyncoidTest/Ebooks@autosnap_2024-10-04_15:50:26_hourly
Storage/Docker-SyncoidTest/Ebooks@autosnap_2024-10-04_16:00:30_hourly
Storage/Docker-SyncoidTest/Ebooks@autosnap_2024-10-04_17:00:06_hourly
Storage/Docker-SyncoidTest/Ebooks@autosnap_2024-10-12_19:24:23_daily
Storage/Docker-SyncoidTest/Ebooks@autosnap_2024-10-12_19:24:23_hourly
Storage/Docker-SyncoidTest/Ebooks@autosnap_2025-01-06_18:54:18_daily
Storage/Docker-SyncoidTest/Ebooks@autosnap_2025-01-06_18:54:18_hourly
Storage/Docker-SyncoidTest/Ebooks@autosnap_2025-01-06_19:00:02_hourly
Storage/Docker-SyncoidTest/Ebooks@autosnap_2025-03-31_14:03:00_monthly
Storage/Docker-SyncoidTest/Ebooks@autosnap_2025-03-31_14:03:00_daily
Storage/Docker-SyncoidTest/Ebooks@autosnap_2025-03-31_14:03:00_hourly
Storage/Docker-SyncoidTest/Ebooks@autosnap_2025-04-28_19:04:37_monthly
Storage/Docker-SyncoidTest/Ebooks@autosnap_2025-04-28_19:04:37_daily
Storage/Docker-SyncoidTest/Ebooks@autosnap_2025-04-28_19:04:37_hourly
Storage/Docker-SyncoidTest/Ebooks@autosnap_2025-08-19_07:21:26_monthly
Storage/Docker-SyncoidTest/Ebooks@autosnap_2025-08-19_07:21:26_daily
Storage/Docker-SyncoidTest/Ebooks@autosnap_2025-08-19_07:21:26_hourly
Storage/Docker-SyncoidTest/Ebooks@autosnap_2025-11-05_05:01:15_monthly
Storage/Docker-SyncoidTest/Ebooks@autosnap_2025-11-05_05:01:15_daily
Storage/Docker-SyncoidTest/Ebooks@autosnap_2025-11-05_05:01:15_hourly
Storage/Docker-SyncoidTest/Ebooks@autosnap_2025-11-05_06:00:01_hourly
Storage/Docker-SyncoidTest/Ebooks@autosnap_2025-11-05_07:00:17_hourly
Storage/Docker-SyncoidTest/Ebooks@autosnap_2025-12-25_09:44:04_monthly
Storage/Docker-SyncoidTest/Ebooks@autosnap_2025-12-25_09:44:04_daily
Storage/Docker-SyncoidTest/Ebooks@autosnap_2025-12-25_09:44:04_hourly
Storage/Docker-SyncoidTest/Ebooks@autosnap_2025-12-25_10:00:02_hourly
Storage/Docker-SyncoidTest/Ebooks@autosnap_2026-01-02_13:52:40_monthly
Storage/Docker-SyncoidTest/Ebooks@autosnap_2026-01-02_13:52:40_daily
Storage/Docker-SyncoidTest/Ebooks@autosnap_2026-01-02_13:52:40_hourly
Storage/Docker-SyncoidTest/Ebooks@autosnap_2026-01-02_14:00:02_hourly
Storage/Docker-SyncoidTest/Ebooks@autosnap_2026-01-02_15:00:07_hourly
Storage/Docker-SyncoidTest/Ebooks@SnapBeforeWatchTower-Date-2026-01-02_16_53_42
Storage/Docker-SyncoidTest/Ebooks@SnapBeforeWatchTower-Date-2026-01-02_16_54_56
Storage/Docker-SyncoidTest/Ebooks@autosnap_2026-01-02_16:00:05_hourly
Storage/Docker-SyncoidTest/Ebooks@SnapBeforeWatchTower-Date-2026-01-02_17_08_17
Storage/Docker-SyncoidTest/Ebooks@SnapBeforeWatchTower-Date-2026-01-02_17_40_27
Storage/Docker-SyncoidTest/Ebooks@SnapBeforeWatchTower-Date-2026-01-02_17_47_47
Storage/Docker-SyncoidTest/Ebooks@autosnap_2026-01-02_17:00:01_hourly
Storage/Docker-SyncoidTest/Ebooks@SnapBeforeWatchTower-Date-2026-01-02_18_37_45
Storage/Docker-SyncoidTest/Ebooks@SnapBeforeWatchTower-Date-2026-01-02_18_45_24
Storage/Docker-SyncoidTest/Ebooks@SnapBeforeWatchTower-Date-2026-01-02_18_49_28
Storage/Docker-SyncoidTest/Ebooks@autosnap_2026-01-02_18:00:04_hourly
Storage/Docker-SyncoidTest/Ebooks@SnapBeforeWatchTower-Date-2026-01-02_19_37_12
Storage/Docker-SyncoidTest/Ebooks@SnapBeforeWatchTower-Date-2026-01-02_19_54_28
Storage/Docker-SyncoidTest/Ebooks@autosnap_2026-01-02_19:00:03_hourly
Storage/Docker-SyncoidTest/Ebooks@SnapBeforeWatchTower-Date-2026-01-02_20_03_07
Storage/Docker-SyncoidTest/Ebooks@SnapBeforeWatchTower-Date-2026-01-02_20_03_49
Storage/Docker-SyncoidTest/Ebooks@SnapBeforeWatchTower-Date-2026-01-02_20_04_20
Storage/Docker-SyncoidTest/Ebooks@autosnap_2026-01-09_12:50:04_daily
Storage/Docker-SyncoidTest/Ebooks@autosnap_2026-01-09_12:50:04_hourly
Storage/Docker-SyncoidTest/Ebooks@autosnap_2026-01-09_13:00:02_hourly
Storage/Docker-SyncoidTest/Ebooks@SnapBeforeWatchTower-Date-2026-01-09_14_30_47
2026-01-09 14:30:47,564 - INFO - [Storage/Docker-SyncoidTest/Ebooks] Found 14 matching snapshots (retain_count=3).
2026-01-09 14:30:47,564 - INFO - [Storage/Docker-SyncoidTest/Ebooks] Cutoff time: 2026-01-06 14:30:47  (older_than=3 days, 0:00:00)
2026-01-09 14:30:47,564 - INFO - [Storage/Docker-SyncoidTest/Ebooks] Will delete 11 snapshot(s).
2026-01-09 14:30:47,564 - DEBUG - Running command: zfs destroy Storage/Docker-SyncoidTest/Ebooks@SnapBeforeWatchTower-Date-2026-01-02_20_03_07
2026-01-09 14:30:47,599 - INFO - [Storage/Docker-SyncoidTest/Ebooks] Deleted snapshot: Storage/Docker-SyncoidTest/Ebooks@SnapBeforeWatchTower-Date-2026-01-02_20_03_07
2026-01-09 14:30:47,599 - DEBUG - Running command: zfs destroy Storage/Docker-SyncoidTest/Ebooks@SnapBeforeWatchTower-Date-2026-01-02_19_54_28
2026-01-09 14:30:47,646 - INFO - [Storage/Docker-SyncoidTest/Ebooks] Deleted snapshot: Storage/Docker-SyncoidTest/Ebooks@SnapBeforeWatchTower-Date-2026-01-02_19_54_28
2026-01-09 14:30:47,646 - DEBUG - Running command: zfs destroy Storage/Docker-SyncoidTest/Ebooks@SnapBeforeWatchTower-Date-2026-01-02_19_37_12
2026-01-09 14:30:47,691 - INFO - [Storage/Docker-SyncoidTest/Ebooks] Deleted snapshot: Storage/Docker-SyncoidTest/Ebooks@SnapBeforeWatchTower-Date-2026-01-02_19_37_12
2026-01-09 14:30:47,691 - DEBUG - Running command: zfs destroy Storage/Docker-SyncoidTest/Ebooks@SnapBeforeWatchTower-Date-2026-01-02_18_49_28
2026-01-09 14:30:47,739 - INFO - [Storage/Docker-SyncoidTest/Ebooks] Deleted snapshot: Storage/Docker-SyncoidTest/Ebooks@SnapBeforeWatchTower-Date-2026-01-02_18_49_28
2026-01-09 14:30:47,739 - DEBUG - Running command: zfs destroy Storage/Docker-SyncoidTest/Ebooks@SnapBeforeWatchTower-Date-2026-01-02_18_45_24
2026-01-09 14:30:47,805 - INFO - [Storage/Docker-SyncoidTest/Ebooks] Deleted snapshot: Storage/Docker-SyncoidTest/Ebooks@SnapBeforeWatchTower-Date-2026-01-02_18_45_24
2026-01-09 14:30:47,805 - DEBUG - Running command: zfs destroy Storage/Docker-SyncoidTest/Ebooks@SnapBeforeWatchTower-Date-2026-01-02_18_37_45
2026-01-09 14:30:47,850 - INFO - [Storage/Docker-SyncoidTest/Ebooks] Deleted snapshot: Storage/Docker-SyncoidTest/Ebooks@SnapBeforeWatchTower-Date-2026-01-02_18_37_45
2026-01-09 14:30:47,850 - DEBUG - Running command: zfs destroy Storage/Docker-SyncoidTest/Ebooks@SnapBeforeWatchTower-Date-2026-01-02_17_47_47
2026-01-09 14:30:47,896 - INFO - [Storage/Docker-SyncoidTest/Ebooks] Deleted snapshot: Storage/Docker-SyncoidTest/Ebooks@SnapBeforeWatchTower-Date-2026-01-02_17_47_47
2026-01-09 14:30:47,896 - DEBUG - Running command: zfs destroy Storage/Docker-SyncoidTest/Ebooks@SnapBeforeWatchTower-Date-2026-01-02_17_40_27
2026-01-09 14:30:47,940 - INFO - [Storage/Docker-SyncoidTest/Ebooks] Deleted snapshot: Storage/Docker-SyncoidTest/Ebooks@SnapBeforeWatchTower-Date-2026-01-02_17_40_27
2026-01-09 14:30:47,940 - DEBUG - Running command: zfs destroy Storage/Docker-SyncoidTest/Ebooks@SnapBeforeWatchTower-Date-2026-01-02_17_08_17
2026-01-09 14:30:47,989 - INFO - [Storage/Docker-SyncoidTest/Ebooks] Deleted snapshot: Storage/Docker-SyncoidTest/Ebooks@SnapBeforeWatchTower-Date-2026-01-02_17_08_17
2026-01-09 14:30:47,989 - DEBUG - Running command: zfs destroy Storage/Docker-SyncoidTest/Ebooks@SnapBeforeWatchTower-Date-2026-01-02_16_54_56
2026-01-09 14:30:48,055 - INFO - [Storage/Docker-SyncoidTest/Ebooks] Deleted snapshot: Storage/Docker-SyncoidTest/Ebooks@SnapBeforeWatchTower-Date-2026-01-02_16_54_56
2026-01-09 14:30:48,055 - DEBUG - Running command: zfs destroy Storage/Docker-SyncoidTest/Ebooks@SnapBeforeWatchTower-Date-2026-01-02_16_53_42
2026-01-09 14:30:48,097 - INFO - [Storage/Docker-SyncoidTest/Ebooks] Deleted snapshot: Storage/Docker-SyncoidTest/Ebooks@SnapBeforeWatchTower-Date-2026-01-02_16_53_42
2026-01-09 14:30:48,098 - INFO - 

--------------------

2026-01-09 14:30:48,098 - INFO - Creating snapshot of: Storage/Docker-SyncoidTest/Grafana
2026-01-09 14:30:48,098 - DEBUG - Full snapshot name: Storage/Docker-SyncoidTest/Grafana@SnapBeforeWatchTower-Date-2026-01-09_14_30_48
2026-01-09 14:30:48,098 - DEBUG - Running command: zfs snapshot Storage/Docker-SyncoidTest/Grafana@SnapBeforeWatchTower-Date-2026-01-09_14_30_48
2026-01-09 14:30:48,146 - DEBUG - Running command: zfs list -H -t snapshot -o name Storage/Docker-SyncoidTest/Grafana
2026-01-09 14:30:48,166 - DEBUG - Command stdout:
Storage/Docker-SyncoidTest/Grafana@autosnap_2022-05-25_05:16:31_daily
Storage/Docker-SyncoidTest/Grafana@autosnap_2022-05-29_05:08:46_daily
Storage/Docker-SyncoidTest/Grafana@autosnap_2022-06-05_06:43:26_daily
Storage/Docker-SyncoidTest/Grafana@autosnap_2022-06-06_06:25:59_daily
Storage/Docker-SyncoidTest/Grafana@autosnap_2022-06-21_05:23:58_daily
Storage/Docker-SyncoidTest/Grafana@autosnap_2022-06-24_08:29:20_daily
Storage/Docker-SyncoidTest/Grafana@autosnap_2022-07-05_07:15:22_daily
Storage/Docker-SyncoidTest/Grafana@autosnap_2022-07-06_05:36:19_daily
Storage/Docker-SyncoidTest/Grafana@autosnap_2023-02-11_18:05:03_daily
Storage/Docker-SyncoidTest/Grafana@autosnap_2023-02-21_06:40:03_daily
Storage/Docker-SyncoidTest/Grafana@autosnap_2023-02-26_07:26:57_daily
Storage/Docker-SyncoidTest/Grafana@autosnap_2023-02-27_05:27:06_daily
Storage/Docker-SyncoidTest/Grafana@autosnap_2023-03-05_05:54:11_daily
Storage/Docker-SyncoidTest/Grafana@autosnap_2023-03-23_11:18:32_daily
Storage/Docker-SyncoidTest/Grafana@autosnap_2023-03-24_09:39:33_daily
Storage/Docker-SyncoidTest/Grafana@autosnap_2023-03-25_05:22:54_daily
Storage/Docker-SyncoidTest/Grafana@autosnap_2023-05-17_11:57:43_daily
Storage/Docker-SyncoidTest/Grafana@autosnap_2023-05-25_06:15:40_daily
Storage/Docker-SyncoidTest/Grafana@autosnap_2023-05-27_06:20:27_daily
Storage/Docker-SyncoidTest/Grafana@autosnap_2023-05-28_03:31:40_daily
Storage/Docker-SyncoidTest/Grafana@autosnap_2023-05-29_19:16:50_daily
Storage/Docker-SyncoidTest/Grafana@autosnap_2023-05-31_07:36:03_daily
Storage/Docker-SyncoidTest/Grafana@autosnap_2023-06-02_04:23:56_daily
Storage/Docker-SyncoidTest/Grafana@autosnap_2023-06-04_02:58:57_daily
Storage/Docker-SyncoidTest/Grafana@autosnap_2023-06-05_05:20:25_daily
Storage/Docker-SyncoidTest/Grafana@autosnap_2023-06-06_06:49:16_daily
Storage/Docker-SyncoidTest/Grafana@autosnap_2023-06-07_04:06:33_daily
Storage/Docker-SyncoidTest/Grafana@autosnap_2023-06-09_09:58:19_daily
Storage/Docker-SyncoidTest/Grafana@autosnap_2023-06-11_04:31:12_daily
Storage/Docker-SyncoidTest/Grafana@autosnap_2023-08-19_16:57:56_daily
Storage/Docker-SyncoidTest/Grafana@autosnap_2023-08-22_08:12:23_daily
Storage/Docker-SyncoidTest/Grafana@autosnap_2023-08-23_09:58:06_daily
Storage/Docker-SyncoidTest/Grafana@autosnap_2023-08-24_10:10:38_daily
Storage/Docker-SyncoidTest/Grafana@autosnap_2023-08-27_19:10:29_daily
Storage/Docker-SyncoidTest/Grafana@autosnap_2023-08-28_15:41:39_daily
Storage/Docker-SyncoidTest/Grafana@autosnap_2023-08-29_06:02:07_daily
Storage/Docker-SyncoidTest/Grafana@autosnap_2023-08-31_04:30:24_daily
Storage/Docker-SyncoidTest/Grafana@autosnap_2023-09-02_12:04:27_daily
Storage/Docker-SyncoidTest/Grafana@autosnap_2023-09-07_18:23:42_daily
Storage/Docker-SyncoidTest/Grafana@autosnap_2023-09-08_08:33:16_daily
Storage/Docker-SyncoidTest/Grafana@autosnap_2023-09-09_12:02:17_daily
Storage/Docker-SyncoidTest/Grafana@syncoid_darkyere-VirtualBox_2023-09-09:15:35:06-GMT02:00
Storage/Docker-SyncoidTest/Grafana@autosnap_2023-09-21_17:34:39_daily
Storage/Docker-SyncoidTest/Grafana@autosnap_2023-09-22_04:08:32_daily
Storage/Docker-SyncoidTest/Grafana@autosnap_2023-10-28_16:26:11_daily
Storage/Docker-SyncoidTest/Grafana@autosnap_2023-11-10_10:27:41_daily
Storage/Docker-SyncoidTest/Grafana@autosnap_2023-11-16_09:59:05_daily
Storage/Docker-SyncoidTest/Grafana@autosnap_2023-12-18_12:32:22_daily
Storage/Docker-SyncoidTest/Grafana@autosnap_2023-12-21_08:50:18_daily
Storage/Docker-SyncoidTest/Grafana@autosnap_2023-12-22_00:00:05_daily
Storage/Docker-SyncoidTest/Grafana@autosnap_2023-12-22_05:00:33_hourly
Storage/Docker-SyncoidTest/Grafana@autosnap_2023-12-22_06:00:03_hourly
Storage/Docker-SyncoidTest/Grafana@autosnap_2023-12-22_07:00:16_hourly
Storage/Docker-SyncoidTest/Grafana@autosnap_2023-12-22_08:00:11_hourly
Storage/Docker-SyncoidTest/Grafana@autosnap_2024-01-01_07:54:49_daily
Storage/Docker-SyncoidTest/Grafana@autosnap_2024-01-01_07:54:49_hourly
Storage/Docker-SyncoidTest/Grafana@autosnap_2024-01-01_08:00:02_hourly
Storage/Docker-SyncoidTest/Grafana@autosnap_2024-01-01_09:00:04_hourly
Storage/Docker-SyncoidTest/Grafana@autosnap_2024-01-01_10:00:07_hourly
Storage/Docker-SyncoidTest/Grafana@autosnap_2024-01-01_11:00:16_hourly
Storage/Docker-SyncoidTest/Grafana@autosnap_2024-01-01_12:00:05_hourly
Storage/Docker-SyncoidTest/Grafana@autosnap_2024-02-02_17:41:43_daily
Storage/Docker-SyncoidTest/Grafana@autosnap_2024-02-02_17:41:43_hourly
Storage/Docker-SyncoidTest/Grafana@autosnap_2024-02-02_18:00:20_hourly
Storage/Docker-SyncoidTest/Grafana@autosnap_2024-02-02_19:00:22_hourly
Storage/Docker-SyncoidTest/Grafana@autosnap_2024-02-02_20:00:22_hourly
Storage/Docker-SyncoidTest/Grafana@autosnap_2024-02-02_21:00:07_hourly
Storage/Docker-SyncoidTest/Grafana@autosnap_2024-02-02_22:00:18_hourly
Storage/Docker-SyncoidTest/Grafana@autosnap_2024-02-02_23:00:07_hourly
Storage/Docker-SyncoidTest/Grafana@autosnap_2024-02-03_00:00:10_daily
Storage/Docker-SyncoidTest/Grafana@autosnap_2024-02-03_00:00:10_hourly
Storage/Docker-SyncoidTest/Grafana@autosnap_2024-02-03_01:00:02_hourly
Storage/Docker-SyncoidTest/Grafana@autosnap_2024-02-03_02:00:13_hourly
Storage/Docker-SyncoidTest/Grafana@autosnap_2024-02-03_03:00:10_hourly
Storage/Docker-SyncoidTest/Grafana@autosnap_2024-02-03_04:00:15_hourly
Storage/Docker-SyncoidTest/Grafana@autosnap_2024-02-03_05:00:20_hourly
Storage/Docker-SyncoidTest/Grafana@autosnap_2024-02-03_06:00:08_hourly
Storage/Docker-SyncoidTest/Grafana@autosnap_2024-08-18_14:10:58_daily
Storage/Docker-SyncoidTest/Grafana@autosnap_2024-08-18_14:10:58_hourly
Storage/Docker-SyncoidTest/Grafana@autosnap_2024-10-04_15:50:22_daily
Storage/Docker-SyncoidTest/Grafana@autosnap_2024-10-04_15:50:22_hourly
Storage/Docker-SyncoidTest/Grafana@autosnap_2024-10-04_16:00:31_hourly
Storage/Docker-SyncoidTest/Grafana@autosnap_2024-10-04_17:00:06_hourly
Storage/Docker-SyncoidTest/Grafana@autosnap_2024-10-12_19:24:22_daily
Storage/Docker-SyncoidTest/Grafana@autosnap_2024-10-12_19:24:22_hourly
Storage/Docker-SyncoidTest/Grafana@autosnap_2025-01-06_18:54:16_daily
Storage/Docker-SyncoidTest/Grafana@autosnap_2025-01-06_18:54:16_hourly
Storage/Docker-SyncoidTest/Grafana@autosnap_2025-01-06_19:00:01_hourly
Storage/Docker-SyncoidTest/Grafana@autosnap_2025-03-31_14:02:57_monthly
Storage/Docker-SyncoidTest/Grafana@autosnap_2025-03-31_14:02:57_daily
Storage/Docker-SyncoidTest/Grafana@autosnap_2025-03-31_14:02:57_hourly
Storage/Docker-SyncoidTest/Grafana@autosnap_2025-04-28_19:04:37_monthly
Storage/Docker-SyncoidTest/Grafana@autosnap_2025-04-28_19:04:37_daily
Storage/Docker-SyncoidTest/Grafana@autosnap_2025-04-28_19:04:37_hourly
Storage/Docker-SyncoidTest/Grafana@autosnap_2025-08-19_07:21:28_monthly
Storage/Docker-SyncoidTest/Grafana@autosnap_2025-08-19_07:21:28_daily
Storage/Docker-SyncoidTest/Grafana@autosnap_2025-08-19_07:21:28_hourly
Storage/Docker-SyncoidTest/Grafana@autosnap_2025-11-05_05:01:13_monthly
Storage/Docker-SyncoidTest/Grafana@autosnap_2025-11-05_05:01:13_daily
Storage/Docker-SyncoidTest/Grafana@autosnap_2025-11-05_05:01:13_hourly
Storage/Docker-SyncoidTest/Grafana@autosnap_2025-11-05_06:00:02_hourly
Storage/Docker-SyncoidTest/Grafana@autosnap_2025-11-05_07:00:17_hourly
Storage/Docker-SyncoidTest/Grafana@autosnap_2025-12-25_09:43:36_monthly
Storage/Docker-SyncoidTest/Grafana@autosnap_2025-12-25_09:43:36_daily
Storage/Docker-SyncoidTest/Grafana@autosnap_2025-12-25_09:43:36_hourly
Storage/Docker-SyncoidTest/Grafana@autosnap_2025-12-25_10:00:02_hourly
Storage/Docker-SyncoidTest/Grafana@autosnap_2026-01-02_13:52:37_monthly
Storage/Docker-SyncoidTest/Grafana@autosnap_2026-01-02_13:52:37_daily
Storage/Docker-SyncoidTest/Grafana@autosnap_2026-01-02_13:52:37_hourly
Storage/Docker-SyncoidTest/Grafana@autosnap_2026-01-02_14:00:03_hourly
Storage/Docker-SyncoidTest/Grafana@autosnap_2026-01-02_15:00:06_hourly
Storage/Docker-SyncoidTest/Grafana@SnapBeforeWatchTower-Date-2026-01-02_16_53_42
Storage/Docker-SyncoidTest/Grafana@SnapBeforeWatchTower-Date-2026-01-02_16_54_56
Storage/Docker-SyncoidTest/Grafana@autosnap_2026-01-02_16:00:03_hourly
Storage/Docker-SyncoidTest/Grafana@SnapBeforeWatchTower-Date-2026-01-02_17_08_18
Storage/Docker-SyncoidTest/Grafana@SnapBeforeWatchTower-Date-2026-01-02_17_40_27
Storage/Docker-SyncoidTest/Grafana@SnapBeforeWatchTower-Date-2026-01-02_17_47_47
Storage/Docker-SyncoidTest/Grafana@autosnap_2026-01-02_17:00:01_hourly
Storage/Docker-SyncoidTest/Grafana@SnapBeforeWatchTower-Date-2026-01-02_18_37_45
Storage/Docker-SyncoidTest/Grafana@SnapBeforeWatchTower-Date-2026-01-02_18_45_24
Storage/Docker-SyncoidTest/Grafana@SnapBeforeWatchTower-Date-2026-01-02_18_49_29
Storage/Docker-SyncoidTest/Grafana@autosnap_2026-01-02_18:00:04_hourly
Storage/Docker-SyncoidTest/Grafana@SnapBeforeWatchTower-Date-2026-01-02_19_37_12
Storage/Docker-SyncoidTest/Grafana@SnapBeforeWatchTower-Date-2026-01-02_19_54_28
Storage/Docker-SyncoidTest/Grafana@autosnap_2026-01-02_19:00:04_hourly
Storage/Docker-SyncoidTest/Grafana@SnapBeforeWatchTower-Date-2026-01-02_20_03_07
Storage/Docker-SyncoidTest/Grafana@SnapBeforeWatchTower-Date-2026-01-02_20_03_49
Storage/Docker-SyncoidTest/Grafana@SnapBeforeWatchTower-Date-2026-01-02_20_04_20
Storage/Docker-SyncoidTest/Grafana@autosnap_2026-01-09_12:50:14_daily
Storage/Docker-SyncoidTest/Grafana@autosnap_2026-01-09_12:50:14_hourly
Storage/Docker-SyncoidTest/Grafana@autosnap_2026-01-09_13:00:02_hourly
Storage/Docker-SyncoidTest/Grafana@SnapBeforeWatchTower-Date-2026-01-09_14_30_48
2026-01-09 14:30:48,167 - INFO - [Storage/Docker-SyncoidTest/Grafana] Found 14 matching snapshots (retain_count=3).
2026-01-09 14:30:48,167 - INFO - [Storage/Docker-SyncoidTest/Grafana] Cutoff time: 2026-01-06 14:30:48  (older_than=3 days, 0:00:00)
2026-01-09 14:30:48,168 - INFO - [Storage/Docker-SyncoidTest/Grafana] Will delete 11 snapshot(s).
2026-01-09 14:30:48,168 - DEBUG - Running command: zfs destroy Storage/Docker-SyncoidTest/Grafana@SnapBeforeWatchTower-Date-2026-01-02_20_03_07
2026-01-09 14:30:48,209 - INFO - [Storage/Docker-SyncoidTest/Grafana] Deleted snapshot: Storage/Docker-SyncoidTest/Grafana@SnapBeforeWatchTower-Date-2026-01-02_20_03_07
2026-01-09 14:30:48,210 - DEBUG - Running command: zfs destroy Storage/Docker-SyncoidTest/Grafana@SnapBeforeWatchTower-Date-2026-01-02_19_54_28
2026-01-09 14:30:48,261 - INFO - [Storage/Docker-SyncoidTest/Grafana] Deleted snapshot: Storage/Docker-SyncoidTest/Grafana@SnapBeforeWatchTower-Date-2026-01-02_19_54_28
2026-01-09 14:30:48,262 - DEBUG - Running command: zfs destroy Storage/Docker-SyncoidTest/Grafana@SnapBeforeWatchTower-Date-2026-01-02_19_37_12
2026-01-09 14:30:48,316 - INFO - [Storage/Docker-SyncoidTest/Grafana] Deleted snapshot: Storage/Docker-SyncoidTest/Grafana@SnapBeforeWatchTower-Date-2026-01-02_19_37_12
2026-01-09 14:30:48,317 - DEBUG - Running command: zfs destroy Storage/Docker-SyncoidTest/Grafana@SnapBeforeWatchTower-Date-2026-01-02_18_49_29
2026-01-09 14:30:48,370 - INFO - [Storage/Docker-SyncoidTest/Grafana] Deleted snapshot: Storage/Docker-SyncoidTest/Grafana@SnapBeforeWatchTower-Date-2026-01-02_18_49_29
2026-01-09 14:30:48,371 - DEBUG - Running command: zfs destroy Storage/Docker-SyncoidTest/Grafana@SnapBeforeWatchTower-Date-2026-01-02_18_45_24
2026-01-09 14:30:48,407 - INFO - [Storage/Docker-SyncoidTest/Grafana] Deleted snapshot: Storage/Docker-SyncoidTest/Grafana@SnapBeforeWatchTower-Date-2026-01-02_18_45_24
2026-01-09 14:30:48,409 - DEBUG - Running command: zfs destroy Storage/Docker-SyncoidTest/Grafana@SnapBeforeWatchTower-Date-2026-01-02_18_37_45
2026-01-09 14:30:48,453 - INFO - [Storage/Docker-SyncoidTest/Grafana] Deleted snapshot: Storage/Docker-SyncoidTest/Grafana@SnapBeforeWatchTower-Date-2026-01-02_18_37_45
2026-01-09 14:30:48,454 - DEBUG - Running command: zfs destroy Storage/Docker-SyncoidTest/Grafana@SnapBeforeWatchTower-Date-2026-01-02_17_47_47
2026-01-09 14:30:48,500 - INFO - [Storage/Docker-SyncoidTest/Grafana] Deleted snapshot: Storage/Docker-SyncoidTest/Grafana@SnapBeforeWatchTower-Date-2026-01-02_17_47_47
2026-01-09 14:30:48,500 - DEBUG - Running command: zfs destroy Storage/Docker-SyncoidTest/Grafana@SnapBeforeWatchTower-Date-2026-01-02_17_40_27
2026-01-09 14:30:48,542 - INFO - [Storage/Docker-SyncoidTest/Grafana] Deleted snapshot: Storage/Docker-SyncoidTest/Grafana@SnapBeforeWatchTower-Date-2026-01-02_17_40_27
2026-01-09 14:30:48,543 - DEBUG - Running command: zfs destroy Storage/Docker-SyncoidTest/Grafana@SnapBeforeWatchTower-Date-2026-01-02_17_08_18
2026-01-09 14:30:48,613 - INFO - [Storage/Docker-SyncoidTest/Grafana] Deleted snapshot: Storage/Docker-SyncoidTest/Grafana@SnapBeforeWatchTower-Date-2026-01-02_17_08_18
2026-01-09 14:30:48,613 - DEBUG - Running command: zfs destroy Storage/Docker-SyncoidTest/Grafana@SnapBeforeWatchTower-Date-2026-01-02_16_54_56
2026-01-09 14:30:48,664 - INFO - [Storage/Docker-SyncoidTest/Grafana] Deleted snapshot: Storage/Docker-SyncoidTest/Grafana@SnapBeforeWatchTower-Date-2026-01-02_16_54_56
2026-01-09 14:30:48,664 - DEBUG - Running command: zfs destroy Storage/Docker-SyncoidTest/Grafana@SnapBeforeWatchTower-Date-2026-01-02_16_53_42
2026-01-09 14:30:48,712 - INFO - [Storage/Docker-SyncoidTest/Grafana] Deleted snapshot: Storage/Docker-SyncoidTest/Grafana@SnapBeforeWatchTower-Date-2026-01-02_16_53_42
2026-01-09 14:30:48,713 - INFO - 

--------------------

2026-01-09 14:30:48,713 - INFO - Creating snapshot of: Storage/Docker-SyncoidTest/Heimdall
2026-01-09 14:30:48,713 - DEBUG - Full snapshot name: Storage/Docker-SyncoidTest/Heimdall@SnapBeforeWatchTower-Date-2026-01-09_14_30_48
2026-01-09 14:30:48,713 - DEBUG - Running command: zfs snapshot Storage/Docker-SyncoidTest/Heimdall@SnapBeforeWatchTower-Date-2026-01-09_14_30_48
2026-01-09 14:30:48,750 - DEBUG - Running command: zfs list -H -t snapshot -o name Storage/Docker-SyncoidTest/Heimdall
2026-01-09 14:30:48,785 - DEBUG - Command stdout:
Storage/Docker-SyncoidTest/Heimdall@autosnap_2022-05-25_05:16:37_daily
Storage/Docker-SyncoidTest/Heimdall@autosnap_2022-05-29_05:08:35_daily
Storage/Docker-SyncoidTest/Heimdall@autosnap_2022-06-05_06:43:39_daily
Storage/Docker-SyncoidTest/Heimdall@autosnap_2022-06-06_06:25:40_daily
Storage/Docker-SyncoidTest/Heimdall@autosnap_2022-06-21_05:23:48_daily
Storage/Docker-SyncoidTest/Heimdall@autosnap_2022-06-24_08:29:37_daily
Storage/Docker-SyncoidTest/Heimdall@autosnap_2022-07-05_07:15:04_daily
Storage/Docker-SyncoidTest/Heimdall@autosnap_2022-07-06_05:36:36_daily
Storage/Docker-SyncoidTest/Heimdall@autosnap_2023-02-11_18:04:53_daily
Storage/Docker-SyncoidTest/Heimdall@autosnap_2023-02-21_06:39:03_daily
Storage/Docker-SyncoidTest/Heimdall@autosnap_2023-02-26_07:27:19_daily
Storage/Docker-SyncoidTest/Heimdall@autosnap_2023-02-27_05:26:59_daily
Storage/Docker-SyncoidTest/Heimdall@autosnap_2023-03-05_05:55:22_daily
Storage/Docker-SyncoidTest/Heimdall@autosnap_2023-03-23_11:17:59_daily
Storage/Docker-SyncoidTest/Heimdall@autosnap_2023-03-24_09:39:16_daily
Storage/Docker-SyncoidTest/Heimdall@autosnap_2023-03-25_05:23:19_daily
Storage/Docker-SyncoidTest/Heimdall@autosnap_2023-05-17_11:57:45_daily
Storage/Docker-SyncoidTest/Heimdall@autosnap_2023-05-25_06:15:42_daily
Storage/Docker-SyncoidTest/Heimdall@autosnap_2023-05-27_06:20:26_daily
Storage/Docker-SyncoidTest/Heimdall@autosnap_2023-05-28_03:31:40_daily
Storage/Docker-SyncoidTest/Heimdall@autosnap_2023-05-29_19:16:50_daily
Storage/Docker-SyncoidTest/Heimdall@autosnap_2023-05-31_07:36:05_daily
Storage/Docker-SyncoidTest/Heimdall@autosnap_2023-06-02_04:23:55_daily
Storage/Docker-SyncoidTest/Heimdall@autosnap_2023-06-04_02:58:58_daily
Storage/Docker-SyncoidTest/Heimdall@autosnap_2023-06-05_05:20:24_daily
Storage/Docker-SyncoidTest/Heimdall@autosnap_2023-06-06_06:49:13_daily
Storage/Docker-SyncoidTest/Heimdall@autosnap_2023-06-07_04:06:31_daily
Storage/Docker-SyncoidTest/Heimdall@autosnap_2023-06-09_09:58:19_daily
Storage/Docker-SyncoidTest/Heimdall@autosnap_2023-06-11_04:31:12_daily
Storage/Docker-SyncoidTest/Heimdall@autosnap_2023-08-19_16:57:57_daily
Storage/Docker-SyncoidTest/Heimdall@autosnap_2023-08-22_08:12:23_daily
Storage/Docker-SyncoidTest/Heimdall@autosnap_2023-08-23_09:58:07_daily
Storage/Docker-SyncoidTest/Heimdall@autosnap_2023-08-24_10:10:39_daily
Storage/Docker-SyncoidTest/Heimdall@autosnap_2023-08-27_19:10:30_daily
Storage/Docker-SyncoidTest/Heimdall@autosnap_2023-08-28_15:41:40_daily
Storage/Docker-SyncoidTest/Heimdall@autosnap_2023-08-29_06:02:08_daily
Storage/Docker-SyncoidTest/Heimdall@autosnap_2023-08-31_04:30:23_daily
Storage/Docker-SyncoidTest/Heimdall@autosnap_2023-09-02_12:04:25_daily
Storage/Docker-SyncoidTest/Heimdall@autosnap_2023-09-07_18:23:41_daily
Storage/Docker-SyncoidTest/Heimdall@autosnap_2023-09-08_08:33:17_daily
Storage/Docker-SyncoidTest/Heimdall@autosnap_2023-09-09_12:02:16_daily
Storage/Docker-SyncoidTest/Heimdall@syncoid_darkyere-VirtualBox_2023-09-09:15:35:26-GMT02:00
Storage/Docker-SyncoidTest/Heimdall@autosnap_2023-09-21_17:34:37_daily
Storage/Docker-SyncoidTest/Heimdall@autosnap_2023-09-22_04:08:29_daily
Storage/Docker-SyncoidTest/Heimdall@autosnap_2023-10-28_16:26:07_daily
Storage/Docker-SyncoidTest/Heimdall@autosnap_2023-11-10_10:27:44_daily
Storage/Docker-SyncoidTest/Heimdall@autosnap_2023-11-16_09:59:03_daily
Storage/Docker-SyncoidTest/Heimdall@autosnap_2023-12-18_12:32:17_daily
Storage/Docker-SyncoidTest/Heimdall@autosnap_2023-12-21_08:50:19_daily
Storage/Docker-SyncoidTest/Heimdall@autosnap_2023-12-22_00:00:05_daily
Storage/Docker-SyncoidTest/Heimdall@autosnap_2023-12-22_05:00:33_hourly
Storage/Docker-SyncoidTest/Heimdall@autosnap_2023-12-22_06:00:03_hourly
Storage/Docker-SyncoidTest/Heimdall@autosnap_2023-12-22_07:00:17_hourly
Storage/Docker-SyncoidTest/Heimdall@autosnap_2023-12-22_08:00:10_hourly
Storage/Docker-SyncoidTest/Heimdall@autosnap_2024-01-01_07:54:57_daily
Storage/Docker-SyncoidTest/Heimdall@autosnap_2024-01-01_07:54:57_hourly
Storage/Docker-SyncoidTest/Heimdall@autosnap_2024-01-01_08:00:01_hourly
Storage/Docker-SyncoidTest/Heimdall@autosnap_2024-01-01_09:00:04_hourly
Storage/Docker-SyncoidTest/Heimdall@autosnap_2024-01-01_10:00:08_hourly
Storage/Docker-SyncoidTest/Heimdall@autosnap_2024-01-01_11:00:15_hourly
Storage/Docker-SyncoidTest/Heimdall@autosnap_2024-01-01_12:00:05_hourly
Storage/Docker-SyncoidTest/Heimdall@autosnap_2024-02-02_17:41:42_daily
Storage/Docker-SyncoidTest/Heimdall@autosnap_2024-02-02_17:41:42_hourly
Storage/Docker-SyncoidTest/Heimdall@autosnap_2024-02-02_18:00:20_hourly
Storage/Docker-SyncoidTest/Heimdall@autosnap_2024-02-02_19:00:21_hourly
Storage/Docker-SyncoidTest/Heimdall@autosnap_2024-02-02_20:00:23_hourly
Storage/Docker-SyncoidTest/Heimdall@autosnap_2024-02-02_21:00:08_hourly
Storage/Docker-SyncoidTest/Heimdall@autosnap_2024-02-02_22:00:17_hourly
Storage/Docker-SyncoidTest/Heimdall@autosnap_2024-02-02_23:00:07_hourly
Storage/Docker-SyncoidTest/Heimdall@autosnap_2024-02-03_00:00:10_daily
Storage/Docker-SyncoidTest/Heimdall@autosnap_2024-02-03_00:00:10_hourly
Storage/Docker-SyncoidTest/Heimdall@autosnap_2024-02-03_01:00:02_hourly
Storage/Docker-SyncoidTest/Heimdall@autosnap_2024-02-03_02:00:13_hourly
Storage/Docker-SyncoidTest/Heimdall@autosnap_2024-02-03_03:00:10_hourly
Storage/Docker-SyncoidTest/Heimdall@autosnap_2024-02-03_04:00:15_hourly
Storage/Docker-SyncoidTest/Heimdall@autosnap_2024-02-03_05:00:20_hourly
Storage/Docker-SyncoidTest/Heimdall@autosnap_2024-02-03_06:00:08_hourly
Storage/Docker-SyncoidTest/Heimdall@autosnap_2024-08-18_14:10:58_daily
Storage/Docker-SyncoidTest/Heimdall@autosnap_2024-08-18_14:10:58_hourly
Storage/Docker-SyncoidTest/Heimdall@autosnap_2024-10-04_15:50:24_daily
Storage/Docker-SyncoidTest/Heimdall@autosnap_2024-10-04_15:50:24_hourly
Storage/Docker-SyncoidTest/Heimdall@autosnap_2024-10-04_16:00:30_hourly
Storage/Docker-SyncoidTest/Heimdall@autosnap_2024-10-04_17:00:06_hourly
Storage/Docker-SyncoidTest/Heimdall@autosnap_2024-10-12_19:24:25_daily
Storage/Docker-SyncoidTest/Heimdall@autosnap_2024-10-12_19:24:25_hourly
Storage/Docker-SyncoidTest/Heimdall@autosnap_2025-01-06_18:54:17_daily
Storage/Docker-SyncoidTest/Heimdall@autosnap_2025-01-06_18:54:17_hourly
Storage/Docker-SyncoidTest/Heimdall@autosnap_2025-01-06_19:00:02_hourly
Storage/Docker-SyncoidTest/Heimdall@autosnap_2025-03-31_14:02:59_monthly
Storage/Docker-SyncoidTest/Heimdall@autosnap_2025-03-31_14:02:59_daily
Storage/Docker-SyncoidTest/Heimdall@autosnap_2025-03-31_14:02:59_hourly
Storage/Docker-SyncoidTest/Heimdall@autosnap_2025-04-28_19:04:40_monthly
Storage/Docker-SyncoidTest/Heimdall@autosnap_2025-04-28_19:04:40_daily
Storage/Docker-SyncoidTest/Heimdall@autosnap_2025-04-28_19:04:40_hourly
Storage/Docker-SyncoidTest/Heimdall@autosnap_2025-08-19_07:21:26_monthly
Storage/Docker-SyncoidTest/Heimdall@autosnap_2025-08-19_07:21:26_daily
Storage/Docker-SyncoidTest/Heimdall@autosnap_2025-08-19_07:21:26_hourly
Storage/Docker-SyncoidTest/Heimdall@autosnap_2025-11-05_05:01:14_monthly
Storage/Docker-SyncoidTest/Heimdall@autosnap_2025-11-05_05:01:14_daily
Storage/Docker-SyncoidTest/Heimdall@autosnap_2025-11-05_05:01:14_hourly
Storage/Docker-SyncoidTest/Heimdall@autosnap_2025-11-05_06:00:00_hourly
Storage/Docker-SyncoidTest/Heimdall@autosnap_2025-11-05_07:00:17_hourly
Storage/Docker-SyncoidTest/Heimdall@autosnap_2025-12-25_09:44:02_monthly
Storage/Docker-SyncoidTest/Heimdall@autosnap_2025-12-25_09:44:02_daily
Storage/Docker-SyncoidTest/Heimdall@autosnap_2025-12-25_09:44:02_hourly
Storage/Docker-SyncoidTest/Heimdall@autosnap_2025-12-25_10:00:02_hourly
Storage/Docker-SyncoidTest/Heimdall@autosnap_2026-01-02_13:52:42_monthly
Storage/Docker-SyncoidTest/Heimdall@autosnap_2026-01-02_13:52:42_daily
Storage/Docker-SyncoidTest/Heimdall@autosnap_2026-01-02_13:52:42_hourly
Storage/Docker-SyncoidTest/Heimdall@autosnap_2026-01-02_14:00:03_hourly
Storage/Docker-SyncoidTest/Heimdall@autosnap_2026-01-02_15:00:07_hourly
Storage/Docker-SyncoidTest/Heimdall@SnapBeforeWatchTower-Date-2026-01-02_16_53_42
Storage/Docker-SyncoidTest/Heimdall@SnapBeforeWatchTower-Date-2026-01-02_16_54_56
Storage/Docker-SyncoidTest/Heimdall@autosnap_2026-01-02_16:00:04_hourly
Storage/Docker-SyncoidTest/Heimdall@SnapBeforeWatchTower-Date-2026-01-02_17_08_18
Storage/Docker-SyncoidTest/Heimdall@SnapBeforeWatchTower-Date-2026-01-02_17_40_27
Storage/Docker-SyncoidTest/Heimdall@SnapBeforeWatchTower-Date-2026-01-02_17_47_47
Storage/Docker-SyncoidTest/Heimdall@autosnap_2026-01-02_17:00:01_hourly
Storage/Docker-SyncoidTest/Heimdall@SnapBeforeWatchTower-Date-2026-01-02_18_37_45
Storage/Docker-SyncoidTest/Heimdall@SnapBeforeWatchTower-Date-2026-01-02_18_45_24
Storage/Docker-SyncoidTest/Heimdall@SnapBeforeWatchTower-Date-2026-01-02_18_49_29
Storage/Docker-SyncoidTest/Heimdall@autosnap_2026-01-02_18:00:04_hourly
Storage/Docker-SyncoidTest/Heimdall@SnapBeforeWatchTower-Date-2026-01-02_19_37_12
Storage/Docker-SyncoidTest/Heimdall@SnapBeforeWatchTower-Date-2026-01-02_19_54_28
Storage/Docker-SyncoidTest/Heimdall@autosnap_2026-01-02_19:00:04_hourly
Storage/Docker-SyncoidTest/Heimdall@SnapBeforeWatchTower-Date-2026-01-02_20_03_07
Storage/Docker-SyncoidTest/Heimdall@SnapBeforeWatchTower-Date-2026-01-02_20_03_49
Storage/Docker-SyncoidTest/Heimdall@SnapBeforeWatchTower-Date-2026-01-02_20_04_20
Storage/Docker-SyncoidTest/Heimdall@autosnap_2026-01-09_12:50:14_daily
Storage/Docker-SyncoidTest/Heimdall@autosnap_2026-01-09_12:50:14_hourly
Storage/Docker-SyncoidTest/Heimdall@autosnap_2026-01-09_13:00:01_hourly
Storage/Docker-SyncoidTest/Heimdall@SnapBeforeWatchTower-Date-2026-01-09_14_30_48
2026-01-09 14:30:48,786 - INFO - [Storage/Docker-SyncoidTest/Heimdall] Found 14 matching snapshots (retain_count=3).
2026-01-09 14:30:48,786 - INFO - [Storage/Docker-SyncoidTest/Heimdall] Cutoff time: 2026-01-06 14:30:48  (older_than=3 days, 0:00:00)
2026-01-09 14:30:48,786 - INFO - [Storage/Docker-SyncoidTest/Heimdall] Will delete 11 snapshot(s).
2026-01-09 14:30:48,786 - DEBUG - Running command: zfs destroy Storage/Docker-SyncoidTest/Heimdall@SnapBeforeWatchTower-Date-2026-01-02_20_03_07
2026-01-09 14:30:48,839 - INFO - [Storage/Docker-SyncoidTest/Heimdall] Deleted snapshot: Storage/Docker-SyncoidTest/Heimdall@SnapBeforeWatchTower-Date-2026-01-02_20_03_07
2026-01-09 14:30:48,840 - DEBUG - Running command: zfs destroy Storage/Docker-SyncoidTest/Heimdall@SnapBeforeWatchTower-Date-2026-01-02_19_54_28
2026-01-09 14:30:48,879 - INFO - [Storage/Docker-SyncoidTest/Heimdall] Deleted snapshot: Storage/Docker-SyncoidTest/Heimdall@SnapBeforeWatchTower-Date-2026-01-02_19_54_28
2026-01-09 14:30:48,879 - DEBUG - Running command: zfs destroy Storage/Docker-SyncoidTest/Heimdall@SnapBeforeWatchTower-Date-2026-01-02_19_37_12
2026-01-09 14:30:48,927 - INFO - [Storage/Docker-SyncoidTest/Heimdall] Deleted snapshot: Storage/Docker-SyncoidTest/Heimdall@SnapBeforeWatchTower-Date-2026-01-02_19_37_12
2026-01-09 14:30:48,927 - DEBUG - Running command: zfs destroy Storage/Docker-SyncoidTest/Heimdall@SnapBeforeWatchTower-Date-2026-01-02_18_49_29
2026-01-09 14:30:48,981 - INFO - [Storage/Docker-SyncoidTest/Heimdall] Deleted snapshot: Storage/Docker-SyncoidTest/Heimdall@SnapBeforeWatchTower-Date-2026-01-02_18_49_29
2026-01-09 14:30:48,981 - DEBUG - Running command: zfs destroy Storage/Docker-SyncoidTest/Heimdall@SnapBeforeWatchTower-Date-2026-01-02_18_45_24
2026-01-09 14:30:49,023 - INFO - [Storage/Docker-SyncoidTest/Heimdall] Deleted snapshot: Storage/Docker-SyncoidTest/Heimdall@SnapBeforeWatchTower-Date-2026-01-02_18_45_24
2026-01-09 14:30:49,024 - DEBUG - Running command: zfs destroy Storage/Docker-SyncoidTest/Heimdall@SnapBeforeWatchTower-Date-2026-01-02_18_37_45
2026-01-09 14:30:49,070 - INFO - [Storage/Docker-SyncoidTest/Heimdall] Deleted snapshot: Storage/Docker-SyncoidTest/Heimdall@SnapBeforeWatchTower-Date-2026-01-02_18_37_45
2026-01-09 14:30:49,072 - DEBUG - Running command: zfs destroy Storage/Docker-SyncoidTest/Heimdall@SnapBeforeWatchTower-Date-2026-01-02_17_47_47
2026-01-09 14:30:49,122 - INFO - [Storage/Docker-SyncoidTest/Heimdall] Deleted snapshot: Storage/Docker-SyncoidTest/Heimdall@SnapBeforeWatchTower-Date-2026-01-02_17_47_47
2026-01-09 14:30:49,122 - DEBUG - Running command: zfs destroy Storage/Docker-SyncoidTest/Heimdall@SnapBeforeWatchTower-Date-2026-01-02_17_40_27
2026-01-09 14:30:49,174 - INFO - [Storage/Docker-SyncoidTest/Heimdall] Deleted snapshot: Storage/Docker-SyncoidTest/Heimdall@SnapBeforeWatchTower-Date-2026-01-02_17_40_27
2026-01-09 14:30:49,174 - DEBUG - Running command: zfs destroy Storage/Docker-SyncoidTest/Heimdall@SnapBeforeWatchTower-Date-2026-01-02_17_08_18
2026-01-09 14:30:49,224 - INFO - [Storage/Docker-SyncoidTest/Heimdall] Deleted snapshot: Storage/Docker-SyncoidTest/Heimdall@SnapBeforeWatchTower-Date-2026-01-02_17_08_18
2026-01-09 14:30:49,224 - DEBUG - Running command: zfs destroy Storage/Docker-SyncoidTest/Heimdall@SnapBeforeWatchTower-Date-2026-01-02_16_54_56
2026-01-09 14:30:49,280 - INFO - [Storage/Docker-SyncoidTest/Heimdall] Deleted snapshot: Storage/Docker-SyncoidTest/Heimdall@SnapBeforeWatchTower-Date-2026-01-02_16_54_56
2026-01-09 14:30:49,280 - DEBUG - Running command: zfs destroy Storage/Docker-SyncoidTest/Heimdall@SnapBeforeWatchTower-Date-2026-01-02_16_53_42
2026-01-09 14:30:49,336 - INFO - [Storage/Docker-SyncoidTest/Heimdall] Deleted snapshot: Storage/Docker-SyncoidTest/Heimdall@SnapBeforeWatchTower-Date-2026-01-02_16_53_42
2026-01-09 14:30:49,337 - INFO - 

--------------------

2026-01-09 14:30:49,338 - INFO - Creating snapshot of: Storage/Docker-SyncoidTest/Home-Assistant
2026-01-09 14:30:49,338 - DEBUG - Full snapshot name: Storage/Docker-SyncoidTest/Home-Assistant@SnapBeforeWatchTower-Date-2026-01-09_14_30_49
2026-01-09 14:30:49,338 - DEBUG - Running command: zfs snapshot Storage/Docker-SyncoidTest/Home-Assistant@SnapBeforeWatchTower-Date-2026-01-09_14_30_49
2026-01-09 14:30:49,385 - DEBUG - Running command: zfs list -H -t snapshot -o name Storage/Docker-SyncoidTest/Home-Assistant
2026-01-09 14:30:49,406 - DEBUG - Command stdout:
Storage/Docker-SyncoidTest/Home-Assistant@autosnap_2022-05-25_05:16:54_daily
Storage/Docker-SyncoidTest/Home-Assistant@autosnap_2022-05-29_05:08:38_daily
Storage/Docker-SyncoidTest/Home-Assistant@autosnap_2022-06-05_06:43:11_daily
Storage/Docker-SyncoidTest/Home-Assistant@autosnap_2022-06-06_06:25:41_daily
Storage/Docker-SyncoidTest/Home-Assistant@autosnap_2022-06-21_05:24:14_daily
Storage/Docker-SyncoidTest/Home-Assistant@autosnap_2022-06-24_08:29:34_daily
Storage/Docker-SyncoidTest/Home-Assistant@autosnap_2022-07-05_07:14:30_daily
Storage/Docker-SyncoidTest/Home-Assistant@autosnap_2022-07-06_05:36:23_daily
Storage/Docker-SyncoidTest/Home-Assistant@autosnap_2023-02-11_18:04:41_daily
Storage/Docker-SyncoidTest/Home-Assistant@autosnap_2023-02-21_06:38:59_daily
Storage/Docker-SyncoidTest/Home-Assistant@autosnap_2023-02-26_07:27:12_daily
Storage/Docker-SyncoidTest/Home-Assistant@autosnap_2023-02-27_05:27:16_daily
Storage/Docker-SyncoidTest/Home-Assistant@autosnap_2023-03-05_05:55:14_daily
Storage/Docker-SyncoidTest/Home-Assistant@autosnap_2023-03-23_11:18:22_daily
Storage/Docker-SyncoidTest/Home-Assistant@autosnap_2023-03-24_09:39:21_daily
Storage/Docker-SyncoidTest/Home-Assistant@autosnap_2023-03-25_05:23:00_daily
Storage/Docker-SyncoidTest/Home-Assistant@autosnap_2023-05-17_11:57:47_daily
Storage/Docker-SyncoidTest/Home-Assistant@autosnap_2023-05-25_06:15:43_daily
Storage/Docker-SyncoidTest/Home-Assistant@autosnap_2023-05-27_06:20:25_daily
Storage/Docker-SyncoidTest/Home-Assistant@autosnap_2023-05-28_03:31:41_daily
Storage/Docker-SyncoidTest/Home-Assistant@autosnap_2023-05-29_19:16:49_daily
Storage/Docker-SyncoidTest/Home-Assistant@autosnap_2023-05-31_07:36:04_daily
Storage/Docker-SyncoidTest/Home-Assistant@autosnap_2023-06-02_04:23:56_daily
Storage/Docker-SyncoidTest/Home-Assistant@autosnap_2023-06-04_02:58:58_daily
Storage/Docker-SyncoidTest/Home-Assistant@autosnap_2023-06-05_05:20:23_daily
Storage/Docker-SyncoidTest/Home-Assistant@autosnap_2023-06-06_06:49:14_daily
Storage/Docker-SyncoidTest/Home-Assistant@autosnap_2023-06-07_04:06:32_daily
Storage/Docker-SyncoidTest/Home-Assistant@autosnap_2023-06-09_09:58:19_daily
Storage/Docker-SyncoidTest/Home-Assistant@autosnap_2023-06-11_04:31:11_daily
Storage/Docker-SyncoidTest/Home-Assistant@autosnap_2023-08-19_16:57:57_daily
Storage/Docker-SyncoidTest/Home-Assistant@autosnap_2023-08-22_08:12:23_daily
Storage/Docker-SyncoidTest/Home-Assistant@autosnap_2023-08-23_09:58:07_daily
Storage/Docker-SyncoidTest/Home-Assistant@autosnap_2023-08-24_10:10:38_daily
Storage/Docker-SyncoidTest/Home-Assistant@autosnap_2023-08-27_19:10:31_daily
Storage/Docker-SyncoidTest/Home-Assistant@autosnap_2023-08-28_15:41:40_daily
Storage/Docker-SyncoidTest/Home-Assistant@autosnap_2023-08-29_06:02:07_daily
Storage/Docker-SyncoidTest/Home-Assistant@autosnap_2023-08-31_04:30:25_daily
Storage/Docker-SyncoidTest/Home-Assistant@autosnap_2023-09-02_12:04:26_daily
Storage/Docker-SyncoidTest/Home-Assistant@autosnap_2023-09-07_18:23:42_daily
Storage/Docker-SyncoidTest/Home-Assistant@autosnap_2023-09-08_08:33:14_daily
Storage/Docker-SyncoidTest/Home-Assistant@autosnap_2023-09-09_12:02:19_daily
Storage/Docker-SyncoidTest/Home-Assistant@syncoid_darkyere-VirtualBox_2023-09-09:15:35:36-GMT02:00
Storage/Docker-SyncoidTest/Home-Assistant@autosnap_2023-09-21_17:34:37_daily
Storage/Docker-SyncoidTest/Home-Assistant@autosnap_2023-09-22_04:08:31_daily
Storage/Docker-SyncoidTest/Home-Assistant@autosnap_2023-10-28_16:26:08_daily
Storage/Docker-SyncoidTest/Home-Assistant@autosnap_2023-11-10_10:27:44_daily
Storage/Docker-SyncoidTest/Home-Assistant@autosnap_2023-11-16_09:59:05_daily
Storage/Docker-SyncoidTest/Home-Assistant@autosnap_2023-12-18_12:32:21_daily
Storage/Docker-SyncoidTest/Home-Assistant@autosnap_2023-12-21_08:50:20_daily
Storage/Docker-SyncoidTest/Home-Assistant@autosnap_2023-12-22_00:00:07_daily
Storage/Docker-SyncoidTest/Home-Assistant@autosnap_2023-12-22_05:00:33_hourly
Storage/Docker-SyncoidTest/Home-Assistant@autosnap_2023-12-22_06:00:03_hourly
Storage/Docker-SyncoidTest/Home-Assistant@autosnap_2023-12-22_07:00:17_hourly
Storage/Docker-SyncoidTest/Home-Assistant@autosnap_2023-12-22_08:00:10_hourly
Storage/Docker-SyncoidTest/Home-Assistant@autosnap_2024-01-01_07:54:57_daily
Storage/Docker-SyncoidTest/Home-Assistant@autosnap_2024-01-01_07:54:57_hourly
Storage/Docker-SyncoidTest/Home-Assistant@autosnap_2024-01-01_08:00:02_hourly
Storage/Docker-SyncoidTest/Home-Assistant@autosnap_2024-01-01_09:00:05_hourly
Storage/Docker-SyncoidTest/Home-Assistant@autosnap_2024-01-01_10:00:07_hourly
Storage/Docker-SyncoidTest/Home-Assistant@autosnap_2024-01-01_11:00:16_hourly
Storage/Docker-SyncoidTest/Home-Assistant@autosnap_2024-01-01_12:00:06_hourly
Storage/Docker-SyncoidTest/Home-Assistant@autosnap_2024-02-02_17:41:39_daily
Storage/Docker-SyncoidTest/Home-Assistant@autosnap_2024-02-02_17:41:39_hourly
Storage/Docker-SyncoidTest/Home-Assistant@autosnap_2024-02-02_18:00:21_hourly
Storage/Docker-SyncoidTest/Home-Assistant@autosnap_2024-02-02_19:00:21_hourly
Storage/Docker-SyncoidTest/Home-Assistant@autosnap_2024-02-02_20:00:23_hourly
Storage/Docker-SyncoidTest/Home-Assistant@autosnap_2024-02-02_21:00:08_hourly
Storage/Docker-SyncoidTest/Home-Assistant@autosnap_2024-02-02_22:00:17_hourly
Storage/Docker-SyncoidTest/Home-Assistant@autosnap_2024-02-02_23:00:07_hourly
Storage/Docker-SyncoidTest/Home-Assistant@autosnap_2024-02-03_00:00:11_daily
Storage/Docker-SyncoidTest/Home-Assistant@autosnap_2024-02-03_00:00:11_hourly
Storage/Docker-SyncoidTest/Home-Assistant@autosnap_2024-02-03_01:00:01_hourly
Storage/Docker-SyncoidTest/Home-Assistant@autosnap_2024-02-03_02:00:13_hourly
Storage/Docker-SyncoidTest/Home-Assistant@autosnap_2024-02-03_03:00:10_hourly
Storage/Docker-SyncoidTest/Home-Assistant@autosnap_2024-02-03_04:00:15_hourly
Storage/Docker-SyncoidTest/Home-Assistant@autosnap_2024-02-03_05:00:20_hourly
Storage/Docker-SyncoidTest/Home-Assistant@autosnap_2024-02-03_06:00:08_hourly
Storage/Docker-SyncoidTest/Home-Assistant@autosnap_2024-08-18_14:10:58_daily
Storage/Docker-SyncoidTest/Home-Assistant@autosnap_2024-08-18_14:10:58_hourly
Storage/Docker-SyncoidTest/Home-Assistant@autosnap_2024-10-04_15:50:28_daily
Storage/Docker-SyncoidTest/Home-Assistant@autosnap_2024-10-04_15:50:28_hourly
Storage/Docker-SyncoidTest/Home-Assistant@autosnap_2024-10-04_16:00:31_hourly
Storage/Docker-SyncoidTest/Home-Assistant@autosnap_2024-10-04_17:00:06_hourly
Storage/Docker-SyncoidTest/Home-Assistant@autosnap_2024-10-12_19:24:23_daily
Storage/Docker-SyncoidTest/Home-Assistant@autosnap_2024-10-12_19:24:23_hourly
Storage/Docker-SyncoidTest/Home-Assistant@autosnap_2025-01-06_18:54:17_daily
Storage/Docker-SyncoidTest/Home-Assistant@autosnap_2025-01-06_18:54:17_hourly
Storage/Docker-SyncoidTest/Home-Assistant@autosnap_2025-01-06_19:00:01_hourly
Storage/Docker-SyncoidTest/Home-Assistant@autosnap_2025-03-31_14:03:00_monthly
Storage/Docker-SyncoidTest/Home-Assistant@autosnap_2025-03-31_14:03:00_daily
Storage/Docker-SyncoidTest/Home-Assistant@autosnap_2025-03-31_14:03:00_hourly
Storage/Docker-SyncoidTest/Home-Assistant@autosnap_2025-04-28_19:04:38_monthly
Storage/Docker-SyncoidTest/Home-Assistant@autosnap_2025-04-28_19:04:38_daily
Storage/Docker-SyncoidTest/Home-Assistant@autosnap_2025-04-28_19:04:38_hourly
Storage/Docker-SyncoidTest/Home-Assistant@autosnap_2025-08-19_07:21:28_monthly
Storage/Docker-SyncoidTest/Home-Assistant@autosnap_2025-08-19_07:21:28_daily
Storage/Docker-SyncoidTest/Home-Assistant@autosnap_2025-08-19_07:21:28_hourly
Storage/Docker-SyncoidTest/Home-Assistant@autosnap_2025-11-05_05:01:16_monthly
Storage/Docker-SyncoidTest/Home-Assistant@autosnap_2025-11-05_05:01:16_daily
Storage/Docker-SyncoidTest/Home-Assistant@autosnap_2025-11-05_05:01:16_hourly
Storage/Docker-SyncoidTest/Home-Assistant@autosnap_2025-11-05_06:00:00_hourly
Storage/Docker-SyncoidTest/Home-Assistant@autosnap_2025-11-05_07:00:16_hourly
Storage/Docker-SyncoidTest/Home-Assistant@autosnap_2025-12-25_09:44:02_monthly
Storage/Docker-SyncoidTest/Home-Assistant@autosnap_2025-12-25_09:44:02_daily
Storage/Docker-SyncoidTest/Home-Assistant@autosnap_2025-12-25_09:44:02_hourly
Storage/Docker-SyncoidTest/Home-Assistant@autosnap_2025-12-25_10:00:01_hourly
Storage/Docker-SyncoidTest/Home-Assistant@autosnap_2026-01-02_13:52:44_monthly
Storage/Docker-SyncoidTest/Home-Assistant@autosnap_2026-01-02_13:52:44_daily
Storage/Docker-SyncoidTest/Home-Assistant@autosnap_2026-01-02_13:52:44_hourly
Storage/Docker-SyncoidTest/Home-Assistant@autosnap_2026-01-02_14:00:02_hourly
Storage/Docker-SyncoidTest/Home-Assistant@autosnap_2026-01-02_15:00:08_hourly
Storage/Docker-SyncoidTest/Home-Assistant@SnapBeforeWatchTower-Date-2026-01-02_16_53_42
Storage/Docker-SyncoidTest/Home-Assistant@SnapBeforeWatchTower-Date-2026-01-02_16_54_56
Storage/Docker-SyncoidTest/Home-Assistant@autosnap_2026-01-02_16:00:03_hourly
Storage/Docker-SyncoidTest/Home-Assistant@SnapBeforeWatchTower-Date-2026-01-02_17_08_18
Storage/Docker-SyncoidTest/Home-Assistant@SnapBeforeWatchTower-Date-2026-01-02_17_40_27
Storage/Docker-SyncoidTest/Home-Assistant@SnapBeforeWatchTower-Date-2026-01-02_17_47_47
Storage/Docker-SyncoidTest/Home-Assistant@autosnap_2026-01-02_17:00:01_hourly
Storage/Docker-SyncoidTest/Home-Assistant@SnapBeforeWatchTower-Date-2026-01-02_18_37_46
Storage/Docker-SyncoidTest/Home-Assistant@SnapBeforeWatchTower-Date-2026-01-02_18_45_24
Storage/Docker-SyncoidTest/Home-Assistant@SnapBeforeWatchTower-Date-2026-01-02_18_49_29
Storage/Docker-SyncoidTest/Home-Assistant@autosnap_2026-01-02_18:00:05_hourly
Storage/Docker-SyncoidTest/Home-Assistant@SnapBeforeWatchTower-Date-2026-01-02_19_37_12
Storage/Docker-SyncoidTest/Home-Assistant@SnapBeforeWatchTower-Date-2026-01-02_19_54_28
Storage/Docker-SyncoidTest/Home-Assistant@autosnap_2026-01-02_19:00:04_hourly
Storage/Docker-SyncoidTest/Home-Assistant@SnapBeforeWatchTower-Date-2026-01-02_20_03_07
Storage/Docker-SyncoidTest/Home-Assistant@SnapBeforeWatchTower-Date-2026-01-02_20_03_49
Storage/Docker-SyncoidTest/Home-Assistant@SnapBeforeWatchTower-Date-2026-01-02_20_04_21
Storage/Docker-SyncoidTest/Home-Assistant@autosnap_2026-01-09_12:50:13_daily
Storage/Docker-SyncoidTest/Home-Assistant@autosnap_2026-01-09_12:50:13_hourly
Storage/Docker-SyncoidTest/Home-Assistant@autosnap_2026-01-09_13:00:02_hourly
Storage/Docker-SyncoidTest/Home-Assistant@SnapBeforeWatchTower-Date-2026-01-09_14_30_49
2026-01-09 14:30:49,406 - INFO - [Storage/Docker-SyncoidTest/Home-Assistant] Found 14 matching snapshots (retain_count=3).
2026-01-09 14:30:49,406 - INFO - [Storage/Docker-SyncoidTest/Home-Assistant] Cutoff time: 2026-01-06 14:30:49  (older_than=3 days, 0:00:00)
2026-01-09 14:30:49,407 - INFO - [Storage/Docker-SyncoidTest/Home-Assistant] Will delete 11 snapshot(s).
2026-01-09 14:30:49,407 - DEBUG - Running command: zfs destroy Storage/Docker-SyncoidTest/Home-Assistant@SnapBeforeWatchTower-Date-2026-01-02_20_03_07
2026-01-09 14:30:49,457 - INFO - [Storage/Docker-SyncoidTest/Home-Assistant] Deleted snapshot: Storage/Docker-SyncoidTest/Home-Assistant@SnapBeforeWatchTower-Date-2026-01-02_20_03_07
2026-01-09 14:30:49,457 - DEBUG - Running command: zfs destroy Storage/Docker-SyncoidTest/Home-Assistant@SnapBeforeWatchTower-Date-2026-01-02_19_54_28
2026-01-09 14:30:49,491 - INFO - [Storage/Docker-SyncoidTest/Home-Assistant] Deleted snapshot: Storage/Docker-SyncoidTest/Home-Assistant@SnapBeforeWatchTower-Date-2026-01-02_19_54_28
2026-01-09 14:30:49,492 - DEBUG - Running command: zfs destroy Storage/Docker-SyncoidTest/Home-Assistant@SnapBeforeWatchTower-Date-2026-01-02_19_37_12
2026-01-09 14:30:49,534 - INFO - [Storage/Docker-SyncoidTest/Home-Assistant] Deleted snapshot: Storage/Docker-SyncoidTest/Home-Assistant@SnapBeforeWatchTower-Date-2026-01-02_19_37_12
2026-01-09 14:30:49,534 - DEBUG - Running command: zfs destroy Storage/Docker-SyncoidTest/Home-Assistant@SnapBeforeWatchTower-Date-2026-01-02_18_49_29
2026-01-09 14:30:49,590 - INFO - [Storage/Docker-SyncoidTest/Home-Assistant] Deleted snapshot: Storage/Docker-SyncoidTest/Home-Assistant@SnapBeforeWatchTower-Date-2026-01-02_18_49_29
2026-01-09 14:30:49,590 - DEBUG - Running command: zfs destroy Storage/Docker-SyncoidTest/Home-Assistant@SnapBeforeWatchTower-Date-2026-01-02_18_45_24
2026-01-09 14:30:49,632 - INFO - [Storage/Docker-SyncoidTest/Home-Assistant] Deleted snapshot: Storage/Docker-SyncoidTest/Home-Assistant@SnapBeforeWatchTower-Date-2026-01-02_18_45_24
2026-01-09 14:30:49,632 - DEBUG - Running command: zfs destroy Storage/Docker-SyncoidTest/Home-Assistant@SnapBeforeWatchTower-Date-2026-01-02_18_37_46
2026-01-09 14:30:49,669 - INFO - [Storage/Docker-SyncoidTest/Home-Assistant] Deleted snapshot: Storage/Docker-SyncoidTest/Home-Assistant@SnapBeforeWatchTower-Date-2026-01-02_18_37_46
2026-01-09 14:30:49,669 - DEBUG - Running command: zfs destroy Storage/Docker-SyncoidTest/Home-Assistant@SnapBeforeWatchTower-Date-2026-01-02_17_47_47
2026-01-09 14:30:49,716 - INFO - [Storage/Docker-SyncoidTest/Home-Assistant] Deleted snapshot: Storage/Docker-SyncoidTest/Home-Assistant@SnapBeforeWatchTower-Date-2026-01-02_17_47_47
2026-01-09 14:30:49,717 - DEBUG - Running command: zfs destroy Storage/Docker-SyncoidTest/Home-Assistant@SnapBeforeWatchTower-Date-2026-01-02_17_40_27
2026-01-09 14:30:49,762 - INFO - [Storage/Docker-SyncoidTest/Home-Assistant] Deleted snapshot: Storage/Docker-SyncoidTest/Home-Assistant@SnapBeforeWatchTower-Date-2026-01-02_17_40_27
2026-01-09 14:30:49,762 - DEBUG - Running command: zfs destroy Storage/Docker-SyncoidTest/Home-Assistant@SnapBeforeWatchTower-Date-2026-01-02_17_08_18
2026-01-09 14:30:49,843 - INFO - [Storage/Docker-SyncoidTest/Home-Assistant] Deleted snapshot: Storage/Docker-SyncoidTest/Home-Assistant@SnapBeforeWatchTower-Date-2026-01-02_17_08_18
2026-01-09 14:30:49,846 - DEBUG - Running command: zfs destroy Storage/Docker-SyncoidTest/Home-Assistant@SnapBeforeWatchTower-Date-2026-01-02_16_54_56
2026-01-09 14:30:49,901 - INFO - [Storage/Docker-SyncoidTest/Home-Assistant] Deleted snapshot: Storage/Docker-SyncoidTest/Home-Assistant@SnapBeforeWatchTower-Date-2026-01-02_16_54_56
2026-01-09 14:30:49,901 - DEBUG - Running command: zfs destroy Storage/Docker-SyncoidTest/Home-Assistant@SnapBeforeWatchTower-Date-2026-01-02_16_53_42
2026-01-09 14:30:49,942 - INFO - [Storage/Docker-SyncoidTest/Home-Assistant] Deleted snapshot: Storage/Docker-SyncoidTest/Home-Assistant@SnapBeforeWatchTower-Date-2026-01-02_16_53_42
2026-01-09 14:30:49,942 - INFO - 

--------------------

2026-01-09 14:30:49,942 - INFO - Creating snapshot of: Storage/Docker-SyncoidTest/JellyFin
2026-01-09 14:30:49,942 - DEBUG - Full snapshot name: Storage/Docker-SyncoidTest/JellyFin@SnapBeforeWatchTower-Date-2026-01-09_14_30_49
2026-01-09 14:30:49,942 - DEBUG - Running command: zfs snapshot Storage/Docker-SyncoidTest/JellyFin@SnapBeforeWatchTower-Date-2026-01-09_14_30_49
2026-01-09 14:30:49,997 - DEBUG - Running command: zfs list -H -t snapshot -o name Storage/Docker-SyncoidTest/JellyFin
2026-01-09 14:30:50,019 - DEBUG - Command stdout:
Storage/Docker-SyncoidTest/JellyFin@autosnap_2022-05-25_05:16:44_daily
Storage/Docker-SyncoidTest/JellyFin@autosnap_2022-05-29_05:08:48_daily
Storage/Docker-SyncoidTest/JellyFin@autosnap_2022-06-05_06:43:51_daily
Storage/Docker-SyncoidTest/JellyFin@autosnap_2022-06-06_06:26:00_daily
Storage/Docker-SyncoidTest/JellyFin@autosnap_2022-06-21_05:23:37_daily
Storage/Docker-SyncoidTest/JellyFin@autosnap_2022-06-24_08:29:22_daily
Storage/Docker-SyncoidTest/JellyFin@autosnap_2022-07-05_07:14:45_daily
Storage/Docker-SyncoidTest/JellyFin@autosnap_2022-07-06_05:36:08_daily
Storage/Docker-SyncoidTest/JellyFin@autosnap_2023-02-11_18:04:30_daily
Storage/Docker-SyncoidTest/JellyFin@autosnap_2023-02-21_06:39:51_daily
Storage/Docker-SyncoidTest/JellyFin@autosnap_2023-02-26_07:27:15_daily
Storage/Docker-SyncoidTest/JellyFin@autosnap_2023-02-27_05:27:08_daily
Storage/Docker-SyncoidTest/JellyFin@autosnap_2023-03-05_05:54:20_daily
Storage/Docker-SyncoidTest/JellyFin@autosnap_2023-03-23_11:18:12_daily
Storage/Docker-SyncoidTest/JellyFin@autosnap_2023-03-24_09:39:11_daily
Storage/Docker-SyncoidTest/JellyFin@autosnap_2023-03-25_05:23:16_daily
Storage/Docker-SyncoidTest/JellyFin@autosnap_2023-05-17_11:57:45_daily
Storage/Docker-SyncoidTest/JellyFin@autosnap_2023-05-25_06:15:41_daily
Storage/Docker-SyncoidTest/JellyFin@autosnap_2023-05-27_06:20:27_daily
Storage/Docker-SyncoidTest/JellyFin@autosnap_2023-05-28_03:31:40_daily
Storage/Docker-SyncoidTest/JellyFin@autosnap_2023-06-02_04:23:57_daily
Storage/Docker-SyncoidTest/JellyFin@autosnap_2023-06-04_02:58:57_daily
Storage/Docker-SyncoidTest/JellyFin@autosnap_2023-06-05_05:20:25_daily
Storage/Docker-SyncoidTest/JellyFin@autosnap_2023-06-06_06:49:12_daily
Storage/Docker-SyncoidTest/JellyFin@autosnap_2023-06-07_04:06:32_daily
Storage/Docker-SyncoidTest/JellyFin@autosnap_2023-06-09_09:58:18_daily
Storage/Docker-SyncoidTest/JellyFin@autosnap_2023-06-11_04:31:12_daily
Storage/Docker-SyncoidTest/JellyFin@autosnap_2023-08-19_16:57:57_daily
Storage/Docker-SyncoidTest/JellyFin@autosnap_2023-08-22_08:12:25_daily
Storage/Docker-SyncoidTest/JellyFin@autosnap_2023-08-23_09:58:06_daily
Storage/Docker-SyncoidTest/JellyFin@autosnap_2023-08-24_10:10:38_daily
Storage/Docker-SyncoidTest/JellyFin@autosnap_2023-08-27_19:10:30_daily
Storage/Docker-SyncoidTest/JellyFin@autosnap_2023-08-28_15:41:38_daily
Storage/Docker-SyncoidTest/JellyFin@autosnap_2023-08-29_06:02:07_daily
Storage/Docker-SyncoidTest/JellyFin@autosnap_2023-08-31_04:30:26_daily
Storage/Docker-SyncoidTest/JellyFin@autosnap_2023-09-02_12:04:24_daily
Storage/Docker-SyncoidTest/JellyFin@autosnap_2023-09-07_18:23:43_daily
Storage/Docker-SyncoidTest/JellyFin@autosnap_2023-09-08_08:33:17_daily
Storage/Docker-SyncoidTest/JellyFin@autosnap_2023-09-09_12:02:19_daily
Storage/Docker-SyncoidTest/JellyFin@syncoid_darkyere-VirtualBox_2023-09-09:15:35:46-GMT02:00
Storage/Docker-SyncoidTest/JellyFin@autosnap_2023-09-21_17:34:38_daily
Storage/Docker-SyncoidTest/JellyFin@autosnap_2023-09-22_04:08:29_daily
Storage/Docker-SyncoidTest/JellyFin@autosnap_2023-10-28_16:26:07_daily
Storage/Docker-SyncoidTest/JellyFin@autosnap_2023-11-10_10:27:44_daily
Storage/Docker-SyncoidTest/JellyFin@autosnap_2023-11-16_09:59:06_daily
Storage/Docker-SyncoidTest/JellyFin@autosnap_2023-12-18_12:32:23_daily
Storage/Docker-SyncoidTest/JellyFin@autosnap_2023-12-21_08:50:19_daily
Storage/Docker-SyncoidTest/JellyFin@autosnap_2023-12-22_00:00:06_daily
Storage/Docker-SyncoidTest/JellyFin@autosnap_2023-12-22_05:00:33_hourly
Storage/Docker-SyncoidTest/JellyFin@autosnap_2023-12-22_06:00:04_hourly
Storage/Docker-SyncoidTest/JellyFin@autosnap_2023-12-22_07:00:17_hourly
Storage/Docker-SyncoidTest/JellyFin@autosnap_2023-12-22_08:00:11_hourly
Storage/Docker-SyncoidTest/JellyFin@autosnap_2024-01-01_07:54:55_daily
Storage/Docker-SyncoidTest/JellyFin@autosnap_2024-01-01_07:54:55_hourly
Storage/Docker-SyncoidTest/JellyFin@autosnap_2024-01-01_08:00:02_hourly
Storage/Docker-SyncoidTest/JellyFin@autosnap_2024-01-01_09:00:04_hourly
Storage/Docker-SyncoidTest/JellyFin@autosnap_2024-01-01_10:00:07_hourly
Storage/Docker-SyncoidTest/JellyFin@autosnap_2024-01-01_11:00:15_hourly
Storage/Docker-SyncoidTest/JellyFin@autosnap_2024-01-01_12:00:06_hourly
Storage/Docker-SyncoidTest/JellyFin@autosnap_2024-02-02_17:41:44_daily
Storage/Docker-SyncoidTest/JellyFin@autosnap_2024-02-02_17:41:44_hourly
Storage/Docker-SyncoidTest/JellyFin@autosnap_2024-02-02_18:00:20_hourly
Storage/Docker-SyncoidTest/JellyFin@autosnap_2024-02-02_19:00:22_hourly
Storage/Docker-SyncoidTest/JellyFin@autosnap_2024-02-02_20:00:23_hourly
Storage/Docker-SyncoidTest/JellyFin@autosnap_2024-02-02_21:00:07_hourly
Storage/Docker-SyncoidTest/JellyFin@autosnap_2024-02-02_22:00:18_hourly
Storage/Docker-SyncoidTest/JellyFin@autosnap_2024-02-02_23:00:07_hourly
Storage/Docker-SyncoidTest/JellyFin@autosnap_2024-02-03_00:00:11_daily
Storage/Docker-SyncoidTest/JellyFin@autosnap_2024-02-03_00:00:11_hourly
Storage/Docker-SyncoidTest/JellyFin@autosnap_2024-02-03_01:00:01_hourly
Storage/Docker-SyncoidTest/JellyFin@autosnap_2024-02-03_02:00:14_hourly
Storage/Docker-SyncoidTest/JellyFin@autosnap_2024-02-03_03:00:10_hourly
Storage/Docker-SyncoidTest/JellyFin@autosnap_2024-02-03_04:00:15_hourly
Storage/Docker-SyncoidTest/JellyFin@autosnap_2024-02-03_05:00:19_hourly
Storage/Docker-SyncoidTest/JellyFin@autosnap_2024-02-03_06:00:08_hourly
Storage/Docker-SyncoidTest/JellyFin@autosnap_2024-08-18_14:10:57_daily
Storage/Docker-SyncoidTest/JellyFin@autosnap_2024-08-18_14:10:57_hourly
Storage/Docker-SyncoidTest/JellyFin@autosnap_2024-10-04_15:50:25_daily
Storage/Docker-SyncoidTest/JellyFin@autosnap_2024-10-04_15:50:25_hourly
Storage/Docker-SyncoidTest/JellyFin@autosnap_2024-10-04_16:00:31_hourly
Storage/Docker-SyncoidTest/JellyFin@autosnap_2024-10-04_17:00:05_hourly
Storage/Docker-SyncoidTest/JellyFin@autosnap_2024-10-12_19:24:25_daily
Storage/Docker-SyncoidTest/JellyFin@autosnap_2024-10-12_19:24:25_hourly
Storage/Docker-SyncoidTest/JellyFin@autosnap_2025-01-06_18:53:56_daily
Storage/Docker-SyncoidTest/JellyFin@autosnap_2025-01-06_18:53:56_hourly
Storage/Docker-SyncoidTest/JellyFin@autosnap_2025-01-06_19:00:02_hourly
Storage/Docker-SyncoidTest/JellyFin@autosnap_2025-03-31_14:03:00_monthly
Storage/Docker-SyncoidTest/JellyFin@autosnap_2025-03-31_14:03:00_daily
Storage/Docker-SyncoidTest/JellyFin@autosnap_2025-03-31_14:03:00_hourly
Storage/Docker-SyncoidTest/JellyFin@autosnap_2025-04-28_19:04:38_monthly
Storage/Docker-SyncoidTest/JellyFin@autosnap_2025-04-28_19:04:38_daily
Storage/Docker-SyncoidTest/JellyFin@autosnap_2025-04-28_19:04:38_hourly
Storage/Docker-SyncoidTest/JellyFin@autosnap_2025-08-19_07:21:27_monthly
Storage/Docker-SyncoidTest/JellyFin@autosnap_2025-08-19_07:21:27_daily
Storage/Docker-SyncoidTest/JellyFin@autosnap_2025-08-19_07:21:27_hourly
Storage/Docker-SyncoidTest/JellyFin@autosnap_2025-11-05_05:01:13_monthly
Storage/Docker-SyncoidTest/JellyFin@autosnap_2025-11-05_05:01:13_daily
Storage/Docker-SyncoidTest/JellyFin@autosnap_2025-11-05_05:01:13_hourly
Storage/Docker-SyncoidTest/JellyFin@autosnap_2025-11-05_06:00:02_hourly
Storage/Docker-SyncoidTest/JellyFin@autosnap_2025-11-05_07:00:16_hourly
Storage/Docker-SyncoidTest/JellyFin@autosnap_2025-12-25_09:44:04_monthly
Storage/Docker-SyncoidTest/JellyFin@autosnap_2025-12-25_09:44:04_daily
Storage/Docker-SyncoidTest/JellyFin@autosnap_2025-12-25_09:44:04_hourly
Storage/Docker-SyncoidTest/JellyFin@autosnap_2025-12-25_10:00:01_hourly
Storage/Docker-SyncoidTest/JellyFin@autosnap_2026-01-02_13:52:39_monthly
Storage/Docker-SyncoidTest/JellyFin@autosnap_2026-01-02_13:52:39_daily
Storage/Docker-SyncoidTest/JellyFin@autosnap_2026-01-02_13:52:39_hourly
Storage/Docker-SyncoidTest/JellyFin@autosnap_2026-01-02_14:00:02_hourly
Storage/Docker-SyncoidTest/JellyFin@autosnap_2026-01-02_15:00:06_hourly
Storage/Docker-SyncoidTest/JellyFin@SnapBeforeWatchTower-Date-2026-01-02_16_53_42
Storage/Docker-SyncoidTest/JellyFin@SnapBeforeWatchTower-Date-2026-01-02_16_54_56
Storage/Docker-SyncoidTest/JellyFin@autosnap_2026-01-02_16:00:04_hourly
Storage/Docker-SyncoidTest/JellyFin@SnapBeforeWatchTower-Date-2026-01-02_17_08_18
Storage/Docker-SyncoidTest/JellyFin@SnapBeforeWatchTower-Date-2026-01-02_17_40_27
Storage/Docker-SyncoidTest/JellyFin@SnapBeforeWatchTower-Date-2026-01-02_17_47_47
Storage/Docker-SyncoidTest/JellyFin@autosnap_2026-01-02_17:00:01_hourly
Storage/Docker-SyncoidTest/JellyFin@SnapBeforeWatchTower-Date-2026-01-02_18_37_46
Storage/Docker-SyncoidTest/JellyFin@SnapBeforeWatchTower-Date-2026-01-02_18_45_24
Storage/Docker-SyncoidTest/JellyFin@SnapBeforeWatchTower-Date-2026-01-02_18_49_29
Storage/Docker-SyncoidTest/JellyFin@autosnap_2026-01-02_18:00:04_hourly
Storage/Docker-SyncoidTest/JellyFin@SnapBeforeWatchTower-Date-2026-01-02_19_37_13
Storage/Docker-SyncoidTest/JellyFin@SnapBeforeWatchTower-Date-2026-01-02_19_54_29
Storage/Docker-SyncoidTest/JellyFin@autosnap_2026-01-02_19:00:04_hourly
Storage/Docker-SyncoidTest/JellyFin@SnapBeforeWatchTower-Date-2026-01-02_20_03_07
Storage/Docker-SyncoidTest/JellyFin@SnapBeforeWatchTower-Date-2026-01-02_20_03_49
Storage/Docker-SyncoidTest/JellyFin@SnapBeforeWatchTower-Date-2026-01-02_20_04_21
Storage/Docker-SyncoidTest/JellyFin@autosnap_2026-01-09_12:50:11_daily
Storage/Docker-SyncoidTest/JellyFin@autosnap_2026-01-09_12:50:11_hourly
Storage/Docker-SyncoidTest/JellyFin@autosnap_2026-01-09_13:00:01_hourly
Storage/Docker-SyncoidTest/JellyFin@SnapBeforeWatchTower-Date-2026-01-09_14_30_49
2026-01-09 14:30:50,020 - INFO - [Storage/Docker-SyncoidTest/JellyFin] Found 14 matching snapshots (retain_count=3).
2026-01-09 14:30:50,020 - INFO - [Storage/Docker-SyncoidTest/JellyFin] Cutoff time: 2026-01-06 14:30:50  (older_than=3 days, 0:00:00)
2026-01-09 14:30:50,020 - INFO - [Storage/Docker-SyncoidTest/JellyFin] Will delete 11 snapshot(s).
2026-01-09 14:30:50,020 - DEBUG - Running command: zfs destroy Storage/Docker-SyncoidTest/JellyFin@SnapBeforeWatchTower-Date-2026-01-02_20_03_07
2026-01-09 14:30:50,063 - INFO - [Storage/Docker-SyncoidTest/JellyFin] Deleted snapshot: Storage/Docker-SyncoidTest/JellyFin@SnapBeforeWatchTower-Date-2026-01-02_20_03_07
2026-01-09 14:30:50,063 - DEBUG - Running command: zfs destroy Storage/Docker-SyncoidTest/JellyFin@SnapBeforeWatchTower-Date-2026-01-02_19_54_29
2026-01-09 14:30:50,105 - INFO - [Storage/Docker-SyncoidTest/JellyFin] Deleted snapshot: Storage/Docker-SyncoidTest/JellyFin@SnapBeforeWatchTower-Date-2026-01-02_19_54_29
2026-01-09 14:30:50,105 - DEBUG - Running command: zfs destroy Storage/Docker-SyncoidTest/JellyFin@SnapBeforeWatchTower-Date-2026-01-02_19_37_13
2026-01-09 14:30:50,144 - INFO - [Storage/Docker-SyncoidTest/JellyFin] Deleted snapshot: Storage/Docker-SyncoidTest/JellyFin@SnapBeforeWatchTower-Date-2026-01-02_19_37_13
2026-01-09 14:30:50,144 - DEBUG - Running command: zfs destroy Storage/Docker-SyncoidTest/JellyFin@SnapBeforeWatchTower-Date-2026-01-02_18_49_29
2026-01-09 14:30:50,179 - INFO - [Storage/Docker-SyncoidTest/JellyFin] Deleted snapshot: Storage/Docker-SyncoidTest/JellyFin@SnapBeforeWatchTower-Date-2026-01-02_18_49_29
2026-01-09 14:30:50,179 - DEBUG - Running command: zfs destroy Storage/Docker-SyncoidTest/JellyFin@SnapBeforeWatchTower-Date-2026-01-02_18_45_24
2026-01-09 14:30:50,224 - INFO - [Storage/Docker-SyncoidTest/JellyFin] Deleted snapshot: Storage/Docker-SyncoidTest/JellyFin@SnapBeforeWatchTower-Date-2026-01-02_18_45_24
2026-01-09 14:30:50,224 - DEBUG - Running command: zfs destroy Storage/Docker-SyncoidTest/JellyFin@SnapBeforeWatchTower-Date-2026-01-02_18_37_46
2026-01-09 14:30:50,279 - INFO - [Storage/Docker-SyncoidTest/JellyFin] Deleted snapshot: Storage/Docker-SyncoidTest/JellyFin@SnapBeforeWatchTower-Date-2026-01-02_18_37_46
2026-01-09 14:30:50,283 - DEBUG - Running command: zfs destroy Storage/Docker-SyncoidTest/JellyFin@SnapBeforeWatchTower-Date-2026-01-02_17_47_47
2026-01-09 14:30:50,344 - INFO - [Storage/Docker-SyncoidTest/JellyFin] Deleted snapshot: Storage/Docker-SyncoidTest/JellyFin@SnapBeforeWatchTower-Date-2026-01-02_17_47_47
2026-01-09 14:30:50,344 - DEBUG - Running command: zfs destroy Storage/Docker-SyncoidTest/JellyFin@SnapBeforeWatchTower-Date-2026-01-02_17_40_27
2026-01-09 14:30:50,386 - INFO - [Storage/Docker-SyncoidTest/JellyFin] Deleted snapshot: Storage/Docker-SyncoidTest/JellyFin@SnapBeforeWatchTower-Date-2026-01-02_17_40_27
2026-01-09 14:30:50,386 - DEBUG - Running command: zfs destroy Storage/Docker-SyncoidTest/JellyFin@SnapBeforeWatchTower-Date-2026-01-02_17_08_18
2026-01-09 14:30:50,427 - INFO - [Storage/Docker-SyncoidTest/JellyFin] Deleted snapshot: Storage/Docker-SyncoidTest/JellyFin@SnapBeforeWatchTower-Date-2026-01-02_17_08_18
2026-01-09 14:30:50,427 - DEBUG - Running command: zfs destroy Storage/Docker-SyncoidTest/JellyFin@SnapBeforeWatchTower-Date-2026-01-02_16_54_56
2026-01-09 14:30:50,475 - INFO - [Storage/Docker-SyncoidTest/JellyFin] Deleted snapshot: Storage/Docker-SyncoidTest/JellyFin@SnapBeforeWatchTower-Date-2026-01-02_16_54_56
2026-01-09 14:30:50,476 - DEBUG - Running command: zfs destroy Storage/Docker-SyncoidTest/JellyFin@SnapBeforeWatchTower-Date-2026-01-02_16_53_42
2026-01-09 14:30:50,512 - INFO - [Storage/Docker-SyncoidTest/JellyFin] Deleted snapshot: Storage/Docker-SyncoidTest/JellyFin@SnapBeforeWatchTower-Date-2026-01-02_16_53_42
2026-01-09 14:30:50,512 - INFO - 

--------------------

2026-01-09 14:30:50,512 - INFO - Creating snapshot of: Storage/Docker-SyncoidTest/JellyFin-LinuxServer
2026-01-09 14:30:50,513 - DEBUG - Full snapshot name: Storage/Docker-SyncoidTest/JellyFin-LinuxServer@SnapBeforeWatchTower-Date-2026-01-09_14_30_50
2026-01-09 14:30:50,513 - DEBUG - Running command: zfs snapshot Storage/Docker-SyncoidTest/JellyFin-LinuxServer@SnapBeforeWatchTower-Date-2026-01-09_14_30_50
2026-01-09 14:30:50,547 - DEBUG - Running command: zfs list -H -t snapshot -o name Storage/Docker-SyncoidTest/JellyFin-LinuxServer
2026-01-09 14:30:50,578 - DEBUG - Command stdout:
Storage/Docker-SyncoidTest/JellyFin-LinuxServer@autosnap_2022-05-25_05:16:40_daily
Storage/Docker-SyncoidTest/JellyFin-LinuxServer@autosnap_2022-05-29_05:08:53_daily
Storage/Docker-SyncoidTest/JellyFin-LinuxServer@autosnap_2022-06-05_06:43:59_daily
Storage/Docker-SyncoidTest/JellyFin-LinuxServer@autosnap_2022-06-06_06:25:47_daily
Storage/Docker-SyncoidTest/JellyFin-LinuxServer@autosnap_2022-06-21_05:23:54_daily
Storage/Docker-SyncoidTest/JellyFin-LinuxServer@autosnap_2022-06-24_08:29:23_daily
Storage/Docker-SyncoidTest/JellyFin-LinuxServer@autosnap_2022-07-05_07:14:19_daily
Storage/Docker-SyncoidTest/JellyFin-LinuxServer@autosnap_2022-07-06_05:36:25_daily
Storage/Docker-SyncoidTest/JellyFin-LinuxServer@autosnap_2023-02-11_18:04:09_daily
Storage/Docker-SyncoidTest/JellyFin-LinuxServer@autosnap_2023-02-21_06:39:22_daily
Storage/Docker-SyncoidTest/JellyFin-LinuxServer@autosnap_2023-02-26_07:26:52_daily
Storage/Docker-SyncoidTest/JellyFin-LinuxServer@autosnap_2023-02-27_05:27:23_daily
Storage/Docker-SyncoidTest/JellyFin-LinuxServer@autosnap_2023-03-05_05:55:09_daily
Storage/Docker-SyncoidTest/JellyFin-LinuxServer@autosnap_2023-03-23_11:17:40_daily
Storage/Docker-SyncoidTest/JellyFin-LinuxServer@autosnap_2023-03-24_09:39:25_daily
Storage/Docker-SyncoidTest/JellyFin-LinuxServer@autosnap_2023-03-25_05:23:26_daily
Storage/Docker-SyncoidTest/JellyFin-LinuxServer@autosnap_2023-05-17_11:57:44_daily
Storage/Docker-SyncoidTest/JellyFin-LinuxServer@autosnap_2023-05-25_06:15:40_daily
Storage/Docker-SyncoidTest/JellyFin-LinuxServer@autosnap_2023-05-27_06:20:26_daily
Storage/Docker-SyncoidTest/JellyFin-LinuxServer@autosnap_2023-05-28_03:31:40_daily
Storage/Docker-SyncoidTest/JellyFin-LinuxServer@autosnap_2023-06-02_04:23:58_daily
Storage/Docker-SyncoidTest/JellyFin-LinuxServer@autosnap_2023-06-04_02:58:58_daily
Storage/Docker-SyncoidTest/JellyFin-LinuxServer@autosnap_2023-06-05_05:20:23_daily
Storage/Docker-SyncoidTest/JellyFin-LinuxServer@autosnap_2023-06-06_06:49:17_daily
Storage/Docker-SyncoidTest/JellyFin-LinuxServer@autosnap_2023-06-07_04:06:31_daily
Storage/Docker-SyncoidTest/JellyFin-LinuxServer@autosnap_2023-06-09_09:58:20_daily
Storage/Docker-SyncoidTest/JellyFin-LinuxServer@autosnap_2023-06-11_04:31:11_daily
Storage/Docker-SyncoidTest/JellyFin-LinuxServer@autosnap_2023-08-19_16:57:58_daily
Storage/Docker-SyncoidTest/JellyFin-LinuxServer@autosnap_2023-08-22_08:12:26_daily
Storage/Docker-SyncoidTest/JellyFin-LinuxServer@autosnap_2023-08-23_09:58:07_daily
Storage/Docker-SyncoidTest/JellyFin-LinuxServer@autosnap_2023-08-24_10:10:37_daily
Storage/Docker-SyncoidTest/JellyFin-LinuxServer@autosnap_2023-08-27_19:10:31_daily
Storage/Docker-SyncoidTest/JellyFin-LinuxServer@autosnap_2023-08-28_15:41:39_daily
Storage/Docker-SyncoidTest/JellyFin-LinuxServer@autosnap_2023-08-29_06:02:05_daily
Storage/Docker-SyncoidTest/JellyFin-LinuxServer@autosnap_2023-08-31_04:30:23_daily
Storage/Docker-SyncoidTest/JellyFin-LinuxServer@autosnap_2023-09-02_12:04:26_daily
Storage/Docker-SyncoidTest/JellyFin-LinuxServer@autosnap_2023-09-07_18:23:39_daily
Storage/Docker-SyncoidTest/JellyFin-LinuxServer@autosnap_2023-09-08_08:33:15_daily
Storage/Docker-SyncoidTest/JellyFin-LinuxServer@autosnap_2023-09-09_12:02:17_daily
Storage/Docker-SyncoidTest/JellyFin-LinuxServer@syncoid_darkyere-VirtualBox_2023-09-09:15:35:56-GMT02:00
Storage/Docker-SyncoidTest/JellyFin-LinuxServer@autosnap_2023-09-21_17:34:37_daily
Storage/Docker-SyncoidTest/JellyFin-LinuxServer@autosnap_2023-09-22_04:08:30_daily
Storage/Docker-SyncoidTest/JellyFin-LinuxServer@autosnap_2023-10-28_16:26:07_daily
Storage/Docker-SyncoidTest/JellyFin-LinuxServer@autosnap_2023-11-10_10:27:44_daily
Storage/Docker-SyncoidTest/JellyFin-LinuxServer@autosnap_2023-11-16_09:59:06_daily
Storage/Docker-SyncoidTest/JellyFin-LinuxServer@autosnap_2023-12-18_12:32:17_daily
Storage/Docker-SyncoidTest/JellyFin-LinuxServer@autosnap_2023-12-21_08:50:20_daily
Storage/Docker-SyncoidTest/JellyFin-LinuxServer@autosnap_2023-12-22_00:00:05_daily
Storage/Docker-SyncoidTest/JellyFin-LinuxServer@autosnap_2023-12-22_05:00:33_hourly
Storage/Docker-SyncoidTest/JellyFin-LinuxServer@autosnap_2023-12-22_06:00:03_hourly
Storage/Docker-SyncoidTest/JellyFin-LinuxServer@autosnap_2023-12-22_07:00:17_hourly
Storage/Docker-SyncoidTest/JellyFin-LinuxServer@autosnap_2023-12-22_08:00:12_hourly
Storage/Docker-SyncoidTest/JellyFin-LinuxServer@autosnap_2024-01-01_07:54:54_daily
Storage/Docker-SyncoidTest/JellyFin-LinuxServer@autosnap_2024-01-01_07:54:54_hourly
Storage/Docker-SyncoidTest/JellyFin-LinuxServer@autosnap_2024-01-01_08:00:02_hourly
Storage/Docker-SyncoidTest/JellyFin-LinuxServer@autosnap_2024-01-01_09:00:05_hourly
Storage/Docker-SyncoidTest/JellyFin-LinuxServer@autosnap_2024-01-01_10:00:07_hourly
Storage/Docker-SyncoidTest/JellyFin-LinuxServer@autosnap_2024-01-01_11:00:15_hourly
Storage/Docker-SyncoidTest/JellyFin-LinuxServer@autosnap_2024-01-01_12:00:06_hourly
Storage/Docker-SyncoidTest/JellyFin-LinuxServer@autosnap_2024-02-02_17:41:38_daily
Storage/Docker-SyncoidTest/JellyFin-LinuxServer@autosnap_2024-02-02_17:41:38_hourly
Storage/Docker-SyncoidTest/JellyFin-LinuxServer@autosnap_2024-02-02_18:00:20_hourly
Storage/Docker-SyncoidTest/JellyFin-LinuxServer@autosnap_2024-02-02_19:00:21_hourly
Storage/Docker-SyncoidTest/JellyFin-LinuxServer@autosnap_2024-02-02_20:00:22_hourly
Storage/Docker-SyncoidTest/JellyFin-LinuxServer@autosnap_2024-02-02_21:00:08_hourly
Storage/Docker-SyncoidTest/JellyFin-LinuxServer@autosnap_2024-02-02_22:00:17_hourly
Storage/Docker-SyncoidTest/JellyFin-LinuxServer@autosnap_2024-02-02_23:00:07_hourly
Storage/Docker-SyncoidTest/JellyFin-LinuxServer@autosnap_2024-02-03_00:00:09_daily
Storage/Docker-SyncoidTest/JellyFin-LinuxServer@autosnap_2024-02-03_00:00:09_hourly
Storage/Docker-SyncoidTest/JellyFin-LinuxServer@autosnap_2024-02-03_01:00:02_hourly
Storage/Docker-SyncoidTest/JellyFin-LinuxServer@autosnap_2024-02-03_02:00:14_hourly
Storage/Docker-SyncoidTest/JellyFin-LinuxServer@autosnap_2024-02-03_03:00:09_hourly
Storage/Docker-SyncoidTest/JellyFin-LinuxServer@autosnap_2024-02-03_04:00:15_hourly
Storage/Docker-SyncoidTest/JellyFin-LinuxServer@autosnap_2024-02-03_05:00:19_hourly
Storage/Docker-SyncoidTest/JellyFin-LinuxServer@autosnap_2024-02-03_06:00:08_hourly
Storage/Docker-SyncoidTest/JellyFin-LinuxServer@autosnap_2024-08-18_14:10:57_daily
Storage/Docker-SyncoidTest/JellyFin-LinuxServer@autosnap_2024-08-18_14:10:57_hourly
Storage/Docker-SyncoidTest/JellyFin-LinuxServer@autosnap_2024-10-04_15:50:25_daily
Storage/Docker-SyncoidTest/JellyFin-LinuxServer@autosnap_2024-10-04_15:50:25_hourly
Storage/Docker-SyncoidTest/JellyFin-LinuxServer@autosnap_2024-10-04_16:00:33_hourly
Storage/Docker-SyncoidTest/JellyFin-LinuxServer@autosnap_2024-10-04_17:00:05_hourly
Storage/Docker-SyncoidTest/JellyFin-LinuxServer@autosnap_2024-10-12_19:24:24_daily
Storage/Docker-SyncoidTest/JellyFin-LinuxServer@autosnap_2024-10-12_19:24:24_hourly
Storage/Docker-SyncoidTest/JellyFin-LinuxServer@autosnap_2025-01-06_18:54:19_daily
Storage/Docker-SyncoidTest/JellyFin-LinuxServer@autosnap_2025-01-06_18:54:19_hourly
Storage/Docker-SyncoidTest/JellyFin-LinuxServer@autosnap_2025-01-06_19:00:01_hourly
Storage/Docker-SyncoidTest/JellyFin-LinuxServer@autosnap_2025-03-31_14:03:00_monthly
Storage/Docker-SyncoidTest/JellyFin-LinuxServer@autosnap_2025-03-31_14:03:00_daily
Storage/Docker-SyncoidTest/JellyFin-LinuxServer@autosnap_2025-03-31_14:03:00_hourly
Storage/Docker-SyncoidTest/JellyFin-LinuxServer@autosnap_2025-04-28_19:04:36_monthly
Storage/Docker-SyncoidTest/JellyFin-LinuxServer@autosnap_2025-04-28_19:04:36_daily
Storage/Docker-SyncoidTest/JellyFin-LinuxServer@autosnap_2025-04-28_19:04:36_hourly
Storage/Docker-SyncoidTest/JellyFin-LinuxServer@autosnap_2025-08-19_07:21:26_monthly
Storage/Docker-SyncoidTest/JellyFin-LinuxServer@autosnap_2025-08-19_07:21:26_daily
Storage/Docker-SyncoidTest/JellyFin-LinuxServer@autosnap_2025-08-19_07:21:26_hourly
Storage/Docker-SyncoidTest/JellyFin-LinuxServer@autosnap_2025-11-05_05:01:15_monthly
Storage/Docker-SyncoidTest/JellyFin-LinuxServer@autosnap_2025-11-05_05:01:15_daily
Storage/Docker-SyncoidTest/JellyFin-LinuxServer@autosnap_2025-11-05_05:01:15_hourly
Storage/Docker-SyncoidTest/JellyFin-LinuxServer@autosnap_2025-11-05_06:00:00_hourly
Storage/Docker-SyncoidTest/JellyFin-LinuxServer@autosnap_2025-11-05_07:00:16_hourly
Storage/Docker-SyncoidTest/JellyFin-LinuxServer@autosnap_2025-12-25_09:44:02_monthly
Storage/Docker-SyncoidTest/JellyFin-LinuxServer@autosnap_2025-12-25_09:44:02_daily
Storage/Docker-SyncoidTest/JellyFin-LinuxServer@autosnap_2025-12-25_09:44:02_hourly
Storage/Docker-SyncoidTest/JellyFin-LinuxServer@autosnap_2025-12-25_10:00:01_hourly
Storage/Docker-SyncoidTest/JellyFin-LinuxServer@autosnap_2026-01-02_13:52:46_monthly
Storage/Docker-SyncoidTest/JellyFin-LinuxServer@autosnap_2026-01-02_13:52:46_daily
Storage/Docker-SyncoidTest/JellyFin-LinuxServer@autosnap_2026-01-02_13:52:46_hourly
Storage/Docker-SyncoidTest/JellyFin-LinuxServer@autosnap_2026-01-02_14:00:02_hourly
Storage/Docker-SyncoidTest/JellyFin-LinuxServer@autosnap_2026-01-02_15:00:06_hourly
Storage/Docker-SyncoidTest/JellyFin-LinuxServer@SnapBeforeWatchTower-Date-2026-01-02_16_53_42
Storage/Docker-SyncoidTest/JellyFin-LinuxServer@SnapBeforeWatchTower-Date-2026-01-02_16_54_56
Storage/Docker-SyncoidTest/JellyFin-LinuxServer@autosnap_2026-01-02_16:00:05_hourly
Storage/Docker-SyncoidTest/JellyFin-LinuxServer@SnapBeforeWatchTower-Date-2026-01-02_17_08_18
Storage/Docker-SyncoidTest/JellyFin-LinuxServer@SnapBeforeWatchTower-Date-2026-01-02_17_40_27
Storage/Docker-SyncoidTest/JellyFin-LinuxServer@SnapBeforeWatchTower-Date-2026-01-02_17_47_47
Storage/Docker-SyncoidTest/JellyFin-LinuxServer@autosnap_2026-01-02_17:00:02_hourly
Storage/Docker-SyncoidTest/JellyFin-LinuxServer@SnapBeforeWatchTower-Date-2026-01-02_18_37_46
Storage/Docker-SyncoidTest/JellyFin-LinuxServer@SnapBeforeWatchTower-Date-2026-01-02_18_45_24
Storage/Docker-SyncoidTest/JellyFin-LinuxServer@SnapBeforeWatchTower-Date-2026-01-02_18_49_29
Storage/Docker-SyncoidTest/JellyFin-LinuxServer@autosnap_2026-01-02_18:00:04_hourly
Storage/Docker-SyncoidTest/JellyFin-LinuxServer@SnapBeforeWatchTower-Date-2026-01-02_19_37_13
Storage/Docker-SyncoidTest/JellyFin-LinuxServer@SnapBeforeWatchTower-Date-2026-01-02_19_54_29
Storage/Docker-SyncoidTest/JellyFin-LinuxServer@autosnap_2026-01-02_19:00:03_hourly
Storage/Docker-SyncoidTest/JellyFin-LinuxServer@SnapBeforeWatchTower-Date-2026-01-02_20_03_07
Storage/Docker-SyncoidTest/JellyFin-LinuxServer@SnapBeforeWatchTower-Date-2026-01-02_20_03_49
Storage/Docker-SyncoidTest/JellyFin-LinuxServer@SnapBeforeWatchTower-Date-2026-01-02_20_04_21
Storage/Docker-SyncoidTest/JellyFin-LinuxServer@autosnap_2026-01-09_12:50:13_daily
Storage/Docker-SyncoidTest/JellyFin-LinuxServer@autosnap_2026-01-09_12:50:13_hourly
Storage/Docker-SyncoidTest/JellyFin-LinuxServer@autosnap_2026-01-09_13:00:01_hourly
Storage/Docker-SyncoidTest/JellyFin-LinuxServer@SnapBeforeWatchTower-Date-2026-01-09_14_30_50
2026-01-09 14:30:50,578 - INFO - [Storage/Docker-SyncoidTest/JellyFin-LinuxServer] Found 14 matching snapshots (retain_count=3).
2026-01-09 14:30:50,579 - INFO - [Storage/Docker-SyncoidTest/JellyFin-LinuxServer] Cutoff time: 2026-01-06 14:30:50  (older_than=3 days, 0:00:00)
2026-01-09 14:30:50,579 - INFO - [Storage/Docker-SyncoidTest/JellyFin-LinuxServer] Will delete 11 snapshot(s).
2026-01-09 14:30:50,580 - DEBUG - Running command: zfs destroy Storage/Docker-SyncoidTest/JellyFin-LinuxServer@SnapBeforeWatchTower-Date-2026-01-02_20_03_07
2026-01-09 14:30:50,630 - INFO - [Storage/Docker-SyncoidTest/JellyFin-LinuxServer] Deleted snapshot: Storage/Docker-SyncoidTest/JellyFin-LinuxServer@SnapBeforeWatchTower-Date-2026-01-02_20_03_07
2026-01-09 14:30:50,630 - DEBUG - Running command: zfs destroy Storage/Docker-SyncoidTest/JellyFin-LinuxServer@SnapBeforeWatchTower-Date-2026-01-02_19_54_29
2026-01-09 14:30:50,672 - INFO - [Storage/Docker-SyncoidTest/JellyFin-LinuxServer] Deleted snapshot: Storage/Docker-SyncoidTest/JellyFin-LinuxServer@SnapBeforeWatchTower-Date-2026-01-02_19_54_29
2026-01-09 14:30:50,673 - DEBUG - Running command: zfs destroy Storage/Docker-SyncoidTest/JellyFin-LinuxServer@SnapBeforeWatchTower-Date-2026-01-02_19_37_13
2026-01-09 14:30:50,737 - INFO - [Storage/Docker-SyncoidTest/JellyFin-LinuxServer] Deleted snapshot: Storage/Docker-SyncoidTest/JellyFin-LinuxServer@SnapBeforeWatchTower-Date-2026-01-02_19_37_13
2026-01-09 14:30:50,738 - DEBUG - Running command: zfs destroy Storage/Docker-SyncoidTest/JellyFin-LinuxServer@SnapBeforeWatchTower-Date-2026-01-02_18_49_29
2026-01-09 14:30:50,820 - INFO - [Storage/Docker-SyncoidTest/JellyFin-LinuxServer] Deleted snapshot: Storage/Docker-SyncoidTest/JellyFin-LinuxServer@SnapBeforeWatchTower-Date-2026-01-02_18_49_29
2026-01-09 14:30:50,820 - DEBUG - Running command: zfs destroy Storage/Docker-SyncoidTest/JellyFin-LinuxServer@SnapBeforeWatchTower-Date-2026-01-02_18_45_24
2026-01-09 14:30:50,858 - INFO - [Storage/Docker-SyncoidTest/JellyFin-LinuxServer] Deleted snapshot: Storage/Docker-SyncoidTest/JellyFin-LinuxServer@SnapBeforeWatchTower-Date-2026-01-02_18_45_24
2026-01-09 14:30:50,858 - DEBUG - Running command: zfs destroy Storage/Docker-SyncoidTest/JellyFin-LinuxServer@SnapBeforeWatchTower-Date-2026-01-02_18_37_46
2026-01-09 14:30:50,908 - INFO - [Storage/Docker-SyncoidTest/JellyFin-LinuxServer] Deleted snapshot: Storage/Docker-SyncoidTest/JellyFin-LinuxServer@SnapBeforeWatchTower-Date-2026-01-02_18_37_46
2026-01-09 14:30:50,909 - DEBUG - Running command: zfs destroy Storage/Docker-SyncoidTest/JellyFin-LinuxServer@SnapBeforeWatchTower-Date-2026-01-02_17_47_47
2026-01-09 14:30:50,956 - INFO - [Storage/Docker-SyncoidTest/JellyFin-LinuxServer] Deleted snapshot: Storage/Docker-SyncoidTest/JellyFin-LinuxServer@SnapBeforeWatchTower-Date-2026-01-02_17_47_47
2026-01-09 14:30:50,956 - DEBUG - Running command: zfs destroy Storage/Docker-SyncoidTest/JellyFin-LinuxServer@SnapBeforeWatchTower-Date-2026-01-02_17_40_27
2026-01-09 14:30:50,996 - INFO - [Storage/Docker-SyncoidTest/JellyFin-LinuxServer] Deleted snapshot: Storage/Docker-SyncoidTest/JellyFin-LinuxServer@SnapBeforeWatchTower-Date-2026-01-02_17_40_27
2026-01-09 14:30:50,996 - DEBUG - Running command: zfs destroy Storage/Docker-SyncoidTest/JellyFin-LinuxServer@SnapBeforeWatchTower-Date-2026-01-02_17_08_18
2026-01-09 14:30:51,047 - INFO - [Storage/Docker-SyncoidTest/JellyFin-LinuxServer] Deleted snapshot: Storage/Docker-SyncoidTest/JellyFin-LinuxServer@SnapBeforeWatchTower-Date-2026-01-02_17_08_18
2026-01-09 14:30:51,047 - DEBUG - Running command: zfs destroy Storage/Docker-SyncoidTest/JellyFin-LinuxServer@SnapBeforeWatchTower-Date-2026-01-02_16_54_56
2026-01-09 14:30:51,095 - INFO - [Storage/Docker-SyncoidTest/JellyFin-LinuxServer] Deleted snapshot: Storage/Docker-SyncoidTest/JellyFin-LinuxServer@SnapBeforeWatchTower-Date-2026-01-02_16_54_56
2026-01-09 14:30:51,095 - DEBUG - Running command: zfs destroy Storage/Docker-SyncoidTest/JellyFin-LinuxServer@SnapBeforeWatchTower-Date-2026-01-02_16_53_42
2026-01-09 14:30:51,137 - INFO - [Storage/Docker-SyncoidTest/JellyFin-LinuxServer] Deleted snapshot: Storage/Docker-SyncoidTest/JellyFin-LinuxServer@SnapBeforeWatchTower-Date-2026-01-02_16_53_42
2026-01-09 14:30:51,137 - INFO - 

--------------------

2026-01-09 14:30:51,137 - INFO - Creating snapshot of: Storage/Docker-SyncoidTest/Matrix
2026-01-09 14:30:51,137 - DEBUG - Full snapshot name: Storage/Docker-SyncoidTest/Matrix@SnapBeforeWatchTower-Date-2026-01-09_14_30_51
2026-01-09 14:30:51,137 - DEBUG - Running command: zfs snapshot Storage/Docker-SyncoidTest/Matrix@SnapBeforeWatchTower-Date-2026-01-09_14_30_51
2026-01-09 14:30:51,177 - DEBUG - Running command: zfs list -H -t snapshot -o name Storage/Docker-SyncoidTest/Matrix
2026-01-09 14:30:51,209 - DEBUG - Command stdout:
Storage/Docker-SyncoidTest/Matrix@autosnap_2022-05-25_05:17:02_daily
Storage/Docker-SyncoidTest/Matrix@autosnap_2022-05-29_05:08:47_daily
Storage/Docker-SyncoidTest/Matrix@autosnap_2022-06-05_06:43:04_daily
Storage/Docker-SyncoidTest/Matrix@autosnap_2022-06-06_06:26:01_daily
Storage/Docker-SyncoidTest/Matrix@autosnap_2022-06-21_05:24:09_daily
Storage/Docker-SyncoidTest/Matrix@autosnap_2022-06-24_08:29:36_daily
Storage/Docker-SyncoidTest/Matrix@autosnap_2022-07-05_07:14:53_daily
Storage/Docker-SyncoidTest/Matrix@autosnap_2022-07-06_05:36:06_daily
Storage/Docker-SyncoidTest/Matrix@autosnap_2023-02-11_18:05:07_daily
Storage/Docker-SyncoidTest/Matrix@autosnap_2023-02-21_06:40:10_daily
Storage/Docker-SyncoidTest/Matrix@autosnap_2023-02-26_07:27:07_daily
Storage/Docker-SyncoidTest/Matrix@autosnap_2023-02-27_05:27:14_daily
Storage/Docker-SyncoidTest/Matrix@autosnap_2023-03-05_05:54:14_daily
Storage/Docker-SyncoidTest/Matrix@autosnap_2023-03-23_11:17:50_daily
Storage/Docker-SyncoidTest/Matrix@autosnap_2023-03-24_09:39:31_daily
Storage/Docker-SyncoidTest/Matrix@autosnap_2023-03-25_05:22:46_daily
Storage/Docker-SyncoidTest/Matrix@autosnap_2023-05-17_11:57:46_daily
Storage/Docker-SyncoidTest/Matrix@autosnap_2023-05-25_06:15:41_daily
Storage/Docker-SyncoidTest/Matrix@autosnap_2023-05-27_06:20:27_daily
Storage/Docker-SyncoidTest/Matrix@autosnap_2023-05-28_03:31:40_daily
Storage/Docker-SyncoidTest/Matrix@autosnap_2023-06-02_04:23:55_daily
Storage/Docker-SyncoidTest/Matrix@autosnap_2023-06-04_02:58:57_daily
Storage/Docker-SyncoidTest/Matrix@autosnap_2023-06-05_05:20:24_daily
Storage/Docker-SyncoidTest/Matrix@autosnap_2023-06-06_06:49:13_daily
Storage/Docker-SyncoidTest/Matrix@autosnap_2023-06-07_04:06:31_daily
Storage/Docker-SyncoidTest/Matrix@autosnap_2023-06-09_09:58:19_daily
Storage/Docker-SyncoidTest/Matrix@autosnap_2023-06-11_04:31:12_daily
Storage/Docker-SyncoidTest/Matrix@autosnap_2023-08-19_16:57:57_daily
Storage/Docker-SyncoidTest/Matrix@autosnap_2023-08-22_08:12:23_daily
Storage/Docker-SyncoidTest/Matrix@autosnap_2023-08-23_09:58:07_daily
Storage/Docker-SyncoidTest/Matrix@autosnap_2023-08-24_10:10:37_daily
Storage/Docker-SyncoidTest/Matrix@autosnap_2023-08-27_19:10:31_daily
Storage/Docker-SyncoidTest/Matrix@autosnap_2023-08-28_15:41:38_daily
Storage/Docker-SyncoidTest/Matrix@autosnap_2023-08-29_06:02:07_daily
Storage/Docker-SyncoidTest/Matrix@autosnap_2023-08-31_04:30:24_daily
Storage/Docker-SyncoidTest/Matrix@autosnap_2023-09-02_12:04:25_daily
Storage/Docker-SyncoidTest/Matrix@autosnap_2023-09-07_18:23:40_daily
Storage/Docker-SyncoidTest/Matrix@autosnap_2023-09-08_08:33:16_daily
Storage/Docker-SyncoidTest/Matrix@autosnap_2023-09-09_12:02:17_daily
Storage/Docker-SyncoidTest/Matrix@syncoid_darkyere-VirtualBox_2023-09-09:15:36:17-GMT02:00
Storage/Docker-SyncoidTest/Matrix@autosnap_2023-09-21_17:34:37_daily
Storage/Docker-SyncoidTest/Matrix@autosnap_2023-09-22_04:08:30_daily
Storage/Docker-SyncoidTest/Matrix@autosnap_2023-10-28_16:26:10_daily
Storage/Docker-SyncoidTest/Matrix@autosnap_2023-11-10_10:27:41_daily
Storage/Docker-SyncoidTest/Matrix@autosnap_2023-11-16_09:59:06_daily
Storage/Docker-SyncoidTest/Matrix@autosnap_2023-12-18_12:32:17_daily
Storage/Docker-SyncoidTest/Matrix@autosnap_2023-12-21_08:50:19_daily
Storage/Docker-SyncoidTest/Matrix@autosnap_2023-12-22_00:00:06_daily
Storage/Docker-SyncoidTest/Matrix@autosnap_2023-12-22_05:00:33_hourly
Storage/Docker-SyncoidTest/Matrix@autosnap_2023-12-22_06:00:03_hourly
Storage/Docker-SyncoidTest/Matrix@autosnap_2023-12-22_07:00:17_hourly
Storage/Docker-SyncoidTest/Matrix@autosnap_2023-12-22_08:00:12_hourly
Storage/Docker-SyncoidTest/Matrix@autosnap_2024-01-01_07:54:54_daily
Storage/Docker-SyncoidTest/Matrix@autosnap_2024-01-01_07:54:54_hourly
Storage/Docker-SyncoidTest/Matrix@autosnap_2024-01-01_08:00:02_hourly
Storage/Docker-SyncoidTest/Matrix@autosnap_2024-01-01_09:00:05_hourly
Storage/Docker-SyncoidTest/Matrix@autosnap_2024-01-01_10:00:07_hourly
Storage/Docker-SyncoidTest/Matrix@autosnap_2024-01-01_11:00:15_hourly
Storage/Docker-SyncoidTest/Matrix@autosnap_2024-01-01_12:00:05_hourly
Storage/Docker-SyncoidTest/Matrix@autosnap_2024-02-02_17:41:37_daily
Storage/Docker-SyncoidTest/Matrix@autosnap_2024-02-02_17:41:37_hourly
Storage/Docker-SyncoidTest/Matrix@autosnap_2024-02-02_18:00:20_hourly
Storage/Docker-SyncoidTest/Matrix@autosnap_2024-02-02_19:00:21_hourly
Storage/Docker-SyncoidTest/Matrix@autosnap_2024-02-02_20:00:23_hourly
Storage/Docker-SyncoidTest/Matrix@autosnap_2024-02-02_21:00:06_hourly
Storage/Docker-SyncoidTest/Matrix@autosnap_2024-02-02_22:00:17_hourly
Storage/Docker-SyncoidTest/Matrix@autosnap_2024-02-02_23:00:08_hourly
Storage/Docker-SyncoidTest/Matrix@autosnap_2024-02-03_00:00:10_daily
Storage/Docker-SyncoidTest/Matrix@autosnap_2024-02-03_00:00:10_hourly
Storage/Docker-SyncoidTest/Matrix@autosnap_2024-02-03_01:00:01_hourly
Storage/Docker-SyncoidTest/Matrix@autosnap_2024-02-03_02:00:13_hourly
Storage/Docker-SyncoidTest/Matrix@autosnap_2024-02-03_03:00:10_hourly
Storage/Docker-SyncoidTest/Matrix@autosnap_2024-02-03_04:00:15_hourly
Storage/Docker-SyncoidTest/Matrix@autosnap_2024-02-03_05:00:19_hourly
Storage/Docker-SyncoidTest/Matrix@autosnap_2024-02-03_06:00:09_hourly
Storage/Docker-SyncoidTest/Matrix@autosnap_2024-08-18_14:10:59_daily
Storage/Docker-SyncoidTest/Matrix@autosnap_2024-08-18_14:10:59_hourly
Storage/Docker-SyncoidTest/Matrix@autosnap_2024-10-04_15:50:25_daily
Storage/Docker-SyncoidTest/Matrix@autosnap_2024-10-04_15:50:25_hourly
Storage/Docker-SyncoidTest/Matrix@autosnap_2024-10-04_16:00:33_hourly
Storage/Docker-SyncoidTest/Matrix@autosnap_2024-10-04_17:00:06_hourly
Storage/Docker-SyncoidTest/Matrix@autosnap_2024-10-12_19:24:23_daily
Storage/Docker-SyncoidTest/Matrix@autosnap_2024-10-12_19:24:23_hourly
Storage/Docker-SyncoidTest/Matrix@autosnap_2025-01-06_18:54:16_daily
Storage/Docker-SyncoidTest/Matrix@autosnap_2025-01-06_18:54:16_hourly
Storage/Docker-SyncoidTest/Matrix@autosnap_2025-01-06_19:00:02_hourly
Storage/Docker-SyncoidTest/Matrix@autosnap_2025-03-31_14:02:57_monthly
Storage/Docker-SyncoidTest/Matrix@autosnap_2025-03-31_14:02:57_daily
Storage/Docker-SyncoidTest/Matrix@autosnap_2025-03-31_14:02:57_hourly
Storage/Docker-SyncoidTest/Matrix@autosnap_2025-04-28_19:04:36_monthly
Storage/Docker-SyncoidTest/Matrix@autosnap_2025-04-28_19:04:36_daily
Storage/Docker-SyncoidTest/Matrix@autosnap_2025-04-28_19:04:36_hourly
Storage/Docker-SyncoidTest/Matrix@autosnap_2025-08-19_07:21:25_monthly
Storage/Docker-SyncoidTest/Matrix@autosnap_2025-08-19_07:21:25_daily
Storage/Docker-SyncoidTest/Matrix@autosnap_2025-08-19_07:21:25_hourly
Storage/Docker-SyncoidTest/Matrix@autosnap_2025-11-05_05:01:14_monthly
Storage/Docker-SyncoidTest/Matrix@autosnap_2025-11-05_05:01:14_daily
Storage/Docker-SyncoidTest/Matrix@autosnap_2025-11-05_05:01:14_hourly
Storage/Docker-SyncoidTest/Matrix@autosnap_2025-11-05_06:00:01_hourly
Storage/Docker-SyncoidTest/Matrix@autosnap_2025-11-05_07:00:16_hourly
Storage/Docker-SyncoidTest/Matrix@autosnap_2025-12-25_09:44:02_monthly
Storage/Docker-SyncoidTest/Matrix@autosnap_2025-12-25_09:44:02_daily
Storage/Docker-SyncoidTest/Matrix@autosnap_2025-12-25_09:44:02_hourly
Storage/Docker-SyncoidTest/Matrix@autosnap_2025-12-25_10:00:03_hourly
Storage/Docker-SyncoidTest/Matrix@autosnap_2026-01-02_13:52:37_monthly
Storage/Docker-SyncoidTest/Matrix@autosnap_2026-01-02_13:52:37_daily
Storage/Docker-SyncoidTest/Matrix@autosnap_2026-01-02_13:52:37_hourly
Storage/Docker-SyncoidTest/Matrix@autosnap_2026-01-02_14:00:02_hourly
Storage/Docker-SyncoidTest/Matrix@autosnap_2026-01-02_15:00:06_hourly
Storage/Docker-SyncoidTest/Matrix@SnapBeforeWatchTower-Date-2026-01-02_16_53_42
Storage/Docker-SyncoidTest/Matrix@SnapBeforeWatchTower-Date-2026-01-02_16_54_56
Storage/Docker-SyncoidTest/Matrix@autosnap_2026-01-02_16:00:05_hourly
Storage/Docker-SyncoidTest/Matrix@SnapBeforeWatchTower-Date-2026-01-02_17_08_18
Storage/Docker-SyncoidTest/Matrix@SnapBeforeWatchTower-Date-2026-01-02_17_40_27
Storage/Docker-SyncoidTest/Matrix@SnapBeforeWatchTower-Date-2026-01-02_17_47_47
Storage/Docker-SyncoidTest/Matrix@autosnap_2026-01-02_17:00:01_hourly
Storage/Docker-SyncoidTest/Matrix@SnapBeforeWatchTower-Date-2026-01-02_18_37_46
Storage/Docker-SyncoidTest/Matrix@SnapBeforeWatchTower-Date-2026-01-02_18_45_24
Storage/Docker-SyncoidTest/Matrix@SnapBeforeWatchTower-Date-2026-01-02_18_49_29
Storage/Docker-SyncoidTest/Matrix@autosnap_2026-01-02_18:00:03_hourly
Storage/Docker-SyncoidTest/Matrix@SnapBeforeWatchTower-Date-2026-01-02_19_37_13
Storage/Docker-SyncoidTest/Matrix@SnapBeforeWatchTower-Date-2026-01-02_19_54_29
Storage/Docker-SyncoidTest/Matrix@autosnap_2026-01-02_19:00:04_hourly
Storage/Docker-SyncoidTest/Matrix@SnapBeforeWatchTower-Date-2026-01-02_20_03_08
Storage/Docker-SyncoidTest/Matrix@SnapBeforeWatchTower-Date-2026-01-02_20_03_49
Storage/Docker-SyncoidTest/Matrix@SnapBeforeWatchTower-Date-2026-01-02_20_04_21
Storage/Docker-SyncoidTest/Matrix@autosnap_2026-01-09_12:50:08_daily
Storage/Docker-SyncoidTest/Matrix@autosnap_2026-01-09_12:50:08_hourly
Storage/Docker-SyncoidTest/Matrix@autosnap_2026-01-09_13:00:02_hourly
Storage/Docker-SyncoidTest/Matrix@SnapBeforeWatchTower-Date-2026-01-09_14_30_51
2026-01-09 14:30:51,210 - INFO - [Storage/Docker-SyncoidTest/Matrix] Found 14 matching snapshots (retain_count=3).
2026-01-09 14:30:51,210 - INFO - [Storage/Docker-SyncoidTest/Matrix] Cutoff time: 2026-01-06 14:30:51  (older_than=3 days, 0:00:00)
2026-01-09 14:30:51,211 - INFO - [Storage/Docker-SyncoidTest/Matrix] Will delete 11 snapshot(s).
2026-01-09 14:30:51,211 - DEBUG - Running command: zfs destroy Storage/Docker-SyncoidTest/Matrix@SnapBeforeWatchTower-Date-2026-01-02_20_03_08
2026-01-09 14:30:51,260 - INFO - [Storage/Docker-SyncoidTest/Matrix] Deleted snapshot: Storage/Docker-SyncoidTest/Matrix@SnapBeforeWatchTower-Date-2026-01-02_20_03_08
2026-01-09 14:30:51,261 - DEBUG - Running command: zfs destroy Storage/Docker-SyncoidTest/Matrix@SnapBeforeWatchTower-Date-2026-01-02_19_54_29
2026-01-09 14:30:51,329 - INFO - [Storage/Docker-SyncoidTest/Matrix] Deleted snapshot: Storage/Docker-SyncoidTest/Matrix@SnapBeforeWatchTower-Date-2026-01-02_19_54_29
2026-01-09 14:30:51,329 - DEBUG - Running command: zfs destroy Storage/Docker-SyncoidTest/Matrix@SnapBeforeWatchTower-Date-2026-01-02_19_37_13
