2026-01-09 14:31:21,293 - INFO - 

--------------------

2026-01-09 14:31:21,293 - INFO - Starting snapshot creation...
2026-01-09 14:31:21,293 - INFO - 

--------------------

2026-01-09 14:31:21,293 - INFO - Creating snapshot of: Storage/Docker-Syncerate-Test
2026-01-09 14:31:21,293 - DEBUG - Full snapshot name: Storage/Docker-Syncerate-Test@SnapBeforeWatchTower-Date-2026-01-09_14_31_21
2026-01-09 14:31:21,293 - DEBUG - Running command: zfs snapshot Storage/Docker-Syncerate-Test@SnapBeforeWatchTower-Date-2026-01-09_14_31_21
2026-01-09 14:31:21,330 - DEBUG - Running command: zfs list -H -t snapshot -o name Storage/Docker-Syncerate-Test
2026-01-09 14:31:21,335 - DEBUG - Command stdout:
Storage/Docker-Syncerate-Test@SnapBeforeWatchTower-Date-2026-01-09_14_30_45
Storage/Docker-Syncerate-Test@SnapBeforeWatchTower-Date-2026-01-09_14_31_21
2026-01-09 14:31:21,339 - INFO - [Storage/Docker-Syncerate-Test] Found 2 matching snapshots (retain_count=12).
2026-01-09 14:31:21,339 - INFO - [Storage/Docker-Syncerate-Test] Cutoff time: 2025-10-11 14:31:21  (older_than=90 days, 0:00:00)
2026-01-09 14:31:21,339 - INFO - [Storage/Docker-Syncerate-Test] Will delete 0 snapshot(s).
2026-01-09 14:31:21,339 - INFO - 

--------------------

2026-01-09 14:31:21,339 - INFO - Creating snapshot of: Storage/Docker-SyncoidTest
2026-01-09 14:31:21,339 - DEBUG - Full snapshot name: Storage/Docker-SyncoidTest@SnapBeforeWatchTower-Date-2026-01-09_14_31_21
2026-01-09 14:31:21,339 - DEBUG - Running command: zfs snapshot Storage/Docker-SyncoidTest@SnapBeforeWatchTower-Date-2026-01-09_14_31_21
2026-01-09 14:31:21,377 - DEBUG - Running command: zfs list -H -t snapshot -o name Storage/Docker-SyncoidTest
2026-01-09 14:31:21,383 - DEBUG - Command stdout:
Storage/Docker-SyncoidTest@SnapBeforeWatchTower-Date-2026-01-09_14_30_46
Storage/Docker-SyncoidTest@SnapBeforeWatchTower-Date-2026-01-09_14_31_21
2026-01-09 14:31:21,383 - INFO - [Storage/Docker-SyncoidTest] Found 2 matching snapshots (retain_count=12).
2026-01-09 14:31:21,383 - INFO - [Storage/Docker-SyncoidTest] Cutoff time: 2025-10-11 14:31:21  (older_than=90 days, 0:00:00)
2026-01-09 14:31:21,383 - INFO - [Storage/Docker-SyncoidTest] Will delete 0 snapshot(s).
2026-01-09 14:31:21,383 - INFO - 

--------------------

2026-01-09 14:31:21,383 - INFO - Creating snapshot of: Storage/Docker-SyncoidTest/BitWardenrs
2026-01-09 14:31:21,383 - DEBUG - Full snapshot name: Storage/Docker-SyncoidTest/BitWardenrs@SnapBeforeWatchTower-Date-2026-01-09_14_31_21
2026-01-09 14:31:21,383 - DEBUG - Running command: zfs snapshot Storage/Docker-SyncoidTest/BitWardenrs@SnapBeforeWatchTower-Date-2026-01-09_14_31_21
2026-01-09 14:31:21,424 - DEBUG - Running command: zfs list -H -t snapshot -o name Storage/Docker-SyncoidTest/BitWardenrs
2026-01-09 14:31:21,462 - DEBUG - Command stdout:
Storage/Docker-SyncoidTest/BitWardenrs@autosnap_2022-05-25_05:16:47_daily
Storage/Docker-SyncoidTest/BitWardenrs@autosnap_2022-05-29_05:08:45_daily
Storage/Docker-SyncoidTest/BitWardenrs@autosnap_2022-06-05_06:42:59_daily
Storage/Docker-SyncoidTest/BitWardenrs@autosnap_2022-06-06_06:25:43_daily
Storage/Docker-SyncoidTest/BitWardenrs@autosnap_2022-06-21_05:24:17_daily
Storage/Docker-SyncoidTest/BitWardenrs@autosnap_2022-06-24_08:29:41_daily
Storage/Docker-SyncoidTest/BitWardenrs@autosnap_2022-07-05_07:15:07_daily
Storage/Docker-SyncoidTest/BitWardenrs@autosnap_2022-07-06_05:36:31_daily
Storage/Docker-SyncoidTest/BitWardenrs@autosnap_2023-02-11_18:04:22_daily
Storage/Docker-SyncoidTest/BitWardenrs@autosnap_2023-02-21_06:39:31_daily
Storage/Docker-SyncoidTest/BitWardenrs@autosnap_2023-02-26_07:27:06_daily
Storage/Docker-SyncoidTest/BitWardenrs@autosnap_2023-02-27_05:27:25_daily
Storage/Docker-SyncoidTest/BitWardenrs@autosnap_2023-03-05_05:54:58_daily
Storage/Docker-SyncoidTest/BitWardenrs@autosnap_2023-03-23_11:17:56_daily
Storage/Docker-SyncoidTest/BitWardenrs@autosnap_2023-03-24_09:39:09_daily
Storage/Docker-SyncoidTest/BitWardenrs@autosnap_2023-03-25_05:23:18_daily
Storage/Docker-SyncoidTest/BitWardenrs@autosnap_2023-05-17_11:57:45_daily
Storage/Docker-SyncoidTest/BitWardenrs@autosnap_2023-05-25_06:15:41_daily
Storage/Docker-SyncoidTest/BitWardenrs@autosnap_2023-05-27_06:20:26_daily
Storage/Docker-SyncoidTest/BitWardenrs@autosnap_2023-05-28_03:31:41_daily
Storage/Docker-SyncoidTest/BitWardenrs@autosnap_2023-05-29_19:16:51_daily
Storage/Docker-SyncoidTest/BitWardenrs@autosnap_2023-05-31_07:36:02_daily
Storage/Docker-SyncoidTest/BitWardenrs@autosnap_2023-06-02_04:23:55_daily
Storage/Docker-SyncoidTest/BitWardenrs@autosnap_2023-06-04_02:58:57_daily
Storage/Docker-SyncoidTest/BitWardenrs@autosnap_2023-06-05_05:20:24_daily
Storage/Docker-SyncoidTest/BitWardenrs@autosnap_2023-06-06_06:49:15_daily
Storage/Docker-SyncoidTest/BitWardenrs@autosnap_2023-06-07_04:06:32_daily
Storage/Docker-SyncoidTest/BitWardenrs@autosnap_2023-06-09_09:58:19_daily
Storage/Docker-SyncoidTest/BitWardenrs@autosnap_2023-06-11_04:31:11_daily
Storage/Docker-SyncoidTest/BitWardenrs@autosnap_2023-08-19_16:57:58_daily
Storage/Docker-SyncoidTest/BitWardenrs@autosnap_2023-08-22_08:12:25_daily
Storage/Docker-SyncoidTest/BitWardenrs@autosnap_2023-08-23_09:58:06_daily
Storage/Docker-SyncoidTest/BitWardenrs@autosnap_2023-08-24_10:10:38_daily
Storage/Docker-SyncoidTest/BitWardenrs@autosnap_2023-08-27_19:10:31_daily
Storage/Docker-SyncoidTest/BitWardenrs@autosnap_2023-08-28_15:41:39_daily
Storage/Docker-SyncoidTest/BitWardenrs@autosnap_2023-08-29_06:02:06_daily
Storage/Docker-SyncoidTest/BitWardenrs@autosnap_2023-08-31_04:30:26_daily
Storage/Docker-SyncoidTest/BitWardenrs@autosnap_2023-09-02_12:04:25_daily
Storage/Docker-SyncoidTest/BitWardenrs@autosnap_2023-09-07_18:23:41_daily
Storage/Docker-SyncoidTest/BitWardenrs@autosnap_2023-09-08_08:33:16_daily
Storage/Docker-SyncoidTest/BitWardenrs@autosnap_2023-09-09_12:02:17_daily
Storage/Docker-SyncoidTest/BitWardenrs@syncoid_darkyere-VirtualBox_2023-09-09:15:34:26-GMT02:00
Storage/Docker-SyncoidTest/BitWardenrs@autosnap_2023-09-21_17:34:36_daily
Storage/Docker-SyncoidTest/BitWardenrs@autosnap_2023-09-22_04:08:31_daily
Storage/Docker-SyncoidTest/BitWardenrs@autosnap_2023-10-28_16:26:09_daily
Storage/Docker-SyncoidTest/BitWardenrs@autosnap_2023-11-10_10:27:44_daily
Storage/Docker-SyncoidTest/BitWardenrs@autosnap_2023-11-16_09:59:03_daily
Storage/Docker-SyncoidTest/BitWardenrs@autosnap_2023-12-18_12:32:22_daily
Storage/Docker-SyncoidTest/BitWardenrs@autosnap_2023-12-21_08:50:19_daily
Storage/Docker-SyncoidTest/BitWardenrs@autosnap_2023-12-22_00:00:07_daily
Storage/Docker-SyncoidTest/BitWardenrs@autosnap_2023-12-22_05:00:33_hourly
Storage/Docker-SyncoidTest/BitWardenrs@autosnap_2023-12-22_06:00:03_hourly
Storage/Docker-SyncoidTest/BitWardenrs@autosnap_2023-12-22_07:00:17_hourly
Storage/Docker-SyncoidTest/BitWardenrs@autosnap_2023-12-22_08:00:11_hourly
Storage/Docker-SyncoidTest/BitWardenrs@autosnap_2024-01-01_07:54:57_daily
Storage/Docker-SyncoidTest/BitWardenrs@autosnap_2024-01-01_07:54:57_hourly
Storage/Docker-SyncoidTest/BitWardenrs@autosnap_2024-01-01_08:00:02_hourly
Storage/Docker-SyncoidTest/BitWardenrs@autosnap_2024-01-01_09:00:05_hourly
Storage/Docker-SyncoidTest/BitWardenrs@autosnap_2024-01-01_10:00:07_hourly
Storage/Docker-SyncoidTest/BitWardenrs@autosnap_2024-01-01_11:00:15_hourly
Storage/Docker-SyncoidTest/BitWardenrs@autosnap_2024-01-01_12:00:06_hourly
Storage/Docker-SyncoidTest/BitWardenrs@autosnap_2024-02-02_17:41:38_daily
Storage/Docker-SyncoidTest/BitWardenrs@autosnap_2024-02-02_17:41:38_hourly
Storage/Docker-SyncoidTest/BitWardenrs@autosnap_2024-02-02_18:00:20_hourly
Storage/Docker-SyncoidTest/BitWardenrs@autosnap_2024-02-02_19:00:22_hourly
Storage/Docker-SyncoidTest/BitWardenrs@autosnap_2024-02-02_20:00:22_hourly
Storage/Docker-SyncoidTest/BitWardenrs@autosnap_2024-02-02_21:00:08_hourly
Storage/Docker-SyncoidTest/BitWardenrs@autosnap_2024-02-02_22:00:17_hourly
Storage/Docker-SyncoidTest/BitWardenrs@autosnap_2024-02-02_23:00:07_hourly
Storage/Docker-SyncoidTest/BitWardenrs@autosnap_2024-02-03_00:00:10_daily
Storage/Docker-SyncoidTest/BitWardenrs@autosnap_2024-02-03_00:00:10_hourly
Storage/Docker-SyncoidTest/BitWardenrs@autosnap_2024-02-03_01:00:02_hourly
Storage/Docker-SyncoidTest/BitWardenrs@autosnap_2024-02-03_02:00:14_hourly
Storage/Docker-SyncoidTest/BitWardenrs@autosnap_2024-02-03_03:00:10_hourly
Storage/Docker-SyncoidTest/BitWardenrs@autosnap_2024-02-03_04:00:15_hourly
Storage/Docker-SyncoidTest/BitWardenrs@autosnap_2024-02-03_05:00:19_hourly
Storage/Docker-SyncoidTest/BitWardenrs@autosnap_2024-02-03_06:00:09_hourly
Storage/Docker-SyncoidTest/BitWardenrs@autosnap_2024-08-18_14:10:44_daily
Storage/Docker-SyncoidTest/BitWardenrs@autosnap_2024-08-18_14:10:44_hourly
Storage/Docker-SyncoidTest/BitWardenrs@autosnap_2024-10-04_15:50:28_daily
Storage/Docker-SyncoidTest/BitWardenrs@autosnap_2024-10-04_15:50:28_hourly
Storage/Docker-SyncoidTest/BitWardenrs@autosnap_2024-10-04_16:00:33_hourly
Storage/Docker-SyncoidTest/BitWardenrs@autosnap_2024-10-04_17:00:05_hourly
Storage/Docker-SyncoidTest/BitWardenrs@autosnap_2024-10-12_19:24:24_daily
Storage/Docker-SyncoidTest/BitWardenrs@autosnap_2024-10-12_19:24:24_hourly
Storage/Docker-SyncoidTest/BitWardenrs@autosnap_2025-01-06_18:54:18_daily
Storage/Docker-SyncoidTest/BitWardenrs@autosnap_2025-01-06_18:54:18_hourly
Storage/Docker-SyncoidTest/BitWardenrs@autosnap_2025-01-06_19:00:01_hourly
Storage/Docker-SyncoidTest/BitWardenrs@autosnap_2025-03-31_14:02:58_monthly
Storage/Docker-SyncoidTest/BitWardenrs@autosnap_2025-03-31_14:02:58_daily
Storage/Docker-SyncoidTest/BitWardenrs@autosnap_2025-03-31_14:02:58_hourly
Storage/Docker-SyncoidTest/BitWardenrs@autosnap_2025-04-28_19:04:40_monthly
Storage/Docker-SyncoidTest/BitWardenrs@autosnap_2025-04-28_19:04:40_daily
Storage/Docker-SyncoidTest/BitWardenrs@autosnap_2025-04-28_19:04:40_hourly
Storage/Docker-SyncoidTest/BitWardenrs@autosnap_2025-08-19_07:21:22_monthly
Storage/Docker-SyncoidTest/BitWardenrs@autosnap_2025-08-19_07:21:22_daily
Storage/Docker-SyncoidTest/BitWardenrs@autosnap_2025-08-19_07:21:22_hourly
Storage/Docker-SyncoidTest/BitWardenrs@autosnap_2025-11-05_05:01:17_monthly
Storage/Docker-SyncoidTest/BitWardenrs@autosnap_2025-11-05_05:01:17_daily
Storage/Docker-SyncoidTest/BitWardenrs@autosnap_2025-11-05_05:01:17_hourly
Storage/Docker-SyncoidTest/BitWardenrs@autosnap_2025-11-05_06:00:00_hourly
Storage/Docker-SyncoidTest/BitWardenrs@autosnap_2025-11-05_07:00:16_hourly
Storage/Docker-SyncoidTest/BitWardenrs@autosnap_2025-12-25_09:44:04_monthly
Storage/Docker-SyncoidTest/BitWardenrs@autosnap_2025-12-25_09:44:04_daily
Storage/Docker-SyncoidTest/BitWardenrs@autosnap_2025-12-25_09:44:04_hourly
Storage/Docker-SyncoidTest/BitWardenrs@autosnap_2025-12-25_10:00:02_hourly
Storage/Docker-SyncoidTest/BitWardenrs@autosnap_2026-01-02_13:52:39_monthly
Storage/Docker-SyncoidTest/BitWardenrs@autosnap_2026-01-02_13:52:39_daily
Storage/Docker-SyncoidTest/BitWardenrs@autosnap_2026-01-02_13:52:39_hourly
Storage/Docker-SyncoidTest/BitWardenrs@autosnap_2026-01-02_14:00:02_hourly
Storage/Docker-SyncoidTest/BitWardenrs@autosnap_2026-01-02_15:00:07_hourly
Storage/Docker-SyncoidTest/BitWardenrs@autosnap_2026-01-02_16:00:03_hourly
Storage/Docker-SyncoidTest/BitWardenrs@autosnap_2026-01-02_17:00:01_hourly
Storage/Docker-SyncoidTest/BitWardenrs@autosnap_2026-01-02_18:00:03_hourly
Storage/Docker-SyncoidTest/BitWardenrs@autosnap_2026-01-02_19:00:03_hourly
Storage/Docker-SyncoidTest/BitWardenrs@SnapBeforeWatchTower-Date-2026-01-02_20_03_48
Storage/Docker-SyncoidTest/BitWardenrs@SnapBeforeWatchTower-Date-2026-01-02_20_04_20
Storage/Docker-SyncoidTest/BitWardenrs@autosnap_2026-01-09_12:50:14_daily
Storage/Docker-SyncoidTest/BitWardenrs@autosnap_2026-01-09_12:50:14_hourly
Storage/Docker-SyncoidTest/BitWardenrs@autosnap_2026-01-09_13:00:01_hourly
Storage/Docker-SyncoidTest/BitWardenrs@SnapBeforeWatchTower-Date-2026-01-09_14_30_46
Storage/Docker-SyncoidTest/BitWardenrs@SnapBeforeWatchTower-Date-2026-01-09_14_31_21
2026-01-09 14:31:21,463 - INFO - [Storage/Docker-SyncoidTest/BitWardenrs] Found 4 matching snapshots (retain_count=12).
2026-01-09 14:31:21,463 - INFO - [Storage/Docker-SyncoidTest/BitWardenrs] Cutoff time: 2025-10-11 14:31:21  (older_than=90 days, 0:00:00)
2026-01-09 14:31:21,463 - INFO - [Storage/Docker-SyncoidTest/BitWardenrs] Will delete 0 snapshot(s).
2026-01-09 14:31:21,463 - INFO - 

--------------------

2026-01-09 14:31:21,463 - INFO - Creating snapshot of: Storage/Docker-SyncoidTest/DataSet With Spaces
2026-01-09 14:31:21,463 - DEBUG - Full snapshot name: Storage/Docker-SyncoidTest/DataSet With Spaces@SnapBeforeWatchTower-Date-2026-01-09_14_31_21
2026-01-09 14:31:21,463 - DEBUG - Running command: zfs snapshot Storage/Docker-SyncoidTest/DataSet With Spaces@SnapBeforeWatchTower-Date-2026-01-09_14_31_21
2026-01-09 14:31:21,511 - DEBUG - Running command: zfs list -H -t snapshot -o name Storage/Docker-SyncoidTest/DataSet With Spaces
2026-01-09 14:31:21,524 - DEBUG - Command stdout:
Storage/Docker-SyncoidTest/DataSet With Spaces@syncoid_darkyere-VirtualBox_2023-12-22:08:52:28-GMT01:00
Storage/Docker-SyncoidTest/DataSet With Spaces@SnapBeforeWatchTower-Date-2026-01-02_20_03_49
Storage/Docker-SyncoidTest/DataSet With Spaces@SnapBeforeWatchTower-Date-2026-01-02_20_04_20
Storage/Docker-SyncoidTest/DataSet With Spaces@SnapBeforeWatchTower-Date-2026-01-09_14_30_46
Storage/Docker-SyncoidTest/DataSet With Spaces@SnapBeforeWatchTower-Date-2026-01-09_14_31_21
2026-01-09 14:31:21,524 - INFO - [Storage/Docker-SyncoidTest/DataSet With Spaces] Found 4 matching snapshots (retain_count=12).
2026-01-09 14:31:21,524 - INFO - [Storage/Docker-SyncoidTest/DataSet With Spaces] Cutoff time: 2025-10-11 14:31:21  (older_than=90 days, 0:00:00)
2026-01-09 14:31:21,524 - INFO - [Storage/Docker-SyncoidTest/DataSet With Spaces] Will delete 0 snapshot(s).
2026-01-09 14:31:21,524 - INFO - 

--------------------

2026-01-09 14:31:21,525 - INFO - Creating snapshot of: Storage/Docker-SyncoidTest/Ebooks
2026-01-09 14:31:21,525 - DEBUG - Full snapshot name: Storage/Docker-SyncoidTest/Ebooks@SnapBeforeWatchTower-Date-2026-01-09_14_31_21
2026-01-09 14:31:21,525 - DEBUG - Running command: zfs snapshot Storage/Docker-SyncoidTest/Ebooks@SnapBeforeWatchTower-Date-2026-01-09_14_31_21
2026-01-09 14:31:21,567 - DEBUG - Running command: zfs list -H -t snapshot -o name Storage/Docker-SyncoidTest/Ebooks
2026-01-09 14:31:21,595 - DEBUG - Command stdout:
Storage/Docker-SyncoidTest/Ebooks@syncoid_darkyere-VirtualBox_2023-09-09:15:34:56-GMT02:00
Storage/Docker-SyncoidTest/Ebooks@autosnap_2023-09-09_14:00:08_daily
Storage/Docker-SyncoidTest/Ebooks@autosnap_2023-09-21_17:34:38_daily
Storage/Docker-SyncoidTest/Ebooks@autosnap_2023-09-22_04:08:29_daily
Storage/Docker-SyncoidTest/Ebooks@autosnap_2023-10-28_16:26:08_daily
Storage/Docker-SyncoidTest/Ebooks@autosnap_2023-11-10_10:27:41_daily
Storage/Docker-SyncoidTest/Ebooks@autosnap_2023-11-16_09:59:04_daily
Storage/Docker-SyncoidTest/Ebooks@autosnap_2023-12-18_12:32:20_daily
Storage/Docker-SyncoidTest/Ebooks@autosnap_2023-12-21_08:50:18_daily
Storage/Docker-SyncoidTest/Ebooks@autosnap_2023-12-22_00:00:07_daily
Storage/Docker-SyncoidTest/Ebooks@autosnap_2023-12-22_05:00:33_hourly
Storage/Docker-SyncoidTest/Ebooks@autosnap_2023-12-22_06:00:04_hourly
Storage/Docker-SyncoidTest/Ebooks@autosnap_2023-12-22_07:00:16_hourly
Storage/Docker-SyncoidTest/Ebooks@autosnap_2023-12-22_08:00:10_hourly
Storage/Docker-SyncoidTest/Ebooks@autosnap_2024-01-01_07:54:56_daily
Storage/Docker-SyncoidTest/Ebooks@autosnap_2024-01-01_07:54:56_hourly
Storage/Docker-SyncoidTest/Ebooks@autosnap_2024-01-01_08:00:01_hourly
Storage/Docker-SyncoidTest/Ebooks@autosnap_2024-01-01_09:00:05_hourly
Storage/Docker-SyncoidTest/Ebooks@autosnap_2024-01-01_10:00:07_hourly
Storage/Docker-SyncoidTest/Ebooks@autosnap_2024-01-01_11:00:15_hourly
Storage/Docker-SyncoidTest/Ebooks@autosnap_2024-01-01_12:00:05_hourly
Storage/Docker-SyncoidTest/Ebooks@autosnap_2024-02-02_17:41:41_daily
Storage/Docker-SyncoidTest/Ebooks@autosnap_2024-02-02_17:41:41_hourly
Storage/Docker-SyncoidTest/Ebooks@autosnap_2024-02-02_18:00:20_hourly
Storage/Docker-SyncoidTest/Ebooks@autosnap_2024-02-02_19:00:20_hourly
Storage/Docker-SyncoidTest/Ebooks@autosnap_2024-02-02_20:00:23_hourly
Storage/Docker-SyncoidTest/Ebooks@autosnap_2024-02-02_21:00:07_hourly
Storage/Docker-SyncoidTest/Ebooks@autosnap_2024-02-02_22:00:17_hourly
Storage/Docker-SyncoidTest/Ebooks@autosnap_2024-02-02_23:00:08_hourly
Storage/Docker-SyncoidTest/Ebooks@autosnap_2024-02-03_00:00:11_daily
Storage/Docker-SyncoidTest/Ebooks@autosnap_2024-02-03_00:00:11_hourly
Storage/Docker-SyncoidTest/Ebooks@autosnap_2024-02-03_01:00:01_hourly
Storage/Docker-SyncoidTest/Ebooks@autosnap_2024-02-03_02:00:13_hourly
Storage/Docker-SyncoidTest/Ebooks@autosnap_2024-02-03_03:00:10_hourly
Storage/Docker-SyncoidTest/Ebooks@autosnap_2024-02-03_04:00:15_hourly
Storage/Docker-SyncoidTest/Ebooks@autosnap_2024-02-03_05:00:19_hourly
Storage/Docker-SyncoidTest/Ebooks@autosnap_2024-02-03_06:00:08_hourly
Storage/Docker-SyncoidTest/Ebooks@autosnap_2024-08-18_14:10:58_daily
Storage/Docker-SyncoidTest/Ebooks@autosnap_2024-08-18_14:10:58_hourly
Storage/Docker-SyncoidTest/Ebooks@autosnap_2024-10-04_15:50:26_daily
Storage/Docker-SyncoidTest/Ebooks@autosnap_2024-10-04_15:50:26_hourly
Storage/Docker-SyncoidTest/Ebooks@autosnap_2024-10-04_16:00:30_hourly
Storage/Docker-SyncoidTest/Ebooks@autosnap_2024-10-04_17:00:06_hourly
Storage/Docker-SyncoidTest/Ebooks@autosnap_2024-10-12_19:24:23_daily
Storage/Docker-SyncoidTest/Ebooks@autosnap_2024-10-12_19:24:23_hourly
Storage/Docker-SyncoidTest/Ebooks@autosnap_2025-01-06_18:54:18_daily
Storage/Docker-SyncoidTest/Ebooks@autosnap_2025-01-06_18:54:18_hourly
Storage/Docker-SyncoidTest/Ebooks@autosnap_2025-01-06_19:00:02_hourly
Storage/Docker-SyncoidTest/Ebooks@autosnap_2025-03-31_14:03:00_monthly
Storage/Docker-SyncoidTest/Ebooks@autosnap_2025-03-31_14:03:00_daily
Storage/Docker-SyncoidTest/Ebooks@autosnap_2025-03-31_14:03:00_hourly
Storage/Docker-SyncoidTest/Ebooks@autosnap_2025-04-28_19:04:37_monthly
Storage/Docker-SyncoidTest/Ebooks@autosnap_2025-04-28_19:04:37_daily
Storage/Docker-SyncoidTest/Ebooks@autosnap_2025-04-28_19:04:37_hourly
Storage/Docker-SyncoidTest/Ebooks@autosnap_2025-08-19_07:21:26_monthly
Storage/Docker-SyncoidTest/Ebooks@autosnap_2025-08-19_07:21:26_daily
Storage/Docker-SyncoidTest/Ebooks@autosnap_2025-08-19_07:21:26_hourly
Storage/Docker-SyncoidTest/Ebooks@autosnap_2025-11-05_05:01:15_monthly
Storage/Docker-SyncoidTest/Ebooks@autosnap_2025-11-05_05:01:15_daily
Storage/Docker-SyncoidTest/Ebooks@autosnap_2025-11-05_05:01:15_hourly
Storage/Docker-SyncoidTest/Ebooks@autosnap_2025-11-05_06:00:01_hourly
Storage/Docker-SyncoidTest/Ebooks@autosnap_2025-11-05_07:00:17_hourly
Storage/Docker-SyncoidTest/Ebooks@autosnap_2025-12-25_09:44:04_monthly
Storage/Docker-SyncoidTest/Ebooks@autosnap_2025-12-25_09:44:04_daily
Storage/Docker-SyncoidTest/Ebooks@autosnap_2025-12-25_09:44:04_hourly
Storage/Docker-SyncoidTest/Ebooks@autosnap_2025-12-25_10:00:02_hourly
Storage/Docker-SyncoidTest/Ebooks@autosnap_2026-01-02_13:52:40_monthly
Storage/Docker-SyncoidTest/Ebooks@autosnap_2026-01-02_13:52:40_daily
Storage/Docker-SyncoidTest/Ebooks@autosnap_2026-01-02_13:52:40_hourly
Storage/Docker-SyncoidTest/Ebooks@autosnap_2026-01-02_14:00:02_hourly
Storage/Docker-SyncoidTest/Ebooks@autosnap_2026-01-02_15:00:07_hourly
Storage/Docker-SyncoidTest/Ebooks@autosnap_2026-01-02_16:00:05_hourly
Storage/Docker-SyncoidTest/Ebooks@autosnap_2026-01-02_17:00:01_hourly
Storage/Docker-SyncoidTest/Ebooks@autosnap_2026-01-02_18:00:04_hourly
Storage/Docker-SyncoidTest/Ebooks@autosnap_2026-01-02_19:00:03_hourly
Storage/Docker-SyncoidTest/Ebooks@SnapBeforeWatchTower-Date-2026-01-02_20_03_49
Storage/Docker-SyncoidTest/Ebooks@SnapBeforeWatchTower-Date-2026-01-02_20_04_20
Storage/Docker-SyncoidTest/Ebooks@autosnap_2026-01-09_12:50:04_daily
Storage/Docker-SyncoidTest/Ebooks@autosnap_2026-01-09_12:50:04_hourly
Storage/Docker-SyncoidTest/Ebooks@autosnap_2026-01-09_13:00:02_hourly
Storage/Docker-SyncoidTest/Ebooks@SnapBeforeWatchTower-Date-2026-01-09_14_30_47
Storage/Docker-SyncoidTest/Ebooks@SnapBeforeWatchTower-Date-2026-01-09_14_31_21
2026-01-09 14:31:21,595 - INFO - [Storage/Docker-SyncoidTest/Ebooks] Found 4 matching snapshots (retain_count=12).
2026-01-09 14:31:21,595 - INFO - [Storage/Docker-SyncoidTest/Ebooks] Cutoff time: 2025-10-11 14:31:21  (older_than=90 days, 0:00:00)
2026-01-09 14:31:21,595 - INFO - [Storage/Docker-SyncoidTest/Ebooks] Will delete 0 snapshot(s).
2026-01-09 14:31:21,595 - INFO - 

--------------------

2026-01-09 14:31:21,595 - INFO - Creating snapshot of: Storage/Docker-SyncoidTest/Grafana
2026-01-09 14:31:21,596 - DEBUG - Full snapshot name: Storage/Docker-SyncoidTest/Grafana@SnapBeforeWatchTower-Date-2026-01-09_14_31_21
2026-01-09 14:31:21,596 - DEBUG - Running command: zfs snapshot Storage/Docker-SyncoidTest/Grafana@SnapBeforeWatchTower-Date-2026-01-09_14_31_21
2026-01-09 14:31:21,635 - DEBUG - Running command: zfs list -H -t snapshot -o name Storage/Docker-SyncoidTest/Grafana
2026-01-09 14:31:21,675 - DEBUG - Command stdout:
Storage/Docker-SyncoidTest/Grafana@autosnap_2022-05-25_05:16:31_daily
Storage/Docker-SyncoidTest/Grafana@autosnap_2022-05-29_05:08:46_daily
Storage/Docker-SyncoidTest/Grafana@autosnap_2022-06-05_06:43:26_daily
Storage/Docker-SyncoidTest/Grafana@autosnap_2022-06-06_06:25:59_daily
Storage/Docker-SyncoidTest/Grafana@autosnap_2022-06-21_05:23:58_daily
Storage/Docker-SyncoidTest/Grafana@autosnap_2022-06-24_08:29:20_daily
Storage/Docker-SyncoidTest/Grafana@autosnap_2022-07-05_07:15:22_daily
Storage/Docker-SyncoidTest/Grafana@autosnap_2022-07-06_05:36:19_daily
Storage/Docker-SyncoidTest/Grafana@autosnap_2023-02-11_18:05:03_daily
Storage/Docker-SyncoidTest/Grafana@autosnap_2023-02-21_06:40:03_daily
Storage/Docker-SyncoidTest/Grafana@autosnap_2023-02-26_07:26:57_daily
Storage/Docker-SyncoidTest/Grafana@autosnap_2023-02-27_05:27:06_daily
Storage/Docker-SyncoidTest/Grafana@autosnap_2023-03-05_05:54:11_daily
Storage/Docker-SyncoidTest/Grafana@autosnap_2023-03-23_11:18:32_daily
Storage/Docker-SyncoidTest/Grafana@autosnap_2023-03-24_09:39:33_daily
Storage/Docker-SyncoidTest/Grafana@autosnap_2023-03-25_05:22:54_daily
Storage/Docker-SyncoidTest/Grafana@autosnap_2023-05-17_11:57:43_daily
Storage/Docker-SyncoidTest/Grafana@autosnap_2023-05-25_06:15:40_daily
Storage/Docker-SyncoidTest/Grafana@autosnap_2023-05-27_06:20:27_daily
Storage/Docker-SyncoidTest/Grafana@autosnap_2023-05-28_03:31:40_daily
Storage/Docker-SyncoidTest/Grafana@autosnap_2023-05-29_19:16:50_daily
Storage/Docker-SyncoidTest/Grafana@autosnap_2023-05-31_07:36:03_daily
Storage/Docker-SyncoidTest/Grafana@autosnap_2023-06-02_04:23:56_daily
Storage/Docker-SyncoidTest/Grafana@autosnap_2023-06-04_02:58:57_daily
Storage/Docker-SyncoidTest/Grafana@autosnap_2023-06-05_05:20:25_daily
Storage/Docker-SyncoidTest/Grafana@autosnap_2023-06-06_06:49:16_daily
Storage/Docker-SyncoidTest/Grafana@autosnap_2023-06-07_04:06:33_daily
Storage/Docker-SyncoidTest/Grafana@autosnap_2023-06-09_09:58:19_daily
Storage/Docker-SyncoidTest/Grafana@autosnap_2023-06-11_04:31:12_daily
Storage/Docker-SyncoidTest/Grafana@autosnap_2023-08-19_16:57:56_daily
Storage/Docker-SyncoidTest/Grafana@autosnap_2023-08-22_08:12:23_daily
Storage/Docker-SyncoidTest/Grafana@autosnap_2023-08-23_09:58:06_daily
Storage/Docker-SyncoidTest/Grafana@autosnap_2023-08-24_10:10:38_daily
Storage/Docker-SyncoidTest/Grafana@autosnap_2023-08-27_19:10:29_daily
Storage/Docker-SyncoidTest/Grafana@autosnap_2023-08-28_15:41:39_daily
Storage/Docker-SyncoidTest/Grafana@autosnap_2023-08-29_06:02:07_daily
Storage/Docker-SyncoidTest/Grafana@autosnap_2023-08-31_04:30:24_daily
Storage/Docker-SyncoidTest/Grafana@autosnap_2023-09-02_12:04:27_daily
Storage/Docker-SyncoidTest/Grafana@autosnap_2023-09-07_18:23:42_daily
Storage/Docker-SyncoidTest/Grafana@autosnap_2023-09-08_08:33:16_daily
Storage/Docker-SyncoidTest/Grafana@autosnap_2023-09-09_12:02:17_daily
Storage/Docker-SyncoidTest/Grafana@syncoid_darkyere-VirtualBox_2023-09-09:15:35:06-GMT02:00
Storage/Docker-SyncoidTest/Grafana@autosnap_2023-09-21_17:34:39_daily
Storage/Docker-SyncoidTest/Grafana@autosnap_2023-09-22_04:08:32_daily
Storage/Docker-SyncoidTest/Grafana@autosnap_2023-10-28_16:26:11_daily
Storage/Docker-SyncoidTest/Grafana@autosnap_2023-11-10_10:27:41_daily
Storage/Docker-SyncoidTest/Grafana@autosnap_2023-11-16_09:59:05_daily
Storage/Docker-SyncoidTest/Grafana@autosnap_2023-12-18_12:32:22_daily
Storage/Docker-SyncoidTest/Grafana@autosnap_2023-12-21_08:50:18_daily
Storage/Docker-SyncoidTest/Grafana@autosnap_2023-12-22_00:00:05_daily
Storage/Docker-SyncoidTest/Grafana@autosnap_2023-12-22_05:00:33_hourly
Storage/Docker-SyncoidTest/Grafana@autosnap_2023-12-22_06:00:03_hourly
Storage/Docker-SyncoidTest/Grafana@autosnap_2023-12-22_07:00:16_hourly
Storage/Docker-SyncoidTest/Grafana@autosnap_2023-12-22_08:00:11_hourly
Storage/Docker-SyncoidTest/Grafana@autosnap_2024-01-01_07:54:49_daily
Storage/Docker-SyncoidTest/Grafana@autosnap_2024-01-01_07:54:49_hourly
Storage/Docker-SyncoidTest/Grafana@autosnap_2024-01-01_08:00:02_hourly
Storage/Docker-SyncoidTest/Grafana@autosnap_2024-01-01_09:00:04_hourly
Storage/Docker-SyncoidTest/Grafana@autosnap_2024-01-01_10:00:07_hourly
Storage/Docker-SyncoidTest/Grafana@autosnap_2024-01-01_11:00:16_hourly
Storage/Docker-SyncoidTest/Grafana@autosnap_2024-01-01_12:00:05_hourly
Storage/Docker-SyncoidTest/Grafana@autosnap_2024-02-02_17:41:43_daily
Storage/Docker-SyncoidTest/Grafana@autosnap_2024-02-02_17:41:43_hourly
Storage/Docker-SyncoidTest/Grafana@autosnap_2024-02-02_18:00:20_hourly
Storage/Docker-SyncoidTest/Grafana@autosnap_2024-02-02_19:00:22_hourly
Storage/Docker-SyncoidTest/Grafana@autosnap_2024-02-02_20:00:22_hourly
Storage/Docker-SyncoidTest/Grafana@autosnap_2024-02-02_21:00:07_hourly
Storage/Docker-SyncoidTest/Grafana@autosnap_2024-02-02_22:00:18_hourly
Storage/Docker-SyncoidTest/Grafana@autosnap_2024-02-02_23:00:07_hourly
Storage/Docker-SyncoidTest/Grafana@autosnap_2024-02-03_00:00:10_daily
Storage/Docker-SyncoidTest/Grafana@autosnap_2024-02-03_00:00:10_hourly
Storage/Docker-SyncoidTest/Grafana@autosnap_2024-02-03_01:00:02_hourly
Storage/Docker-SyncoidTest/Grafana@autosnap_2024-02-03_02:00:13_hourly
Storage/Docker-SyncoidTest/Grafana@autosnap_2024-02-03_03:00:10_hourly
Storage/Docker-SyncoidTest/Grafana@autosnap_2024-02-03_04:00:15_hourly
Storage/Docker-SyncoidTest/Grafana@autosnap_2024-02-03_05:00:20_hourly
Storage/Docker-SyncoidTest/Grafana@autosnap_2024-02-03_06:00:08_hourly
Storage/Docker-SyncoidTest/Grafana@autosnap_2024-08-18_14:10:58_daily
Storage/Docker-SyncoidTest/Grafana@autosnap_2024-08-18_14:10:58_hourly
Storage/Docker-SyncoidTest/Grafana@autosnap_2024-10-04_15:50:22_daily
Storage/Docker-SyncoidTest/Grafana@autosnap_2024-10-04_15:50:22_hourly
Storage/Docker-SyncoidTest/Grafana@autosnap_2024-10-04_16:00:31_hourly
Storage/Docker-SyncoidTest/Grafana@autosnap_2024-10-04_17:00:06_hourly
Storage/Docker-SyncoidTest/Grafana@autosnap_2024-10-12_19:24:22_daily
Storage/Docker-SyncoidTest/Grafana@autosnap_2024-10-12_19:24:22_hourly
Storage/Docker-SyncoidTest/Grafana@autosnap_2025-01-06_18:54:16_daily
Storage/Docker-SyncoidTest/Grafana@autosnap_2025-01-06_18:54:16_hourly
Storage/Docker-SyncoidTest/Grafana@autosnap_2025-01-06_19:00:01_hourly
Storage/Docker-SyncoidTest/Grafana@autosnap_2025-03-31_14:02:57_monthly
Storage/Docker-SyncoidTest/Grafana@autosnap_2025-03-31_14:02:57_daily
Storage/Docker-SyncoidTest/Grafana@autosnap_2025-03-31_14:02:57_hourly
Storage/Docker-SyncoidTest/Grafana@autosnap_2025-04-28_19:04:37_monthly
Storage/Docker-SyncoidTest/Grafana@autosnap_2025-04-28_19:04:37_daily
Storage/Docker-SyncoidTest/Grafana@autosnap_2025-04-28_19:04:37_hourly
Storage/Docker-SyncoidTest/Grafana@autosnap_2025-08-19_07:21:28_monthly
Storage/Docker-SyncoidTest/Grafana@autosnap_2025-08-19_07:21:28_daily
Storage/Docker-SyncoidTest/Grafana@autosnap_2025-08-19_07:21:28_hourly
Storage/Docker-SyncoidTest/Grafana@autosnap_2025-11-05_05:01:13_monthly
Storage/Docker-SyncoidTest/Grafana@autosnap_2025-11-05_05:01:13_daily
Storage/Docker-SyncoidTest/Grafana@autosnap_2025-11-05_05:01:13_hourly
Storage/Docker-SyncoidTest/Grafana@autosnap_2025-11-05_06:00:02_hourly
Storage/Docker-SyncoidTest/Grafana@autosnap_2025-11-05_07:00:17_hourly
Storage/Docker-SyncoidTest/Grafana@autosnap_2025-12-25_09:43:36_monthly
Storage/Docker-SyncoidTest/Grafana@autosnap_2025-12-25_09:43:36_daily
Storage/Docker-SyncoidTest/Grafana@autosnap_2025-12-25_09:43:36_hourly
Storage/Docker-SyncoidTest/Grafana@autosnap_2025-12-25_10:00:02_hourly
Storage/Docker-SyncoidTest/Grafana@autosnap_2026-01-02_13:52:37_monthly
Storage/Docker-SyncoidTest/Grafana@autosnap_2026-01-02_13:52:37_daily
Storage/Docker-SyncoidTest/Grafana@autosnap_2026-01-02_13:52:37_hourly
Storage/Docker-SyncoidTest/Grafana@autosnap_2026-01-02_14:00:03_hourly
Storage/Docker-SyncoidTest/Grafana@autosnap_2026-01-02_15:00:06_hourly
Storage/Docker-SyncoidTest/Grafana@autosnap_2026-01-02_16:00:03_hourly
Storage/Docker-SyncoidTest/Grafana@autosnap_2026-01-02_17:00:01_hourly
Storage/Docker-SyncoidTest/Grafana@autosnap_2026-01-02_18:00:04_hourly
Storage/Docker-SyncoidTest/Grafana@autosnap_2026-01-02_19:00:04_hourly
Storage/Docker-SyncoidTest/Grafana@SnapBeforeWatchTower-Date-2026-01-02_20_03_49
Storage/Docker-SyncoidTest/Grafana@SnapBeforeWatchTower-Date-2026-01-02_20_04_20
Storage/Docker-SyncoidTest/Grafana@autosnap_2026-01-09_12:50:14_daily
Storage/Docker-SyncoidTest/Grafana@autosnap_2026-01-09_12:50:14_hourly
Storage/Docker-SyncoidTest/Grafana@autosnap_2026-01-09_13:00:02_hourly
Storage/Docker-SyncoidTest/Grafana@SnapBeforeWatchTower-Date-2026-01-09_14_30_48
Storage/Docker-SyncoidTest/Grafana@SnapBeforeWatchTower-Date-2026-01-09_14_31_21
2026-01-09 14:31:21,675 - INFO - [Storage/Docker-SyncoidTest/Grafana] Found 4 matching snapshots (retain_count=12).
2026-01-09 14:31:21,675 - INFO - [Storage/Docker-SyncoidTest/Grafana] Cutoff time: 2025-10-11 14:31:21  (older_than=90 days, 0:00:00)
2026-01-09 14:31:21,678 - INFO - [Storage/Docker-SyncoidTest/Grafana] Will delete 0 snapshot(s).
2026-01-09 14:31:21,678 - INFO - 

--------------------

2026-01-09 14:31:21,678 - INFO - Creating snapshot of: Storage/Docker-SyncoidTest/Heimdall
2026-01-09 14:31:21,679 - DEBUG - Full snapshot name: Storage/Docker-SyncoidTest/Heimdall@SnapBeforeWatchTower-Date-2026-01-09_14_31_21
2026-01-09 14:31:21,679 - DEBUG - Running command: zfs snapshot Storage/Docker-SyncoidTest/Heimdall@SnapBeforeWatchTower-Date-2026-01-09_14_31_21
2026-01-09 14:31:21,729 - DEBUG - Running command: zfs list -H -t snapshot -o name Storage/Docker-SyncoidTest/Heimdall
2026-01-09 14:31:21,768 - DEBUG - Command stdout:
Storage/Docker-SyncoidTest/Heimdall@autosnap_2022-05-25_05:16:37_daily
Storage/Docker-SyncoidTest/Heimdall@autosnap_2022-05-29_05:08:35_daily
Storage/Docker-SyncoidTest/Heimdall@autosnap_2022-06-05_06:43:39_daily
Storage/Docker-SyncoidTest/Heimdall@autosnap_2022-06-06_06:25:40_daily
Storage/Docker-SyncoidTest/Heimdall@autosnap_2022-06-21_05:23:48_daily
Storage/Docker-SyncoidTest/Heimdall@autosnap_2022-06-24_08:29:37_daily
Storage/Docker-SyncoidTest/Heimdall@autosnap_2022-07-05_07:15:04_daily
Storage/Docker-SyncoidTest/Heimdall@autosnap_2022-07-06_05:36:36_daily
Storage/Docker-SyncoidTest/Heimdall@autosnap_2023-02-11_18:04:53_daily
Storage/Docker-SyncoidTest/Heimdall@autosnap_2023-02-21_06:39:03_daily
Storage/Docker-SyncoidTest/Heimdall@autosnap_2023-02-26_07:27:19_daily
Storage/Docker-SyncoidTest/Heimdall@autosnap_2023-02-27_05:26:59_daily
Storage/Docker-SyncoidTest/Heimdall@autosnap_2023-03-05_05:55:22_daily
Storage/Docker-SyncoidTest/Heimdall@autosnap_2023-03-23_11:17:59_daily
Storage/Docker-SyncoidTest/Heimdall@autosnap_2023-03-24_09:39:16_daily
Storage/Docker-SyncoidTest/Heimdall@autosnap_2023-03-25_05:23:19_daily
Storage/Docker-SyncoidTest/Heimdall@autosnap_2023-05-17_11:57:45_daily
Storage/Docker-SyncoidTest/Heimdall@autosnap_2023-05-25_06:15:42_daily
Storage/Docker-SyncoidTest/Heimdall@autosnap_2023-05-27_06:20:26_daily
Storage/Docker-SyncoidTest/Heimdall@autosnap_2023-05-28_03:31:40_daily
Storage/Docker-SyncoidTest/Heimdall@autosnap_2023-05-29_19:16:50_daily
Storage/Docker-SyncoidTest/Heimdall@autosnap_2023-05-31_07:36:05_daily
Storage/Docker-SyncoidTest/Heimdall@autosnap_2023-06-02_04:23:55_daily
Storage/Docker-SyncoidTest/Heimdall@autosnap_2023-06-04_02:58:58_daily
Storage/Docker-SyncoidTest/Heimdall@autosnap_2023-06-05_05:20:24_daily
Storage/Docker-SyncoidTest/Heimdall@autosnap_2023-06-06_06:49:13_daily
Storage/Docker-SyncoidTest/Heimdall@autosnap_2023-06-07_04:06:31_daily
Storage/Docker-SyncoidTest/Heimdall@autosnap_2023-06-09_09:58:19_daily
Storage/Docker-SyncoidTest/Heimdall@autosnap_2023-06-11_04:31:12_daily
Storage/Docker-SyncoidTest/Heimdall@autosnap_2023-08-19_16:57:57_daily
Storage/Docker-SyncoidTest/Heimdall@autosnap_2023-08-22_08:12:23_daily
Storage/Docker-SyncoidTest/Heimdall@autosnap_2023-08-23_09:58:07_daily
Storage/Docker-SyncoidTest/Heimdall@autosnap_2023-08-24_10:10:39_daily
Storage/Docker-SyncoidTest/Heimdall@autosnap_2023-08-27_19:10:30_daily
Storage/Docker-SyncoidTest/Heimdall@autosnap_2023-08-28_15:41:40_daily
Storage/Docker-SyncoidTest/Heimdall@autosnap_2023-08-29_06:02:08_daily
Storage/Docker-SyncoidTest/Heimdall@autosnap_2023-08-31_04:30:23_daily
Storage/Docker-SyncoidTest/Heimdall@autosnap_2023-09-02_12:04:25_daily
Storage/Docker-SyncoidTest/Heimdall@autosnap_2023-09-07_18:23:41_daily
Storage/Docker-SyncoidTest/Heimdall@autosnap_2023-09-08_08:33:17_daily
Storage/Docker-SyncoidTest/Heimdall@autosnap_2023-09-09_12:02:16_daily
Storage/Docker-SyncoidTest/Heimdall@syncoid_darkyere-VirtualBox_2023-09-09:15:35:26-GMT02:00
Storage/Docker-SyncoidTest/Heimdall@autosnap_2023-09-21_17:34:37_daily
Storage/Docker-SyncoidTest/Heimdall@autosnap_2023-09-22_04:08:29_daily
Storage/Docker-SyncoidTest/Heimdall@autosnap_2023-10-28_16:26:07_daily
Storage/Docker-SyncoidTest/Heimdall@autosnap_2023-11-10_10:27:44_daily
Storage/Docker-SyncoidTest/Heimdall@autosnap_2023-11-16_09:59:03_daily
Storage/Docker-SyncoidTest/Heimdall@autosnap_2023-12-18_12:32:17_daily
Storage/Docker-SyncoidTest/Heimdall@autosnap_2023-12-21_08:50:19_daily
Storage/Docker-SyncoidTest/Heimdall@autosnap_2023-12-22_00:00:05_daily
Storage/Docker-SyncoidTest/Heimdall@autosnap_2023-12-22_05:00:33_hourly
Storage/Docker-SyncoidTest/Heimdall@autosnap_2023-12-22_06:00:03_hourly
Storage/Docker-SyncoidTest/Heimdall@autosnap_2023-12-22_07:00:17_hourly
Storage/Docker-SyncoidTest/Heimdall@autosnap_2023-12-22_08:00:10_hourly
Storage/Docker-SyncoidTest/Heimdall@autosnap_2024-01-01_07:54:57_daily
Storage/Docker-SyncoidTest/Heimdall@autosnap_2024-01-01_07:54:57_hourly
Storage/Docker-SyncoidTest/Heimdall@autosnap_2024-01-01_08:00:01_hourly
Storage/Docker-SyncoidTest/Heimdall@autosnap_2024-01-01_09:00:04_hourly
Storage/Docker-SyncoidTest/Heimdall@autosnap_2024-01-01_10:00:08_hourly
Storage/Docker-SyncoidTest/Heimdall@autosnap_2024-01-01_11:00:15_hourly
Storage/Docker-SyncoidTest/Heimdall@autosnap_2024-01-01_12:00:05_hourly
Storage/Docker-SyncoidTest/Heimdall@autosnap_2024-02-02_17:41:42_daily
Storage/Docker-SyncoidTest/Heimdall@autosnap_2024-02-02_17:41:42_hourly
Storage/Docker-SyncoidTest/Heimdall@autosnap_2024-02-02_18:00:20_hourly
Storage/Docker-SyncoidTest/Heimdall@autosnap_2024-02-02_19:00:21_hourly
Storage/Docker-SyncoidTest/Heimdall@autosnap_2024-02-02_20:00:23_hourly
Storage/Docker-SyncoidTest/Heimdall@autosnap_2024-02-02_21:00:08_hourly
Storage/Docker-SyncoidTest/Heimdall@autosnap_2024-02-02_22:00:17_hourly
Storage/Docker-SyncoidTest/Heimdall@autosnap_2024-02-02_23:00:07_hourly
Storage/Docker-SyncoidTest/Heimdall@autosnap_2024-02-03_00:00:10_daily
Storage/Docker-SyncoidTest/Heimdall@autosnap_2024-02-03_00:00:10_hourly
Storage/Docker-SyncoidTest/Heimdall@autosnap_2024-02-03_01:00:02_hourly
Storage/Docker-SyncoidTest/Heimdall@autosnap_2024-02-03_02:00:13_hourly
Storage/Docker-SyncoidTest/Heimdall@autosnap_2024-02-03_03:00:10_hourly
Storage/Docker-SyncoidTest/Heimdall@autosnap_2024-02-03_04:00:15_hourly
Storage/Docker-SyncoidTest/Heimdall@autosnap_2024-02-03_05:00:20_hourly
Storage/Docker-SyncoidTest/Heimdall@autosnap_2024-02-03_06:00:08_hourly
Storage/Docker-SyncoidTest/Heimdall@autosnap_2024-08-18_14:10:58_daily
Storage/Docker-SyncoidTest/Heimdall@autosnap_2024-08-18_14:10:58_hourly
Storage/Docker-SyncoidTest/Heimdall@autosnap_2024-10-04_15:50:24_daily
Storage/Docker-SyncoidTest/Heimdall@autosnap_2024-10-04_15:50:24_hourly
Storage/Docker-SyncoidTest/Heimdall@autosnap_2024-10-04_16:00:30_hourly
Storage/Docker-SyncoidTest/Heimdall@autosnap_2024-10-04_17:00:06_hourly
Storage/Docker-SyncoidTest/Heimdall@autosnap_2024-10-12_19:24:25_daily
Storage/Docker-SyncoidTest/Heimdall@autosnap_2024-10-12_19:24:25_hourly
Storage/Docker-SyncoidTest/Heimdall@autosnap_2025-01-06_18:54:17_daily
Storage/Docker-SyncoidTest/Heimdall@autosnap_2025-01-06_18:54:17_hourly
Storage/Docker-SyncoidTest/Heimdall@autosnap_2025-01-06_19:00:02_hourly
Storage/Docker-SyncoidTest/Heimdall@autosnap_2025-03-31_14:02:59_monthly
Storage/Docker-SyncoidTest/Heimdall@autosnap_2025-03-31_14:02:59_daily
Storage/Docker-SyncoidTest/Heimdall@autosnap_2025-03-31_14:02:59_hourly
Storage/Docker-SyncoidTest/Heimdall@autosnap_2025-04-28_19:04:40_monthly
Storage/Docker-SyncoidTest/Heimdall@autosnap_2025-04-28_19:04:40_daily
Storage/Docker-SyncoidTest/Heimdall@autosnap_2025-04-28_19:04:40_hourly
Storage/Docker-SyncoidTest/Heimdall@autosnap_2025-08-19_07:21:26_monthly
Storage/Docker-SyncoidTest/Heimdall@autosnap_2025-08-19_07:21:26_daily
Storage/Docker-SyncoidTest/Heimdall@autosnap_2025-08-19_07:21:26_hourly
Storage/Docker-SyncoidTest/Heimdall@autosnap_2025-11-05_05:01:14_monthly
Storage/Docker-SyncoidTest/Heimdall@autosnap_2025-11-05_05:01:14_daily
Storage/Docker-SyncoidTest/Heimdall@autosnap_2025-11-05_05:01:14_hourly
Storage/Docker-SyncoidTest/Heimdall@autosnap_2025-11-05_06:00:00_hourly
Storage/Docker-SyncoidTest/Heimdall@autosnap_2025-11-05_07:00:17_hourly
Storage/Docker-SyncoidTest/Heimdall@autosnap_2025-12-25_09:44:02_monthly
Storage/Docker-SyncoidTest/Heimdall@autosnap_2025-12-25_09:44:02_daily
Storage/Docker-SyncoidTest/Heimdall@autosnap_2025-12-25_09:44:02_hourly
Storage/Docker-SyncoidTest/Heimdall@autosnap_2025-12-25_10:00:02_hourly
Storage/Docker-SyncoidTest/Heimdall@autosnap_2026-01-02_13:52:42_monthly
Storage/Docker-SyncoidTest/Heimdall@autosnap_2026-01-02_13:52:42_daily
Storage/Docker-SyncoidTest/Heimdall@autosnap_2026-01-02_13:52:42_hourly
Storage/Docker-SyncoidTest/Heimdall@autosnap_2026-01-02_14:00:03_hourly
Storage/Docker-SyncoidTest/Heimdall@autosnap_2026-01-02_15:00:07_hourly
Storage/Docker-SyncoidTest/Heimdall@autosnap_2026-01-02_16:00:04_hourly
Storage/Docker-SyncoidTest/Heimdall@autosnap_2026-01-02_17:00:01_hourly
Storage/Docker-SyncoidTest/Heimdall@autosnap_2026-01-02_18:00:04_hourly
Storage/Docker-SyncoidTest/Heimdall@autosnap_2026-01-02_19:00:04_hourly
Storage/Docker-SyncoidTest/Heimdall@SnapBeforeWatchTower-Date-2026-01-02_20_03_49
Storage/Docker-SyncoidTest/Heimdall@SnapBeforeWatchTower-Date-2026-01-02_20_04_20
Storage/Docker-SyncoidTest/Heimdall@autosnap_2026-01-09_12:50:14_daily
Storage/Docker-SyncoidTest/Heimdall@autosnap_2026-01-09_12:50:14_hourly
Storage/Docker-SyncoidTest/Heimdall@autosnap_2026-01-09_13:00:01_hourly
Storage/Docker-SyncoidTest/Heimdall@SnapBeforeWatchTower-Date-2026-01-09_14_30_48
Storage/Docker-SyncoidTest/Heimdall@SnapBeforeWatchTower-Date-2026-01-09_14_31_21
2026-01-09 14:31:21,769 - INFO - [Storage/Docker-SyncoidTest/Heimdall] Found 4 matching snapshots (retain_count=12).
2026-01-09 14:31:21,769 - INFO - [Storage/Docker-SyncoidTest/Heimdall] Cutoff time: 2025-10-11 14:31:21  (older_than=90 days, 0:00:00)
2026-01-09 14:31:21,769 - INFO - [Storage/Docker-SyncoidTest/Heimdall] Will delete 0 snapshot(s).
2026-01-09 14:31:21,769 - INFO - 

--------------------

2026-01-09 14:31:21,769 - INFO - Creating snapshot of: Storage/Docker-SyncoidTest/Home-Assistant
2026-01-09 14:31:21,770 - DEBUG - Full snapshot name: Storage/Docker-SyncoidTest/Home-Assistant@SnapBeforeWatchTower-Date-2026-01-09_14_31_21
2026-01-09 14:31:21,770 - DEBUG - Running command: zfs snapshot Storage/Docker-SyncoidTest/Home-Assistant@SnapBeforeWatchTower-Date-2026-01-09_14_31_21
2026-01-09 14:31:21,830 - DEBUG - Running command: zfs list -H -t snapshot -o name Storage/Docker-SyncoidTest/Home-Assistant
2026-01-09 14:31:21,852 - DEBUG - Command stdout:
Storage/Docker-SyncoidTest/Home-Assistant@autosnap_2022-05-25_05:16:54_daily
Storage/Docker-SyncoidTest/Home-Assistant@autosnap_2022-05-29_05:08:38_daily
Storage/Docker-SyncoidTest/Home-Assistant@autosnap_2022-06-05_06:43:11_daily
Storage/Docker-SyncoidTest/Home-Assistant@autosnap_2022-06-06_06:25:41_daily
Storage/Docker-SyncoidTest/Home-Assistant@autosnap_2022-06-21_05:24:14_daily
Storage/Docker-SyncoidTest/Home-Assistant@autosnap_2022-06-24_08:29:34_daily
Storage/Docker-SyncoidTest/Home-Assistant@autosnap_2022-07-05_07:14:30_daily
Storage/Docker-SyncoidTest/Home-Assistant@autosnap_2022-07-06_05:36:23_daily
Storage/Docker-SyncoidTest/Home-Assistant@autosnap_2023-02-11_18:04:41_daily
Storage/Docker-SyncoidTest/Home-Assistant@autosnap_2023-02-21_06:38:59_daily
Storage/Docker-SyncoidTest/Home-Assistant@autosnap_2023-02-26_07:27:12_daily
Storage/Docker-SyncoidTest/Home-Assistant@autosnap_2023-02-27_05:27:16_daily
Storage/Docker-SyncoidTest/Home-Assistant@autosnap_2023-03-05_05:55:14_daily
Storage/Docker-SyncoidTest/Home-Assistant@autosnap_2023-03-23_11:18:22_daily
Storage/Docker-SyncoidTest/Home-Assistant@autosnap_2023-03-24_09:39:21_daily
Storage/Docker-SyncoidTest/Home-Assistant@autosnap_2023-03-25_05:23:00_daily
Storage/Docker-SyncoidTest/Home-Assistant@autosnap_2023-05-17_11:57:47_daily
Storage/Docker-SyncoidTest/Home-Assistant@autosnap_2023-05-25_06:15:43_daily
Storage/Docker-SyncoidTest/Home-Assistant@autosnap_2023-05-27_06:20:25_daily
Storage/Docker-SyncoidTest/Home-Assistant@autosnap_2023-05-28_03:31:41_daily
Storage/Docker-SyncoidTest/Home-Assistant@autosnap_2023-05-29_19:16:49_daily
Storage/Docker-SyncoidTest/Home-Assistant@autosnap_2023-05-31_07:36:04_daily
Storage/Docker-SyncoidTest/Home-Assistant@autosnap_2023-06-02_04:23:56_daily
Storage/Docker-SyncoidTest/Home-Assistant@autosnap_2023-06-04_02:58:58_daily
Storage/Docker-SyncoidTest/Home-Assistant@autosnap_2023-06-05_05:20:23_daily
Storage/Docker-SyncoidTest/Home-Assistant@autosnap_2023-06-06_06:49:14_daily
Storage/Docker-SyncoidTest/Home-Assistant@autosnap_2023-06-07_04:06:32_daily
Storage/Docker-SyncoidTest/Home-Assistant@autosnap_2023-06-09_09:58:19_daily
Storage/Docker-SyncoidTest/Home-Assistant@autosnap_2023-06-11_04:31:11_daily
Storage/Docker-SyncoidTest/Home-Assistant@autosnap_2023-08-19_16:57:57_daily
Storage/Docker-SyncoidTest/Home-Assistant@autosnap_2023-08-22_08:12:23_daily
Storage/Docker-SyncoidTest/Home-Assistant@autosnap_2023-08-23_09:58:07_daily
Storage/Docker-SyncoidTest/Home-Assistant@autosnap_2023-08-24_10:10:38_daily
Storage/Docker-SyncoidTest/Home-Assistant@autosnap_2023-08-27_19:10:31_daily
Storage/Docker-SyncoidTest/Home-Assistant@autosnap_2023-08-28_15:41:40_daily
Storage/Docker-SyncoidTest/Home-Assistant@autosnap_2023-08-29_06:02:07_daily
Storage/Docker-SyncoidTest/Home-Assistant@autosnap_2023-08-31_04:30:25_daily
Storage/Docker-SyncoidTest/Home-Assistant@autosnap_2023-09-02_12:04:26_daily
Storage/Docker-SyncoidTest/Home-Assistant@autosnap_2023-09-07_18:23:42_daily
Storage/Docker-SyncoidTest/Home-Assistant@autosnap_2023-09-08_08:33:14_daily
Storage/Docker-SyncoidTest/Home-Assistant@autosnap_2023-09-09_12:02:19_daily
Storage/Docker-SyncoidTest/Home-Assistant@syncoid_darkyere-VirtualBox_2023-09-09:15:35:36-GMT02:00
Storage/Docker-SyncoidTest/Home-Assistant@autosnap_2023-09-21_17:34:37_daily
Storage/Docker-SyncoidTest/Home-Assistant@autosnap_2023-09-22_04:08:31_daily
Storage/Docker-SyncoidTest/Home-Assistant@autosnap_2023-10-28_16:26:08_daily
Storage/Docker-SyncoidTest/Home-Assistant@autosnap_2023-11-10_10:27:44_daily
Storage/Docker-SyncoidTest/Home-Assistant@autosnap_2023-11-16_09:59:05_daily
Storage/Docker-SyncoidTest/Home-Assistant@autosnap_2023-12-18_12:32:21_daily
Storage/Docker-SyncoidTest/Home-Assistant@autosnap_2023-12-21_08:50:20_daily
Storage/Docker-SyncoidTest/Home-Assistant@autosnap_2023-12-22_00:00:07_daily
Storage/Docker-SyncoidTest/Home-Assistant@autosnap_2023-12-22_05:00:33_hourly
Storage/Docker-SyncoidTest/Home-Assistant@autosnap_2023-12-22_06:00:03_hourly
Storage/Docker-SyncoidTest/Home-Assistant@autosnap_2023-12-22_07:00:17_hourly
Storage/Docker-SyncoidTest/Home-Assistant@autosnap_2023-12-22_08:00:10_hourly
Storage/Docker-SyncoidTest/Home-Assistant@autosnap_2024-01-01_07:54:57_daily
Storage/Docker-SyncoidTest/Home-Assistant@autosnap_2024-01-01_07:54:57_hourly
Storage/Docker-SyncoidTest/Home-Assistant@autosnap_2024-01-01_08:00:02_hourly
Storage/Docker-SyncoidTest/Home-Assistant@autosnap_2024-01-01_09:00:05_hourly
Storage/Docker-SyncoidTest/Home-Assistant@autosnap_2024-01-01_10:00:07_hourly
Storage/Docker-SyncoidTest/Home-Assistant@autosnap_2024-01-01_11:00:16_hourly
Storage/Docker-SyncoidTest/Home-Assistant@autosnap_2024-01-01_12:00:06_hourly
Storage/Docker-SyncoidTest/Home-Assistant@autosnap_2024-02-02_17:41:39_daily
Storage/Docker-SyncoidTest/Home-Assistant@autosnap_2024-02-02_17:41:39_hourly
Storage/Docker-SyncoidTest/Home-Assistant@autosnap_2024-02-02_18:00:21_hourly
Storage/Docker-SyncoidTest/Home-Assistant@autosnap_2024-02-02_19:00:21_hourly
Storage/Docker-SyncoidTest/Home-Assistant@autosnap_2024-02-02_20:00:23_hourly
Storage/Docker-SyncoidTest/Home-Assistant@autosnap_2024-02-02_21:00:08_hourly
Storage/Docker-SyncoidTest/Home-Assistant@autosnap_2024-02-02_22:00:17_hourly
Storage/Docker-SyncoidTest/Home-Assistant@autosnap_2024-02-02_23:00:07_hourly
Storage/Docker-SyncoidTest/Home-Assistant@autosnap_2024-02-03_00:00:11_daily
Storage/Docker-SyncoidTest/Home-Assistant@autosnap_2024-02-03_00:00:11_hourly
Storage/Docker-SyncoidTest/Home-Assistant@autosnap_2024-02-03_01:00:01_hourly
Storage/Docker-SyncoidTest/Home-Assistant@autosnap_2024-02-03_02:00:13_hourly
Storage/Docker-SyncoidTest/Home-Assistant@autosnap_2024-02-03_03:00:10_hourly
Storage/Docker-SyncoidTest/Home-Assistant@autosnap_2024-02-03_04:00:15_hourly
Storage/Docker-SyncoidTest/Home-Assistant@autosnap_2024-02-03_05:00:20_hourly
Storage/Docker-SyncoidTest/Home-Assistant@autosnap_2024-02-03_06:00:08_hourly
Storage/Docker-SyncoidTest/Home-Assistant@autosnap_2024-08-18_14:10:58_daily
Storage/Docker-SyncoidTest/Home-Assistant@autosnap_2024-08-18_14:10:58_hourly
Storage/Docker-SyncoidTest/Home-Assistant@autosnap_2024-10-04_15:50:28_daily
Storage/Docker-SyncoidTest/Home-Assistant@autosnap_2024-10-04_15:50:28_hourly
Storage/Docker-SyncoidTest/Home-Assistant@autosnap_2024-10-04_16:00:31_hourly
Storage/Docker-SyncoidTest/Home-Assistant@autosnap_2024-10-04_17:00:06_hourly
Storage/Docker-SyncoidTest/Home-Assistant@autosnap_2024-10-12_19:24:23_daily
Storage/Docker-SyncoidTest/Home-Assistant@autosnap_2024-10-12_19:24:23_hourly
Storage/Docker-SyncoidTest/Home-Assistant@autosnap_2025-01-06_18:54:17_daily
Storage/Docker-SyncoidTest/Home-Assistant@autosnap_2025-01-06_18:54:17_hourly
Storage/Docker-SyncoidTest/Home-Assistant@autosnap_2025-01-06_19:00:01_hourly
Storage/Docker-SyncoidTest/Home-Assistant@autosnap_2025-03-31_14:03:00_monthly
Storage/Docker-SyncoidTest/Home-Assistant@autosnap_2025-03-31_14:03:00_daily
Storage/Docker-SyncoidTest/Home-Assistant@autosnap_2025-03-31_14:03:00_hourly
Storage/Docker-SyncoidTest/Home-Assistant@autosnap_2025-04-28_19:04:38_monthly
Storage/Docker-SyncoidTest/Home-Assistant@autosnap_2025-04-28_19:04:38_daily
Storage/Docker-SyncoidTest/Home-Assistant@autosnap_2025-04-28_19:04:38_hourly
Storage/Docker-SyncoidTest/Home-Assistant@autosnap_2025-08-19_07:21:28_monthly
Storage/Docker-SyncoidTest/Home-Assistant@autosnap_2025-08-19_07:21:28_daily
Storage/Docker-SyncoidTest/Home-Assistant@autosnap_2025-08-19_07:21:28_hourly
Storage/Docker-SyncoidTest/Home-Assistant@autosnap_2025-11-05_05:01:16_monthly
Storage/Docker-SyncoidTest/Home-Assistant@autosnap_2025-11-05_05:01:16_daily
Storage/Docker-SyncoidTest/Home-Assistant@autosnap_2025-11-05_05:01:16_hourly
Storage/Docker-SyncoidTest/Home-Assistant@autosnap_2025-11-05_06:00:00_hourly
Storage/Docker-SyncoidTest/Home-Assistant@autosnap_2025-11-05_07:00:16_hourly
Storage/Docker-SyncoidTest/Home-Assistant@autosnap_2025-12-25_09:44:02_monthly
Storage/Docker-SyncoidTest/Home-Assistant@autosnap_2025-12-25_09:44:02_daily
Storage/Docker-SyncoidTest/Home-Assistant@autosnap_2025-12-25_09:44:02_hourly
Storage/Docker-SyncoidTest/Home-Assistant@autosnap_2025-12-25_10:00:01_hourly
Storage/Docker-SyncoidTest/Home-Assistant@autosnap_2026-01-02_13:52:44_monthly
Storage/Docker-SyncoidTest/Home-Assistant@autosnap_2026-01-02_13:52:44_daily
Storage/Docker-SyncoidTest/Home-Assistant@autosnap_2026-01-02_13:52:44_hourly
Storage/Docker-SyncoidTest/Home-Assistant@autosnap_2026-01-02_14:00:02_hourly
Storage/Docker-SyncoidTest/Home-Assistant@autosnap_2026-01-02_15:00:08_hourly
Storage/Docker-SyncoidTest/Home-Assistant@autosnap_2026-01-02_16:00:03_hourly
Storage/Docker-SyncoidTest/Home-Assistant@autosnap_2026-01-02_17:00:01_hourly
Storage/Docker-SyncoidTest/Home-Assistant@autosnap_2026-01-02_18:00:05_hourly
Storage/Docker-SyncoidTest/Home-Assistant@autosnap_2026-01-02_19:00:04_hourly
Storage/Docker-SyncoidTest/Home-Assistant@SnapBeforeWatchTower-Date-2026-01-02_20_03_49
Storage/Docker-SyncoidTest/Home-Assistant@SnapBeforeWatchTower-Date-2026-01-02_20_04_21
Storage/Docker-SyncoidTest/Home-Assistant@autosnap_2026-01-09_12:50:13_daily
Storage/Docker-SyncoidTest/Home-Assistant@autosnap_2026-01-09_12:50:13_hourly
Storage/Docker-SyncoidTest/Home-Assistant@autosnap_2026-01-09_13:00:02_hourly
Storage/Docker-SyncoidTest/Home-Assistant@SnapBeforeWatchTower-Date-2026-01-09_14_30_49
Storage/Docker-SyncoidTest/Home-Assistant@SnapBeforeWatchTower-Date-2026-01-09_14_31_21
2026-01-09 14:31:21,852 - INFO - [Storage/Docker-SyncoidTest/Home-Assistant] Found 4 matching snapshots (retain_count=12).
2026-01-09 14:31:21,852 - INFO - [Storage/Docker-SyncoidTest/Home-Assistant] Cutoff time: 2025-10-11 14:31:21  (older_than=90 days, 0:00:00)
2026-01-09 14:31:21,852 - INFO - [Storage/Docker-SyncoidTest/Home-Assistant] Will delete 0 snapshot(s).
2026-01-09 14:31:21,852 - INFO - 

--------------------

2026-01-09 14:31:21,852 - INFO - Creating snapshot of: Storage/Docker-SyncoidTest/JellyFin
2026-01-09 14:31:21,852 - DEBUG - Full snapshot name: Storage/Docker-SyncoidTest/JellyFin@SnapBeforeWatchTower-Date-2026-01-09_14_31_21
2026-01-09 14:31:21,852 - DEBUG - Running command: zfs snapshot Storage/Docker-SyncoidTest/JellyFin@SnapBeforeWatchTower-Date-2026-01-09_14_31_21
2026-01-09 14:31:21,887 - DEBUG - Running command: zfs list -H -t snapshot -o name Storage/Docker-SyncoidTest/JellyFin
2026-01-09 14:31:21,907 - DEBUG - Command stdout:
Storage/Docker-SyncoidTest/JellyFin@autosnap_2022-05-25_05:16:44_daily
Storage/Docker-SyncoidTest/JellyFin@autosnap_2022-05-29_05:08:48_daily
Storage/Docker-SyncoidTest/JellyFin@autosnap_2022-06-05_06:43:51_daily
Storage/Docker-SyncoidTest/JellyFin@autosnap_2022-06-06_06:26:00_daily
Storage/Docker-SyncoidTest/JellyFin@autosnap_2022-06-21_05:23:37_daily
Storage/Docker-SyncoidTest/JellyFin@autosnap_2022-06-24_08:29:22_daily
Storage/Docker-SyncoidTest/JellyFin@autosnap_2022-07-05_07:14:45_daily
Storage/Docker-SyncoidTest/JellyFin@autosnap_2022-07-06_05:36:08_daily
Storage/Docker-SyncoidTest/JellyFin@autosnap_2023-02-11_18:04:30_daily
Storage/Docker-SyncoidTest/JellyFin@autosnap_2023-02-21_06:39:51_daily
Storage/Docker-SyncoidTest/JellyFin@autosnap_2023-02-26_07:27:15_daily
Storage/Docker-SyncoidTest/JellyFin@autosnap_2023-02-27_05:27:08_daily
Storage/Docker-SyncoidTest/JellyFin@autosnap_2023-03-05_05:54:20_daily
Storage/Docker-SyncoidTest/JellyFin@autosnap_2023-03-23_11:18:12_daily
Storage/Docker-SyncoidTest/JellyFin@autosnap_2023-03-24_09:39:11_daily
Storage/Docker-SyncoidTest/JellyFin@autosnap_2023-03-25_05:23:16_daily
Storage/Docker-SyncoidTest/JellyFin@autosnap_2023-05-17_11:57:45_daily
Storage/Docker-SyncoidTest/JellyFin@autosnap_2023-05-25_06:15:41_daily
Storage/Docker-SyncoidTest/JellyFin@autosnap_2023-05-27_06:20:27_daily
Storage/Docker-SyncoidTest/JellyFin@autosnap_2023-05-28_03:31:40_daily
Storage/Docker-SyncoidTest/JellyFin@autosnap_2023-06-02_04:23:57_daily
Storage/Docker-SyncoidTest/JellyFin@autosnap_2023-06-04_02:58:57_daily
Storage/Docker-SyncoidTest/JellyFin@autosnap_2023-06-05_05:20:25_daily
Storage/Docker-SyncoidTest/JellyFin@autosnap_2023-06-06_06:49:12_daily
Storage/Docker-SyncoidTest/JellyFin@autosnap_2023-06-07_04:06:32_daily
Storage/Docker-SyncoidTest/JellyFin@autosnap_2023-06-09_09:58:18_daily
Storage/Docker-SyncoidTest/JellyFin@autosnap_2023-06-11_04:31:12_daily
Storage/Docker-SyncoidTest/JellyFin@autosnap_2023-08-19_16:57:57_daily
Storage/Docker-SyncoidTest/JellyFin@autosnap_2023-08-22_08:12:25_daily
Storage/Docker-SyncoidTest/JellyFin@autosnap_2023-08-23_09:58:06_daily
Storage/Docker-SyncoidTest/JellyFin@autosnap_2023-08-24_10:10:38_daily
Storage/Docker-SyncoidTest/JellyFin@autosnap_2023-08-27_19:10:30_daily
Storage/Docker-SyncoidTest/JellyFin@autosnap_2023-08-28_15:41:38_daily
Storage/Docker-SyncoidTest/JellyFin@autosnap_2023-08-29_06:02:07_daily
Storage/Docker-SyncoidTest/JellyFin@autosnap_2023-08-31_04:30:26_daily
Storage/Docker-SyncoidTest/JellyFin@autosnap_2023-09-02_12:04:24_daily
Storage/Docker-SyncoidTest/JellyFin@autosnap_2023-09-07_18:23:43_daily
Storage/Docker-SyncoidTest/JellyFin@autosnap_2023-09-08_08:33:17_daily
Storage/Docker-SyncoidTest/JellyFin@autosnap_2023-09-09_12:02:19_daily
Storage/Docker-SyncoidTest/JellyFin@syncoid_darkyere-VirtualBox_2023-09-09:15:35:46-GMT02:00
Storage/Docker-SyncoidTest/JellyFin@autosnap_2023-09-21_17:34:38_daily
Storage/Docker-SyncoidTest/JellyFin@autosnap_2023-09-22_04:08:29_daily
Storage/Docker-SyncoidTest/JellyFin@autosnap_2023-10-28_16:26:07_daily
Storage/Docker-SyncoidTest/JellyFin@autosnap_2023-11-10_10:27:44_daily
Storage/Docker-SyncoidTest/JellyFin@autosnap_2023-11-16_09:59:06_daily
Storage/Docker-SyncoidTest/JellyFin@autosnap_2023-12-18_12:32:23_daily
Storage/Docker-SyncoidTest/JellyFin@autosnap_2023-12-21_08:50:19_daily
Storage/Docker-SyncoidTest/JellyFin@autosnap_2023-12-22_00:00:06_daily
Storage/Docker-SyncoidTest/JellyFin@autosnap_2023-12-22_05:00:33_hourly
Storage/Docker-SyncoidTest/JellyFin@autosnap_2023-12-22_06:00:04_hourly
Storage/Docker-SyncoidTest/JellyFin@autosnap_2023-12-22_07:00:17_hourly
Storage/Docker-SyncoidTest/JellyFin@autosnap_2023-12-22_08:00:11_hourly
Storage/Docker-SyncoidTest/JellyFin@autosnap_2024-01-01_07:54:55_daily
Storage/Docker-SyncoidTest/JellyFin@autosnap_2024-01-01_07:54:55_hourly
Storage/Docker-SyncoidTest/JellyFin@autosnap_2024-01-01_08:00:02_hourly
Storage/Docker-SyncoidTest/JellyFin@autosnap_2024-01-01_09:00:04_hourly
Storage/Docker-SyncoidTest/JellyFin@autosnap_2024-01-01_10:00:07_hourly
Storage/Docker-SyncoidTest/JellyFin@autosnap_2024-01-01_11:00:15_hourly
Storage/Docker-SyncoidTest/JellyFin@autosnap_2024-01-01_12:00:06_hourly
Storage/Docker-SyncoidTest/JellyFin@autosnap_2024-02-02_17:41:44_daily
Storage/Docker-SyncoidTest/JellyFin@autosnap_2024-02-02_17:41:44_hourly
Storage/Docker-SyncoidTest/JellyFin@autosnap_2024-02-02_18:00:20_hourly
Storage/Docker-SyncoidTest/JellyFin@autosnap_2024-02-02_19:00:22_hourly
Storage/Docker-SyncoidTest/JellyFin@autosnap_2024-02-02_20:00:23_hourly
Storage/Docker-SyncoidTest/JellyFin@autosnap_2024-02-02_21:00:07_hourly
Storage/Docker-SyncoidTest/JellyFin@autosnap_2024-02-02_22:00:18_hourly
Storage/Docker-SyncoidTest/JellyFin@autosnap_2024-02-02_23:00:07_hourly
Storage/Docker-SyncoidTest/JellyFin@autosnap_2024-02-03_00:00:11_daily
Storage/Docker-SyncoidTest/JellyFin@autosnap_2024-02-03_00:00:11_hourly
Storage/Docker-SyncoidTest/JellyFin@autosnap_2024-02-03_01:00:01_hourly
Storage/Docker-SyncoidTest/JellyFin@autosnap_2024-02-03_02:00:14_hourly
Storage/Docker-SyncoidTest/JellyFin@autosnap_2024-02-03_03:00:10_hourly
Storage/Docker-SyncoidTest/JellyFin@autosnap_2024-02-03_04:00:15_hourly
Storage/Docker-SyncoidTest/JellyFin@autosnap_2024-02-03_05:00:19_hourly
Storage/Docker-SyncoidTest/JellyFin@autosnap_2024-02-03_06:00:08_hourly
Storage/Docker-SyncoidTest/JellyFin@autosnap_2024-08-18_14:10:57_daily
Storage/Docker-SyncoidTest/JellyFin@autosnap_2024-08-18_14:10:57_hourly
Storage/Docker-SyncoidTest/JellyFin@autosnap_2024-10-04_15:50:25_daily
Storage/Docker-SyncoidTest/JellyFin@autosnap_2024-10-04_15:50:25_hourly
Storage/Docker-SyncoidTest/JellyFin@autosnap_2024-10-04_16:00:31_hourly
Storage/Docker-SyncoidTest/JellyFin@autosnap_2024-10-04_17:00:05_hourly
Storage/Docker-SyncoidTest/JellyFin@autosnap_2024-10-12_19:24:25_daily
Storage/Docker-SyncoidTest/JellyFin@autosnap_2024-10-12_19:24:25_hourly
Storage/Docker-SyncoidTest/JellyFin@autosnap_2025-01-06_18:53:56_daily
Storage/Docker-SyncoidTest/JellyFin@autosnap_2025-01-06_18:53:56_hourly
Storage/Docker-SyncoidTest/JellyFin@autosnap_2025-01-06_19:00:02_hourly
Storage/Docker-SyncoidTest/JellyFin@autosnap_2025-03-31_14:03:00_monthly
Storage/Docker-SyncoidTest/JellyFin@autosnap_2025-03-31_14:03:00_daily
Storage/Docker-SyncoidTest/JellyFin@autosnap_2025-03-31_14:03:00_hourly
Storage/Docker-SyncoidTest/JellyFin@autosnap_2025-04-28_19:04:38_monthly
Storage/Docker-SyncoidTest/JellyFin@autosnap_2025-04-28_19:04:38_daily
Storage/Docker-SyncoidTest/JellyFin@autosnap_2025-04-28_19:04:38_hourly
Storage/Docker-SyncoidTest/JellyFin@autosnap_2025-08-19_07:21:27_monthly
Storage/Docker-SyncoidTest/JellyFin@autosnap_2025-08-19_07:21:27_daily
Storage/Docker-SyncoidTest/JellyFin@autosnap_2025-08-19_07:21:27_hourly
Storage/Docker-SyncoidTest/JellyFin@autosnap_2025-11-05_05:01:13_monthly
Storage/Docker-SyncoidTest/JellyFin@autosnap_2025-11-05_05:01:13_daily
Storage/Docker-SyncoidTest/JellyFin@autosnap_2025-11-05_05:01:13_hourly
Storage/Docker-SyncoidTest/JellyFin@autosnap_2025-11-05_06:00:02_hourly
Storage/Docker-SyncoidTest/JellyFin@autosnap_2025-11-05_07:00:16_hourly
Storage/Docker-SyncoidTest/JellyFin@autosnap_2025-12-25_09:44:04_monthly
Storage/Docker-SyncoidTest/JellyFin@autosnap_2025-12-25_09:44:04_daily
Storage/Docker-SyncoidTest/JellyFin@autosnap_2025-12-25_09:44:04_hourly
Storage/Docker-SyncoidTest/JellyFin@autosnap_2025-12-25_10:00:01_hourly
Storage/Docker-SyncoidTest/JellyFin@autosnap_2026-01-02_13:52:39_monthly
Storage/Docker-SyncoidTest/JellyFin@autosnap_2026-01-02_13:52:39_daily
Storage/Docker-SyncoidTest/JellyFin@autosnap_2026-01-02_13:52:39_hourly
Storage/Docker-SyncoidTest/JellyFin@autosnap_2026-01-02_14:00:02_hourly
Storage/Docker-SyncoidTest/JellyFin@autosnap_2026-01-02_15:00:06_hourly
Storage/Docker-SyncoidTest/JellyFin@autosnap_2026-01-02_16:00:04_hourly
Storage/Docker-SyncoidTest/JellyFin@autosnap_2026-01-02_17:00:01_hourly
Storage/Docker-SyncoidTest/JellyFin@autosnap_2026-01-02_18:00:04_hourly
Storage/Docker-SyncoidTest/JellyFin@autosnap_2026-01-02_19:00:04_hourly
Storage/Docker-SyncoidTest/JellyFin@SnapBeforeWatchTower-Date-2026-01-02_20_03_49
Storage/Docker-SyncoidTest/JellyFin@SnapBeforeWatchTower-Date-2026-01-02_20_04_21
Storage/Docker-SyncoidTest/JellyFin@autosnap_2026-01-09_12:50:11_daily
Storage/Docker-SyncoidTest/JellyFin@autosnap_2026-01-09_12:50:11_hourly
Storage/Docker-SyncoidTest/JellyFin@autosnap_2026-01-09_13:00:01_hourly
Storage/Docker-SyncoidTest/JellyFin@SnapBeforeWatchTower-Date-2026-01-09_14_30_49
Storage/Docker-SyncoidTest/JellyFin@SnapBeforeWatchTower-Date-2026-01-09_14_31_21
2026-01-09 14:31:21,907 - INFO - [Storage/Docker-SyncoidTest/JellyFin] Found 4 matching snapshots (retain_count=12).
2026-01-09 14:31:21,907 - INFO - [Storage/Docker-SyncoidTest/JellyFin] Cutoff time: 2025-10-11 14:31:21  (older_than=90 days, 0:00:00)
2026-01-09 14:31:21,907 - INFO - [Storage/Docker-SyncoidTest/JellyFin] Will delete 0 snapshot(s).
2026-01-09 14:31:21,907 - INFO - 

--------------------

2026-01-09 14:31:21,907 - INFO - Creating snapshot of: Storage/Docker-SyncoidTest/JellyFin-LinuxServer
2026-01-09 14:31:21,907 - DEBUG - Full snapshot name: Storage/Docker-SyncoidTest/JellyFin-LinuxServer@SnapBeforeWatchTower-Date-2026-01-09_14_31_21
2026-01-09 14:31:21,908 - DEBUG - Running command: zfs snapshot Storage/Docker-SyncoidTest/JellyFin-LinuxServer@SnapBeforeWatchTower-Date-2026-01-09_14_31_21
2026-01-09 14:31:21,938 - DEBUG - Running command: zfs list -H -t snapshot -o name Storage/Docker-SyncoidTest/JellyFin-LinuxServer
2026-01-09 14:31:21,958 - DEBUG - Command stdout:
Storage/Docker-SyncoidTest/JellyFin-LinuxServer@autosnap_2022-05-25_05:16:40_daily
Storage/Docker-SyncoidTest/JellyFin-LinuxServer@autosnap_2022-05-29_05:08:53_daily
Storage/Docker-SyncoidTest/JellyFin-LinuxServer@autosnap_2022-06-05_06:43:59_daily
Storage/Docker-SyncoidTest/JellyFin-LinuxServer@autosnap_2022-06-06_06:25:47_daily
Storage/Docker-SyncoidTest/JellyFin-LinuxServer@autosnap_2022-06-21_05:23:54_daily
Storage/Docker-SyncoidTest/JellyFin-LinuxServer@autosnap_2022-06-24_08:29:23_daily
Storage/Docker-SyncoidTest/JellyFin-LinuxServer@autosnap_2022-07-05_07:14:19_daily
Storage/Docker-SyncoidTest/JellyFin-LinuxServer@autosnap_2022-07-06_05:36:25_daily
Storage/Docker-SyncoidTest/JellyFin-LinuxServer@autosnap_2023-02-11_18:04:09_daily
Storage/Docker-SyncoidTest/JellyFin-LinuxServer@autosnap_2023-02-21_06:39:22_daily
Storage/Docker-SyncoidTest/JellyFin-LinuxServer@autosnap_2023-02-26_07:26:52_daily
Storage/Docker-SyncoidTest/JellyFin-LinuxServer@autosnap_2023-02-27_05:27:23_daily
Storage/Docker-SyncoidTest/JellyFin-LinuxServer@autosnap_2023-03-05_05:55:09_daily
Storage/Docker-SyncoidTest/JellyFin-LinuxServer@autosnap_2023-03-23_11:17:40_daily
Storage/Docker-SyncoidTest/JellyFin-LinuxServer@autosnap_2023-03-24_09:39:25_daily
Storage/Docker-SyncoidTest/JellyFin-LinuxServer@autosnap_2023-03-25_05:23:26_daily
Storage/Docker-SyncoidTest/JellyFin-LinuxServer@autosnap_2023-05-17_11:57:44_daily
Storage/Docker-SyncoidTest/JellyFin-LinuxServer@autosnap_2023-05-25_06:15:40_daily
Storage/Docker-SyncoidTest/JellyFin-LinuxServer@autosnap_2023-05-27_06:20:26_daily
Storage/Docker-SyncoidTest/JellyFin-LinuxServer@autosnap_2023-05-28_03:31:40_daily
Storage/Docker-SyncoidTest/JellyFin-LinuxServer@autosnap_2023-06-02_04:23:58_daily
Storage/Docker-SyncoidTest/JellyFin-LinuxServer@autosnap_2023-06-04_02:58:58_daily
Storage/Docker-SyncoidTest/JellyFin-LinuxServer@autosnap_2023-06-05_05:20:23_daily
Storage/Docker-SyncoidTest/JellyFin-LinuxServer@autosnap_2023-06-06_06:49:17_daily
Storage/Docker-SyncoidTest/JellyFin-LinuxServer@autosnap_2023-06-07_04:06:31_daily
Storage/Docker-SyncoidTest/JellyFin-LinuxServer@autosnap_2023-06-09_09:58:20_daily
Storage/Docker-SyncoidTest/JellyFin-LinuxServer@autosnap_2023-06-11_04:31:11_daily
Storage/Docker-SyncoidTest/JellyFin-LinuxServer@autosnap_2023-08-19_16:57:58_daily
Storage/Docker-SyncoidTest/JellyFin-LinuxServer@autosnap_2023-08-22_08:12:26_daily
Storage/Docker-SyncoidTest/JellyFin-LinuxServer@autosnap_2023-08-23_09:58:07_daily
Storage/Docker-SyncoidTest/JellyFin-LinuxServer@autosnap_2023-08-24_10:10:37_daily
Storage/Docker-SyncoidTest/JellyFin-LinuxServer@autosnap_2023-08-27_19:10:31_daily
Storage/Docker-SyncoidTest/JellyFin-LinuxServer@autosnap_2023-08-28_15:41:39_daily
Storage/Docker-SyncoidTest/JellyFin-LinuxServer@autosnap_2023-08-29_06:02:05_daily
Storage/Docker-SyncoidTest/JellyFin-LinuxServer@autosnap_2023-08-31_04:30:23_daily
Storage/Docker-SyncoidTest/JellyFin-LinuxServer@autosnap_2023-09-02_12:04:26_daily
Storage/Docker-SyncoidTest/JellyFin-LinuxServer@autosnap_2023-09-07_18:23:39_daily
Storage/Docker-SyncoidTest/JellyFin-LinuxServer@autosnap_2023-09-08_08:33:15_daily
Storage/Docker-SyncoidTest/JellyFin-LinuxServer@autosnap_2023-09-09_12:02:17_daily
Storage/Docker-SyncoidTest/JellyFin-LinuxServer@syncoid_darkyere-VirtualBox_2023-09-09:15:35:56-GMT02:00
Storage/Docker-SyncoidTest/JellyFin-LinuxServer@autosnap_2023-09-21_17:34:37_daily
Storage/Docker-SyncoidTest/JellyFin-LinuxServer@autosnap_2023-09-22_04:08:30_daily
Storage/Docker-SyncoidTest/JellyFin-LinuxServer@autosnap_2023-10-28_16:26:07_daily
Storage/Docker-SyncoidTest/JellyFin-LinuxServer@autosnap_2023-11-10_10:27:44_daily
Storage/Docker-SyncoidTest/JellyFin-LinuxServer@autosnap_2023-11-16_09:59:06_daily
Storage/Docker-SyncoidTest/JellyFin-LinuxServer@autosnap_2023-12-18_12:32:17_daily
Storage/Docker-SyncoidTest/JellyFin-LinuxServer@autosnap_2023-12-21_08:50:20_daily
Storage/Docker-SyncoidTest/JellyFin-LinuxServer@autosnap_2023-12-22_00:00:05_daily
Storage/Docker-SyncoidTest/JellyFin-LinuxServer@autosnap_2023-12-22_05:00:33_hourly
Storage/Docker-SyncoidTest/JellyFin-LinuxServer@autosnap_2023-12-22_06:00:03_hourly
Storage/Docker-SyncoidTest/JellyFin-LinuxServer@autosnap_2023-12-22_07:00:17_hourly
Storage/Docker-SyncoidTest/JellyFin-LinuxServer@autosnap_2023-12-22_08:00:12_hourly
Storage/Docker-SyncoidTest/JellyFin-LinuxServer@autosnap_2024-01-01_07:54:54_daily
Storage/Docker-SyncoidTest/JellyFin-LinuxServer@autosnap_2024-01-01_07:54:54_hourly
Storage/Docker-SyncoidTest/JellyFin-LinuxServer@autosnap_2024-01-01_08:00:02_hourly
Storage/Docker-SyncoidTest/JellyFin-LinuxServer@autosnap_2024-01-01_09:00:05_hourly
Storage/Docker-SyncoidTest/JellyFin-LinuxServer@autosnap_2024-01-01_10:00:07_hourly
Storage/Docker-SyncoidTest/JellyFin-LinuxServer@autosnap_2024-01-01_11:00:15_hourly
Storage/Docker-SyncoidTest/JellyFin-LinuxServer@autosnap_2024-01-01_12:00:06_hourly
Storage/Docker-SyncoidTest/JellyFin-LinuxServer@autosnap_2024-02-02_17:41:38_daily
Storage/Docker-SyncoidTest/JellyFin-LinuxServer@autosnap_2024-02-02_17:41:38_hourly
Storage/Docker-SyncoidTest/JellyFin-LinuxServer@autosnap_2024-02-02_18:00:20_hourly
Storage/Docker-SyncoidTest/JellyFin-LinuxServer@autosnap_2024-02-02_19:00:21_hourly
Storage/Docker-SyncoidTest/JellyFin-LinuxServer@autosnap_2024-02-02_20:00:22_hourly
Storage/Docker-SyncoidTest/JellyFin-LinuxServer@autosnap_2024-02-02_21:00:08_hourly
Storage/Docker-SyncoidTest/JellyFin-LinuxServer@autosnap_2024-02-02_22:00:17_hourly
Storage/Docker-SyncoidTest/JellyFin-LinuxServer@autosnap_2024-02-02_23:00:07_hourly
Storage/Docker-SyncoidTest/JellyFin-LinuxServer@autosnap_2024-02-03_00:00:09_daily
Storage/Docker-SyncoidTest/JellyFin-LinuxServer@autosnap_2024-02-03_00:00:09_hourly
Storage/Docker-SyncoidTest/JellyFin-LinuxServer@autosnap_2024-02-03_01:00:02_hourly
Storage/Docker-SyncoidTest/JellyFin-LinuxServer@autosnap_2024-02-03_02:00:14_hourly
Storage/Docker-SyncoidTest/JellyFin-LinuxServer@autosnap_2024-02-03_03:00:09_hourly
Storage/Docker-SyncoidTest/JellyFin-LinuxServer@autosnap_2024-02-03_04:00:15_hourly
Storage/Docker-SyncoidTest/JellyFin-LinuxServer@autosnap_2024-02-03_05:00:19_hourly
Storage/Docker-SyncoidTest/JellyFin-LinuxServer@autosnap_2024-02-03_06:00:08_hourly
Storage/Docker-SyncoidTest/JellyFin-LinuxServer@autosnap_2024-08-18_14:10:57_daily
Storage/Docker-SyncoidTest/JellyFin-LinuxServer@autosnap_2024-08-18_14:10:57_hourly
Storage/Docker-SyncoidTest/JellyFin-LinuxServer@autosnap_2024-10-04_15:50:25_daily
Storage/Docker-SyncoidTest/JellyFin-LinuxServer@autosnap_2024-10-04_15:50:25_hourly
Storage/Docker-SyncoidTest/JellyFin-LinuxServer@autosnap_2024-10-04_16:00:33_hourly
Storage/Docker-SyncoidTest/JellyFin-LinuxServer@autosnap_2024-10-04_17:00:05_hourly
Storage/Docker-SyncoidTest/JellyFin-LinuxServer@autosnap_2024-10-12_19:24:24_daily
Storage/Docker-SyncoidTest/JellyFin-LinuxServer@autosnap_2024-10-12_19:24:24_hourly
Storage/Docker-SyncoidTest/JellyFin-LinuxServer@autosnap_2025-01-06_18:54:19_daily
Storage/Docker-SyncoidTest/JellyFin-LinuxServer@autosnap_2025-01-06_18:54:19_hourly
Storage/Docker-SyncoidTest/JellyFin-LinuxServer@autosnap_2025-01-06_19:00:01_hourly
Storage/Docker-SyncoidTest/JellyFin-LinuxServer@autosnap_2025-03-31_14:03:00_monthly
Storage/Docker-SyncoidTest/JellyFin-LinuxServer@autosnap_2025-03-31_14:03:00_daily
Storage/Docker-SyncoidTest/JellyFin-LinuxServer@autosnap_2025-03-31_14:03:00_hourly
Storage/Docker-SyncoidTest/JellyFin-LinuxServer@autosnap_2025-04-28_19:04:36_monthly
Storage/Docker-SyncoidTest/JellyFin-LinuxServer@autosnap_2025-04-28_19:04:36_daily
Storage/Docker-SyncoidTest/JellyFin-LinuxServer@autosnap_2025-04-28_19:04:36_hourly
Storage/Docker-SyncoidTest/JellyFin-LinuxServer@autosnap_2025-08-19_07:21:26_monthly
Storage/Docker-SyncoidTest/JellyFin-LinuxServer@autosnap_2025-08-19_07:21:26_daily
Storage/Docker-SyncoidTest/JellyFin-LinuxServer@autosnap_2025-08-19_07:21:26_hourly
Storage/Docker-SyncoidTest/JellyFin-LinuxServer@autosnap_2025-11-05_05:01:15_monthly
Storage/Docker-SyncoidTest/JellyFin-LinuxServer@autosnap_2025-11-05_05:01:15_daily
Storage/Docker-SyncoidTest/JellyFin-LinuxServer@autosnap_2025-11-05_05:01:15_hourly
Storage/Docker-SyncoidTest/JellyFin-LinuxServer@autosnap_2025-11-05_06:00:00_hourly
Storage/Docker-SyncoidTest/JellyFin-LinuxServer@autosnap_2025-11-05_07:00:16_hourly
Storage/Docker-SyncoidTest/JellyFin-LinuxServer@autosnap_2025-12-25_09:44:02_monthly
Storage/Docker-SyncoidTest/JellyFin-LinuxServer@autosnap_2025-12-25_09:44:02_daily
Storage/Docker-SyncoidTest/JellyFin-LinuxServer@autosnap_2025-12-25_09:44:02_hourly
Storage/Docker-SyncoidTest/JellyFin-LinuxServer@autosnap_2025-12-25_10:00:01_hourly
Storage/Docker-SyncoidTest/JellyFin-LinuxServer@autosnap_2026-01-02_13:52:46_monthly
Storage/Docker-SyncoidTest/JellyFin-LinuxServer@autosnap_2026-01-02_13:52:46_daily
Storage/Docker-SyncoidTest/JellyFin-LinuxServer@autosnap_2026-01-02_13:52:46_hourly
Storage/Docker-SyncoidTest/JellyFin-LinuxServer@autosnap_2026-01-02_14:00:02_hourly
Storage/Docker-SyncoidTest/JellyFin-LinuxServer@autosnap_2026-01-02_15:00:06_hourly
Storage/Docker-SyncoidTest/JellyFin-LinuxServer@autosnap_2026-01-02_16:00:05_hourly
Storage/Docker-SyncoidTest/JellyFin-LinuxServer@autosnap_2026-01-02_17:00:02_hourly
Storage/Docker-SyncoidTest/JellyFin-LinuxServer@autosnap_2026-01-02_18:00:04_hourly
Storage/Docker-SyncoidTest/JellyFin-LinuxServer@autosnap_2026-01-02_19:00:03_hourly
Storage/Docker-SyncoidTest/JellyFin-LinuxServer@SnapBeforeWatchTower-Date-2026-01-02_20_03_49
Storage/Docker-SyncoidTest/JellyFin-LinuxServer@SnapBeforeWatchTower-Date-2026-01-02_20_04_21
Storage/Docker-SyncoidTest/JellyFin-LinuxServer@autosnap_2026-01-09_12:50:13_daily
Storage/Docker-SyncoidTest/JellyFin-LinuxServer@autosnap_2026-01-09_12:50:13_hourly
Storage/Docker-SyncoidTest/JellyFin-LinuxServer@autosnap_2026-01-09_13:00:01_hourly
Storage/Docker-SyncoidTest/JellyFin-LinuxServer@SnapBeforeWatchTower-Date-2026-01-09_14_30_50
Storage/Docker-SyncoidTest/JellyFin-LinuxServer@SnapBeforeWatchTower-Date-2026-01-09_14_31_21
2026-01-09 14:31:21,958 - INFO - [Storage/Docker-SyncoidTest/JellyFin-LinuxServer] Found 4 matching snapshots (retain_count=12).
2026-01-09 14:31:21,958 - INFO - [Storage/Docker-SyncoidTest/JellyFin-LinuxServer] Cutoff time: 2025-10-11 14:31:21  (older_than=90 days, 0:00:00)
2026-01-09 14:31:21,958 - INFO - [Storage/Docker-SyncoidTest/JellyFin-LinuxServer] Will delete 0 snapshot(s).
2026-01-09 14:31:21,958 - INFO - 

--------------------

2026-01-09 14:31:21,958 - INFO - Creating snapshot of: Storage/Docker-SyncoidTest/Matrix
2026-01-09 14:31:21,958 - DEBUG - Full snapshot name: Storage/Docker-SyncoidTest/Matrix@SnapBeforeWatchTower-Date-2026-01-09_14_31_21
2026-01-09 14:31:21,958 - DEBUG - Running command: zfs snapshot Storage/Docker-SyncoidTest/Matrix@SnapBeforeWatchTower-Date-2026-01-09_14_31_21
2026-01-09 14:31:21,991 - DEBUG - Running command: zfs list -H -t snapshot -o name Storage/Docker-SyncoidTest/Matrix
2026-01-09 14:31:22,020 - DEBUG - Command stdout:
Storage/Docker-SyncoidTest/Matrix@autosnap_2022-05-25_05:17:02_daily
Storage/Docker-SyncoidTest/Matrix@autosnap_2022-05-29_05:08:47_daily
Storage/Docker-SyncoidTest/Matrix@autosnap_2022-06-05_06:43:04_daily
Storage/Docker-SyncoidTest/Matrix@autosnap_2022-06-06_06:26:01_daily
Storage/Docker-SyncoidTest/Matrix@autosnap_2022-06-21_05:24:09_daily
Storage/Docker-SyncoidTest/Matrix@autosnap_2022-06-24_08:29:36_daily
Storage/Docker-SyncoidTest/Matrix@autosnap_2022-07-05_07:14:53_daily
Storage/Docker-SyncoidTest/Matrix@autosnap_2022-07-06_05:36:06_daily
Storage/Docker-SyncoidTest/Matrix@autosnap_2023-02-11_18:05:07_daily
Storage/Docker-SyncoidTest/Matrix@autosnap_2023-02-21_06:40:10_daily
Storage/Docker-SyncoidTest/Matrix@autosnap_2023-02-26_07:27:07_daily
Storage/Docker-SyncoidTest/Matrix@autosnap_2023-02-27_05:27:14_daily
Storage/Docker-SyncoidTest/Matrix@autosnap_2023-03-05_05:54:14_daily
Storage/Docker-SyncoidTest/Matrix@autosnap_2023-03-23_11:17:50_daily
Storage/Docker-SyncoidTest/Matrix@autosnap_2023-03-24_09:39:31_daily
Storage/Docker-SyncoidTest/Matrix@autosnap_2023-03-25_05:22:46_daily
Storage/Docker-SyncoidTest/Matrix@autosnap_2023-05-17_11:57:46_daily
Storage/Docker-SyncoidTest/Matrix@autosnap_2023-05-25_06:15:41_daily
Storage/Docker-SyncoidTest/Matrix@autosnap_2023-05-27_06:20:27_daily
Storage/Docker-SyncoidTest/Matrix@autosnap_2023-05-28_03:31:40_daily
Storage/Docker-SyncoidTest/Matrix@autosnap_2023-06-02_04:23:55_daily
Storage/Docker-SyncoidTest/Matrix@autosnap_2023-06-04_02:58:57_daily
Storage/Docker-SyncoidTest/Matrix@autosnap_2023-06-05_05:20:24_daily
Storage/Docker-SyncoidTest/Matrix@autosnap_2023-06-06_06:49:13_daily
Storage/Docker-SyncoidTest/Matrix@autosnap_2023-06-07_04:06:31_daily
Storage/Docker-SyncoidTest/Matrix@autosnap_2023-06-09_09:58:19_daily
Storage/Docker-SyncoidTest/Matrix@autosnap_2023-06-11_04:31:12_daily
Storage/Docker-SyncoidTest/Matrix@autosnap_2023-08-19_16:57:57_daily
Storage/Docker-SyncoidTest/Matrix@autosnap_2023-08-22_08:12:23_daily
Storage/Docker-SyncoidTest/Matrix@autosnap_2023-08-23_09:58:07_daily
Storage/Docker-SyncoidTest/Matrix@autosnap_2023-08-24_10:10:37_daily
Storage/Docker-SyncoidTest/Matrix@autosnap_2023-08-27_19:10:31_daily
Storage/Docker-SyncoidTest/Matrix@autosnap_2023-08-28_15:41:38_daily
Storage/Docker-SyncoidTest/Matrix@autosnap_2023-08-29_06:02:07_daily
Storage/Docker-SyncoidTest/Matrix@autosnap_2023-08-31_04:30:24_daily
Storage/Docker-SyncoidTest/Matrix@autosnap_2023-09-02_12:04:25_daily
Storage/Docker-SyncoidTest/Matrix@autosnap_2023-09-07_18:23:40_daily
Storage/Docker-SyncoidTest/Matrix@autosnap_2023-09-08_08:33:16_daily
Storage/Docker-SyncoidTest/Matrix@autosnap_2023-09-09_12:02:17_daily
Storage/Docker-SyncoidTest/Matrix@syncoid_darkyere-VirtualBox_2023-09-09:15:36:17-GMT02:00
Storage/Docker-SyncoidTest/Matrix@autosnap_2023-09-21_17:34:37_daily
Storage/Docker-SyncoidTest/Matrix@autosnap_2023-09-22_04:08:30_daily
Storage/Docker-SyncoidTest/Matrix@autosnap_2023-10-28_16:26:10_daily
Storage/Docker-SyncoidTest/Matrix@autosnap_2023-11-10_10:27:41_daily
Storage/Docker-SyncoidTest/Matrix@autosnap_2023-11-16_09:59:06_daily
Storage/Docker-SyncoidTest/Matrix@autosnap_2023-12-18_12:32:17_daily
Storage/Docker-SyncoidTest/Matrix@autosnap_2023-12-21_08:50:19_daily
Storage/Docker-SyncoidTest/Matrix@autosnap_2023-12-22_00:00:06_daily
Storage/Docker-SyncoidTest/Matrix@autosnap_2023-12-22_05:00:33_hourly
Storage/Docker-SyncoidTest/Matrix@autosnap_2023-12-22_06:00:03_hourly
Storage/Docker-SyncoidTest/Matrix@autosnap_2023-12-22_07:00:17_hourly
Storage/Docker-SyncoidTest/Matrix@autosnap_2023-12-22_08:00:12_hourly
Storage/Docker-SyncoidTest/Matrix@autosnap_2024-01-01_07:54:54_daily
Storage/Docker-SyncoidTest/Matrix@autosnap_2024-01-01_07:54:54_hourly
Storage/Docker-SyncoidTest/Matrix@autosnap_2024-01-01_08:00:02_hourly
Storage/Docker-SyncoidTest/Matrix@autosnap_2024-01-01_09:00:05_hourly
Storage/Docker-SyncoidTest/Matrix@autosnap_2024-01-01_10:00:07_hourly
Storage/Docker-SyncoidTest/Matrix@autosnap_2024-01-01_11:00:15_hourly
Storage/Docker-SyncoidTest/Matrix@autosnap_2024-01-01_12:00:05_hourly
Storage/Docker-SyncoidTest/Matrix@autosnap_2024-02-02_17:41:37_daily
Storage/Docker-SyncoidTest/Matrix@autosnap_2024-02-02_17:41:37_hourly
Storage/Docker-SyncoidTest/Matrix@autosnap_2024-02-02_18:00:20_hourly
Storage/Docker-SyncoidTest/Matrix@autosnap_2024-02-02_19:00:21_hourly
Storage/Docker-SyncoidTest/Matrix@autosnap_2024-02-02_20:00:23_hourly
Storage/Docker-SyncoidTest/Matrix@autosnap_2024-02-02_21:00:06_hourly
Storage/Docker-SyncoidTest/Matrix@autosnap_2024-02-02_22:00:17_hourly
Storage/Docker-SyncoidTest/Matrix@autosnap_2024-02-02_23:00:08_hourly
Storage/Docker-SyncoidTest/Matrix@autosnap_2024-02-03_00:00:10_daily
Storage/Docker-SyncoidTest/Matrix@autosnap_2024-02-03_00:00:10_hourly
Storage/Docker-SyncoidTest/Matrix@autosnap_2024-02-03_01:00:01_hourly
Storage/Docker-SyncoidTest/Matrix@autosnap_2024-02-03_02:00:13_hourly
Storage/Docker-SyncoidTest/Matrix@autosnap_2024-02-03_03:00:10_hourly
Storage/Docker-SyncoidTest/Matrix@autosnap_2024-02-03_04:00:15_hourly
Storage/Docker-SyncoidTest/Matrix@autosnap_2024-02-03_05:00:19_hourly
Storage/Docker-SyncoidTest/Matrix@autosnap_2024-02-03_06:00:09_hourly
Storage/Docker-SyncoidTest/Matrix@autosnap_2024-08-18_14:10:59_daily
Storage/Docker-SyncoidTest/Matrix@autosnap_2024-08-18_14:10:59_hourly
Storage/Docker-SyncoidTest/Matrix@autosnap_2024-10-04_15:50:25_daily
Storage/Docker-SyncoidTest/Matrix@autosnap_2024-10-04_15:50:25_hourly
Storage/Docker-SyncoidTest/Matrix@autosnap_2024-10-04_16:00:33_hourly
Storage/Docker-SyncoidTest/Matrix@autosnap_2024-10-04_17:00:06_hourly
Storage/Docker-SyncoidTest/Matrix@autosnap_2024-10-12_19:24:23_daily
Storage/Docker-SyncoidTest/Matrix@autosnap_2024-10-12_19:24:23_hourly
Storage/Docker-SyncoidTest/Matrix@autosnap_2025-01-06_18:54:16_daily
Storage/Docker-SyncoidTest/Matrix@autosnap_2025-01-06_18:54:16_hourly
Storage/Docker-SyncoidTest/Matrix@autosnap_2025-01-06_19:00:02_hourly
Storage/Docker-SyncoidTest/Matrix@autosnap_2025-03-31_14:02:57_monthly
Storage/Docker-SyncoidTest/Matrix@autosnap_2025-03-31_14:02:57_daily
Storage/Docker-SyncoidTest/Matrix@autosnap_2025-03-31_14:02:57_hourly
Storage/Docker-SyncoidTest/Matrix@autosnap_2025-04-28_19:04:36_monthly
Storage/Docker-SyncoidTest/Matrix@autosnap_2025-04-28_19:04:36_daily
Storage/Docker-SyncoidTest/Matrix@autosnap_2025-04-28_19:04:36_hourly
Storage/Docker-SyncoidTest/Matrix@autosnap_2025-08-19_07:21:25_monthly
Storage/Docker-SyncoidTest/Matrix@autosnap_2025-08-19_07:21:25_daily
Storage/Docker-SyncoidTest/Matrix@autosnap_2025-08-19_07:21:25_hourly
Storage/Docker-SyncoidTest/Matrix@autosnap_2025-11-05_05:01:14_monthly
Storage/Docker-SyncoidTest/Matrix@autosnap_2025-11-05_05:01:14_daily
Storage/Docker-SyncoidTest/Matrix@autosnap_2025-11-05_05:01:14_hourly
Storage/Docker-SyncoidTest/Matrix@autosnap_2025-11-05_06:00:01_hourly
Storage/Docker-SyncoidTest/Matrix@autosnap_2025-11-05_07:00:16_hourly
Storage/Docker-SyncoidTest/Matrix@autosnap_2025-12-25_09:44:02_monthly
Storage/Docker-SyncoidTest/Matrix@autosnap_2025-12-25_09:44:02_daily
Storage/Docker-SyncoidTest/Matrix@autosnap_2025-12-25_09:44:02_hourly
Storage/Docker-SyncoidTest/Matrix@autosnap_2025-12-25_10:00:03_hourly
Storage/Docker-SyncoidTest/Matrix@autosnap_2026-01-02_13:52:37_monthly
Storage/Docker-SyncoidTest/Matrix@autosnap_2026-01-02_13:52:37_daily
Storage/Docker-SyncoidTest/Matrix@autosnap_2026-01-02_13:52:37_hourly
Storage/Docker-SyncoidTest/Matrix@autosnap_2026-01-02_14:00:02_hourly
Storage/Docker-SyncoidTest/Matrix@autosnap_2026-01-02_15:00:06_hourly
Storage/Docker-SyncoidTest/Matrix@SnapBeforeWatchTower-Date-2026-01-02_16_53_42
Storage/Docker-SyncoidTest/Matrix@SnapBeforeWatchTower-Date-2026-01-02_16_54_56
Storage/Docker-SyncoidTest/Matrix@autosnap_2026-01-02_16:00:05_hourly
Storage/Docker-SyncoidTest/Matrix@SnapBeforeWatchTower-Date-2026-01-02_17_08_18
Storage/Docker-SyncoidTest/Matrix@SnapBeforeWatchTower-Date-2026-01-02_17_40_27
Storage/Docker-SyncoidTest/Matrix@SnapBeforeWatchTower-Date-2026-01-02_17_47_47
Storage/Docker-SyncoidTest/Matrix@autosnap_2026-01-02_17:00:01_hourly
Storage/Docker-SyncoidTest/Matrix@SnapBeforeWatchTower-Date-2026-01-02_18_37_46
Storage/Docker-SyncoidTest/Matrix@SnapBeforeWatchTower-Date-2026-01-02_18_45_24
Storage/Docker-SyncoidTest/Matrix@SnapBeforeWatchTower-Date-2026-01-02_18_49_29
Storage/Docker-SyncoidTest/Matrix@autosnap_2026-01-02_18:00:03_hourly
Storage/Docker-SyncoidTest/Matrix@autosnap_2026-01-02_19:00:04_hourly
Storage/Docker-SyncoidTest/Matrix@SnapBeforeWatchTower-Date-2026-01-02_20_03_49
Storage/Docker-SyncoidTest/Matrix@SnapBeforeWatchTower-Date-2026-01-02_20_04_21
Storage/Docker-SyncoidTest/Matrix@autosnap_2026-01-09_12:50:08_daily
Storage/Docker-SyncoidTest/Matrix@autosnap_2026-01-09_12:50:08_hourly
Storage/Docker-SyncoidTest/Matrix@autosnap_2026-01-09_13:00:02_hourly
Storage/Docker-SyncoidTest/Matrix@SnapBeforeWatchTower-Date-2026-01-09_14_30_51
Storage/Docker-SyncoidTest/Matrix@SnapBeforeWatchTower-Date-2026-01-09_14_31_21
2026-01-09 14:31:22,021 - INFO - [Storage/Docker-SyncoidTest/Matrix] Found 12 matching snapshots (retain_count=12).
2026-01-09 14:31:22,021 - INFO - [Storage/Docker-SyncoidTest/Matrix] Cutoff time: 2025-10-11 14:31:22  (older_than=90 days, 0:00:00)
2026-01-09 14:31:22,021 - INFO - [Storage/Docker-SyncoidTest/Matrix] Will delete 0 snapshot(s).
2026-01-09 14:31:22,021 - INFO - 

--------------------

2026-01-09 14:31:22,021 - INFO - Creating snapshot of: Storage/Docker-SyncoidTest/Matrix/reverse-proxy
2026-01-09 14:31:22,021 - DEBUG - Full snapshot name: Storage/Docker-SyncoidTest/Matrix/reverse-proxy@SnapBeforeWatchTower-Date-2026-01-09_14_31_22
2026-01-09 14:31:22,021 - DEBUG - Running command: zfs snapshot Storage/Docker-SyncoidTest/Matrix/reverse-proxy@SnapBeforeWatchTower-Date-2026-01-09_14_31_22
2026-01-09 14:31:22,065 - DEBUG - Running command: zfs list -H -t snapshot -o name Storage/Docker-SyncoidTest/Matrix/reverse-proxy
2026-01-09 14:31:22,088 - DEBUG - Command stdout:
Storage/Docker-SyncoidTest/Matrix/reverse-proxy@syncoid_darkyere-VirtualBox_2023-09-09:15:36:27-GMT02:00
Storage/Docker-SyncoidTest/Matrix/reverse-proxy@autosnap_2023-09-09_14:00:09_daily
Storage/Docker-SyncoidTest/Matrix/reverse-proxy@autosnap_2023-09-21_17:34:37_daily
Storage/Docker-SyncoidTest/Matrix/reverse-proxy@autosnap_2023-09-22_04:08:32_daily
Storage/Docker-SyncoidTest/Matrix/reverse-proxy@autosnap_2023-10-28_16:26:10_daily
Storage/Docker-SyncoidTest/Matrix/reverse-proxy@autosnap_2023-11-10_10:27:41_daily
Storage/Docker-SyncoidTest/Matrix/reverse-proxy@autosnap_2023-11-16_09:59:03_daily
Storage/Docker-SyncoidTest/Matrix/reverse-proxy@autosnap_2023-12-18_12:32:22_daily
Storage/Docker-SyncoidTest/Matrix/reverse-proxy@autosnap_2023-12-21_08:50:19_daily
Storage/Docker-SyncoidTest/Matrix/reverse-proxy@autosnap_2023-12-22_00:00:05_daily
Storage/Docker-SyncoidTest/Matrix/reverse-proxy@autosnap_2023-12-22_05:00:33_hourly
Storage/Docker-SyncoidTest/Matrix/reverse-proxy@autosnap_2023-12-22_06:00:04_hourly
Storage/Docker-SyncoidTest/Matrix/reverse-proxy@autosnap_2023-12-22_07:00:16_hourly
Storage/Docker-SyncoidTest/Matrix/reverse-proxy@autosnap_2023-12-22_08:00:10_hourly
Storage/Docker-SyncoidTest/Matrix/reverse-proxy@autosnap_2024-01-01_07:54:57_daily
Storage/Docker-SyncoidTest/Matrix/reverse-proxy@autosnap_2024-01-01_07:54:57_hourly
Storage/Docker-SyncoidTest/Matrix/reverse-proxy@autosnap_2024-01-01_08:00:01_hourly
Storage/Docker-SyncoidTest/Matrix/reverse-proxy@autosnap_2024-01-01_09:00:04_hourly
Storage/Docker-SyncoidTest/Matrix/reverse-proxy@autosnap_2024-01-01_10:00:08_hourly
Storage/Docker-SyncoidTest/Matrix/reverse-proxy@autosnap_2024-01-01_11:00:15_hourly
Storage/Docker-SyncoidTest/Matrix/reverse-proxy@autosnap_2024-01-01_12:00:06_hourly
Storage/Docker-SyncoidTest/Matrix/reverse-proxy@autosnap_2024-02-02_17:41:43_daily
Storage/Docker-SyncoidTest/Matrix/reverse-proxy@autosnap_2024-02-02_17:41:43_hourly
Storage/Docker-SyncoidTest/Matrix/reverse-proxy@autosnap_2024-02-02_18:00:21_hourly
Storage/Docker-SyncoidTest/Matrix/reverse-proxy@autosnap_2024-02-02_19:00:21_hourly
Storage/Docker-SyncoidTest/Matrix/reverse-proxy@autosnap_2024-02-02_20:00:22_hourly
Storage/Docker-SyncoidTest/Matrix/reverse-proxy@autosnap_2024-02-02_21:00:08_hourly
Storage/Docker-SyncoidTest/Matrix/reverse-proxy@autosnap_2024-02-02_22:00:18_hourly
Storage/Docker-SyncoidTest/Matrix/reverse-proxy@autosnap_2024-02-02_23:00:07_hourly
Storage/Docker-SyncoidTest/Matrix/reverse-proxy@autosnap_2024-02-03_00:00:10_daily
Storage/Docker-SyncoidTest/Matrix/reverse-proxy@autosnap_2024-02-03_00:00:10_hourly
Storage/Docker-SyncoidTest/Matrix/reverse-proxy@autosnap_2024-02-03_01:00:01_hourly
Storage/Docker-SyncoidTest/Matrix/reverse-proxy@autosnap_2024-02-03_02:00:14_hourly
Storage/Docker-SyncoidTest/Matrix/reverse-proxy@autosnap_2024-02-03_03:00:10_hourly
Storage/Docker-SyncoidTest/Matrix/reverse-proxy@autosnap_2024-02-03_04:00:15_hourly
Storage/Docker-SyncoidTest/Matrix/reverse-proxy@autosnap_2024-02-03_05:00:20_hourly
Storage/Docker-SyncoidTest/Matrix/reverse-proxy@autosnap_2024-02-03_06:00:09_hourly
Storage/Docker-SyncoidTest/Matrix/reverse-proxy@autosnap_2024-08-18_14:10:59_daily
Storage/Docker-SyncoidTest/Matrix/reverse-proxy@autosnap_2024-08-18_14:10:59_hourly
Storage/Docker-SyncoidTest/Matrix/reverse-proxy@autosnap_2024-10-04_15:50:27_daily
Storage/Docker-SyncoidTest/Matrix/reverse-proxy@autosnap_2024-10-04_15:50:27_hourly
Storage/Docker-SyncoidTest/Matrix/reverse-proxy@autosnap_2024-10-04_16:00:31_hourly
Storage/Docker-SyncoidTest/Matrix/reverse-proxy@autosnap_2024-10-04_17:00:07_hourly
Storage/Docker-SyncoidTest/Matrix/reverse-proxy@autosnap_2024-10-12_19:24:24_daily
Storage/Docker-SyncoidTest/Matrix/reverse-proxy@autosnap_2024-10-12_19:24:24_hourly
Storage/Docker-SyncoidTest/Matrix/reverse-proxy@autosnap_2025-01-06_18:54:19_daily
Storage/Docker-SyncoidTest/Matrix/reverse-proxy@autosnap_2025-01-06_18:54:19_hourly
Storage/Docker-SyncoidTest/Matrix/reverse-proxy@autosnap_2025-01-06_19:00:02_hourly
Storage/Docker-SyncoidTest/Matrix/reverse-proxy@autosnap_2025-03-31_14:02:58_monthly
Storage/Docker-SyncoidTest/Matrix/reverse-proxy@autosnap_2025-03-31_14:02:58_daily
Storage/Docker-SyncoidTest/Matrix/reverse-proxy@autosnap_2025-03-31_14:02:58_hourly
Storage/Docker-SyncoidTest/Matrix/reverse-proxy@autosnap_2025-04-28_19:04:40_monthly
Storage/Docker-SyncoidTest/Matrix/reverse-proxy@autosnap_2025-04-28_19:04:40_daily
Storage/Docker-SyncoidTest/Matrix/reverse-proxy@autosnap_2025-04-28_19:04:40_hourly
Storage/Docker-SyncoidTest/Matrix/reverse-proxy@autosnap_2025-08-19_07:21:29_monthly
Storage/Docker-SyncoidTest/Matrix/reverse-proxy@autosnap_2025-08-19_07:21:29_daily
Storage/Docker-SyncoidTest/Matrix/reverse-proxy@autosnap_2025-08-19_07:21:29_hourly
Storage/Docker-SyncoidTest/Matrix/reverse-proxy@autosnap_2025-11-05_05:01:16_monthly
Storage/Docker-SyncoidTest/Matrix/reverse-proxy@autosnap_2025-11-05_05:01:16_daily
Storage/Docker-SyncoidTest/Matrix/reverse-proxy@autosnap_2025-11-05_05:01:16_hourly
Storage/Docker-SyncoidTest/Matrix/reverse-proxy@autosnap_2025-11-05_06:00:01_hourly
Storage/Docker-SyncoidTest/Matrix/reverse-proxy@autosnap_2025-11-05_07:00:17_hourly
Storage/Docker-SyncoidTest/Matrix/reverse-proxy@autosnap_2025-12-25_09:43:35_monthly
Storage/Docker-SyncoidTest/Matrix/reverse-proxy@autosnap_2025-12-25_09:43:35_daily
Storage/Docker-SyncoidTest/Matrix/reverse-proxy@autosnap_2025-12-25_09:43:35_hourly
Storage/Docker-SyncoidTest/Matrix/reverse-proxy@autosnap_2025-12-25_10:00:03_hourly
Storage/Docker-SyncoidTest/Matrix/reverse-proxy@autosnap_2026-01-02_13:52:39_monthly
Storage/Docker-SyncoidTest/Matrix/reverse-proxy@autosnap_2026-01-02_13:52:39_daily
Storage/Docker-SyncoidTest/Matrix/reverse-proxy@autosnap_2026-01-02_13:52:39_hourly
Storage/Docker-SyncoidTest/Matrix/reverse-proxy@autosnap_2026-01-02_14:00:03_hourly
Storage/Docker-SyncoidTest/Matrix/reverse-proxy@autosnap_2026-01-02_15:00:07_hourly
Storage/Docker-SyncoidTest/Matrix/reverse-proxy@SnapBeforeWatchTower-Date-2026-01-02_16_53_42
Storage/Docker-SyncoidTest/Matrix/reverse-proxy@SnapBeforeWatchTower-Date-2026-01-02_16_54_56
Storage/Docker-SyncoidTest/Matrix/reverse-proxy@autosnap_2026-01-02_16:00:04_hourly
Storage/Docker-SyncoidTest/Matrix/reverse-proxy@SnapBeforeWatchTower-Date-2026-01-02_17_08_18
Storage/Docker-SyncoidTest/Matrix/reverse-proxy@SnapBeforeWatchTower-Date-2026-01-02_17_40_28
Storage/Docker-SyncoidTest/Matrix/reverse-proxy@SnapBeforeWatchTower-Date-2026-01-02_17_47_47
Storage/Docker-SyncoidTest/Matrix/reverse-proxy@autosnap_2026-01-02_17:00:01_hourly
Storage/Docker-SyncoidTest/Matrix/reverse-proxy@SnapBeforeWatchTower-Date-2026-01-02_18_37_46
Storage/Docker-SyncoidTest/Matrix/reverse-proxy@SnapBeforeWatchTower-Date-2026-01-02_18_45_24
Storage/Docker-SyncoidTest/Matrix/reverse-proxy@SnapBeforeWatchTower-Date-2026-01-02_18_49_29
Storage/Docker-SyncoidTest/Matrix/reverse-proxy@autosnap_2026-01-02_18:00:03_hourly
Storage/Docker-SyncoidTest/Matrix/reverse-proxy@SnapBeforeWatchTower-Date-2026-01-02_19_37_13
Storage/Docker-SyncoidTest/Matrix/reverse-proxy@SnapBeforeWatchTower-Date-2026-01-02_19_54_29
Storage/Docker-SyncoidTest/Matrix/reverse-proxy@autosnap_2026-01-02_19:00:03_hourly
Storage/Docker-SyncoidTest/Matrix/reverse-proxy@SnapBeforeWatchTower-Date-2026-01-02_20_03_08
Storage/Docker-SyncoidTest/Matrix/reverse-proxy@SnapBeforeWatchTower-Date-2026-01-02_20_03_49
Storage/Docker-SyncoidTest/Matrix/reverse-proxy@SnapBeforeWatchTower-Date-2026-01-02_20_04_21
Storage/Docker-SyncoidTest/Matrix/reverse-proxy@autosnap_2026-01-09_12:50:11_daily
Storage/Docker-SyncoidTest/Matrix/reverse-proxy@autosnap_2026-01-09_12:50:11_hourly
Storage/Docker-SyncoidTest/Matrix/reverse-proxy@autosnap_2026-01-09_13:00:00_hourly
Storage/Docker-SyncoidTest/Matrix/reverse-proxy@SnapBeforeWatchTower-Date-2026-01-09_14_31_22
2026-01-09 14:31:22,089 - INFO - [Storage/Docker-SyncoidTest/Matrix/reverse-proxy] Found 14 matching snapshots (retain_count=12).
2026-01-09 14:31:22,090 - INFO - [Storage/Docker-SyncoidTest/Matrix/reverse-proxy] Cutoff time: 2025-10-11 14:31:22  (older_than=90 days, 0:00:00)
2026-01-09 14:31:22,090 - INFO - [Storage/Docker-SyncoidTest/Matrix/reverse-proxy] Will delete 0 snapshot(s).
2026-01-09 14:31:22,090 - INFO - 

--------------------

2026-01-09 14:31:22,090 - INFO - Creating snapshot of: Storage/Docker-SyncoidTest/Matrix/synapse
2026-01-09 14:31:22,090 - DEBUG - Full snapshot name: Storage/Docker-SyncoidTest/Matrix/synapse@SnapBeforeWatchTower-Date-2026-01-09_14_31_22
2026-01-09 14:31:22,090 - DEBUG - Running command: zfs snapshot Storage/Docker-SyncoidTest/Matrix/synapse@SnapBeforeWatchTower-Date-2026-01-09_14_31_22
2026-01-09 14:31:22,128 - DEBUG - Running command: zfs list -H -t snapshot -o name Storage/Docker-SyncoidTest/Matrix/synapse
2026-01-09 14:31:22,151 - DEBUG - Command stdout:
Storage/Docker-SyncoidTest/Matrix/synapse@syncoid_darkyere-VirtualBox_2023-09-09:15:36:37-GMT02:00
Storage/Docker-SyncoidTest/Matrix/synapse@autosnap_2023-09-09_14:00:09_daily
Storage/Docker-SyncoidTest/Matrix/synapse@autosnap_2023-09-21_17:34:39_daily
Storage/Docker-SyncoidTest/Matrix/synapse@autosnap_2023-09-22_04:08:32_daily
Storage/Docker-SyncoidTest/Matrix/synapse@autosnap_2023-10-28_16:26:09_daily
Storage/Docker-SyncoidTest/Matrix/synapse@autosnap_2023-11-10_10:27:41_daily
Storage/Docker-SyncoidTest/Matrix/synapse@autosnap_2023-11-16_09:59:04_daily
Storage/Docker-SyncoidTest/Matrix/synapse@autosnap_2023-12-18_12:32:17_daily
Storage/Docker-SyncoidTest/Matrix/synapse@autosnap_2023-12-21_08:50:20_daily
Storage/Docker-SyncoidTest/Matrix/synapse@autosnap_2023-12-22_00:00:07_daily
Storage/Docker-SyncoidTest/Matrix/synapse@autosnap_2023-12-22_05:00:33_hourly
Storage/Docker-SyncoidTest/Matrix/synapse@autosnap_2023-12-22_06:00:03_hourly
Storage/Docker-SyncoidTest/Matrix/synapse@autosnap_2023-12-22_07:00:16_hourly
Storage/Docker-SyncoidTest/Matrix/synapse@autosnap_2023-12-22_08:00:11_hourly
Storage/Docker-SyncoidTest/Matrix/synapse@autosnap_2024-01-01_07:54:58_daily
Storage/Docker-SyncoidTest/Matrix/synapse@autosnap_2024-01-01_07:54:58_hourly
Storage/Docker-SyncoidTest/Matrix/synapse@autosnap_2024-01-01_08:00:02_hourly
Storage/Docker-SyncoidTest/Matrix/synapse@autosnap_2024-01-01_09:00:04_hourly
Storage/Docker-SyncoidTest/Matrix/synapse@autosnap_2024-01-01_10:00:07_hourly
Storage/Docker-SyncoidTest/Matrix/synapse@autosnap_2024-01-01_11:00:16_hourly
Storage/Docker-SyncoidTest/Matrix/synapse@autosnap_2024-01-01_12:00:05_hourly
Storage/Docker-SyncoidTest/Matrix/synapse@autosnap_2024-02-02_17:41:37_daily
Storage/Docker-SyncoidTest/Matrix/synapse@autosnap_2024-02-02_17:41:37_hourly
Storage/Docker-SyncoidTest/Matrix/synapse@autosnap_2024-02-02_18:00:21_hourly
Storage/Docker-SyncoidTest/Matrix/synapse@autosnap_2024-02-02_19:00:21_hourly
Storage/Docker-SyncoidTest/Matrix/synapse@autosnap_2024-02-02_20:00:22_hourly
Storage/Docker-SyncoidTest/Matrix/synapse@autosnap_2024-02-02_21:00:07_hourly
Storage/Docker-SyncoidTest/Matrix/synapse@autosnap_2024-02-02_22:00:18_hourly
Storage/Docker-SyncoidTest/Matrix/synapse@autosnap_2024-02-02_23:00:08_hourly
Storage/Docker-SyncoidTest/Matrix/synapse@autosnap_2024-02-03_00:00:10_daily
Storage/Docker-SyncoidTest/Matrix/synapse@autosnap_2024-02-03_00:00:10_hourly
Storage/Docker-SyncoidTest/Matrix/synapse@autosnap_2024-02-03_01:00:01_hourly
Storage/Docker-SyncoidTest/Matrix/synapse@autosnap_2024-02-03_02:00:13_hourly
Storage/Docker-SyncoidTest/Matrix/synapse@autosnap_2024-02-03_03:00:10_hourly
Storage/Docker-SyncoidTest/Matrix/synapse@autosnap_2024-02-03_04:00:15_hourly
Storage/Docker-SyncoidTest/Matrix/synapse@autosnap_2024-02-03_05:00:19_hourly
Storage/Docker-SyncoidTest/Matrix/synapse@autosnap_2024-02-03_06:00:09_hourly
Storage/Docker-SyncoidTest/Matrix/synapse@autosnap_2024-08-18_14:10:57_daily
Storage/Docker-SyncoidTest/Matrix/synapse@autosnap_2024-08-18_14:10:57_hourly
Storage/Docker-SyncoidTest/Matrix/synapse@autosnap_2024-10-04_15:50:24_daily
Storage/Docker-SyncoidTest/Matrix/synapse@autosnap_2024-10-04_15:50:24_hourly
Storage/Docker-SyncoidTest/Matrix/synapse@autosnap_2024-10-04_16:00:33_hourly
Storage/Docker-SyncoidTest/Matrix/synapse@autosnap_2024-10-04_17:00:07_hourly
Storage/Docker-SyncoidTest/Matrix/synapse@autosnap_2024-10-12_19:24:24_daily
Storage/Docker-SyncoidTest/Matrix/synapse@autosnap_2024-10-12_19:24:24_hourly
Storage/Docker-SyncoidTest/Matrix/synapse@autosnap_2025-01-06_18:54:07_daily
Storage/Docker-SyncoidTest/Matrix/synapse@autosnap_2025-01-06_18:54:07_hourly
Storage/Docker-SyncoidTest/Matrix/synapse@autosnap_2025-01-06_19:00:02_hourly
Storage/Docker-SyncoidTest/Matrix/synapse@autosnap_2025-03-31_14:02:59_monthly
Storage/Docker-SyncoidTest/Matrix/synapse@autosnap_2025-03-31_14:02:59_daily
Storage/Docker-SyncoidTest/Matrix/synapse@autosnap_2025-03-31_14:02:59_hourly
Storage/Docker-SyncoidTest/Matrix/synapse@autosnap_2025-04-28_19:04:37_monthly
Storage/Docker-SyncoidTest/Matrix/synapse@autosnap_2025-04-28_19:04:37_daily
Storage/Docker-SyncoidTest/Matrix/synapse@autosnap_2025-04-28_19:04:37_hourly
Storage/Docker-SyncoidTest/Matrix/synapse@autosnap_2025-08-19_07:21:15_monthly
Storage/Docker-SyncoidTest/Matrix/synapse@autosnap_2025-08-19_07:21:15_daily
Storage/Docker-SyncoidTest/Matrix/synapse@autosnap_2025-08-19_07:21:15_hourly
Storage/Docker-SyncoidTest/Matrix/synapse@autosnap_2025-11-05_05:01:16_monthly
Storage/Docker-SyncoidTest/Matrix/synapse@autosnap_2025-11-05_05:01:16_daily
Storage/Docker-SyncoidTest/Matrix/synapse@autosnap_2025-11-05_05:01:16_hourly
Storage/Docker-SyncoidTest/Matrix/synapse@autosnap_2025-11-05_06:00:01_hourly
Storage/Docker-SyncoidTest/Matrix/synapse@autosnap_2025-11-05_07:00:16_hourly
Storage/Docker-SyncoidTest/Matrix/synapse@autosnap_2025-12-25_09:44:04_monthly
Storage/Docker-SyncoidTest/Matrix/synapse@autosnap_2025-12-25_09:44:04_daily
Storage/Docker-SyncoidTest/Matrix/synapse@autosnap_2025-12-25_09:44:04_hourly
Storage/Docker-SyncoidTest/Matrix/synapse@autosnap_2025-12-25_10:00:02_hourly
Storage/Docker-SyncoidTest/Matrix/synapse@autosnap_2026-01-02_13:52:42_monthly
Storage/Docker-SyncoidTest/Matrix/synapse@autosnap_2026-01-02_13:52:42_daily
Storage/Docker-SyncoidTest/Matrix/synapse@autosnap_2026-01-02_13:52:42_hourly
Storage/Docker-SyncoidTest/Matrix/synapse@autosnap_2026-01-02_14:00:03_hourly
Storage/Docker-SyncoidTest/Matrix/synapse@autosnap_2026-01-02_15:00:07_hourly
Storage/Docker-SyncoidTest/Matrix/synapse@SnapBeforeWatchTower-Date-2026-01-02_16_53_43
Storage/Docker-SyncoidTest/Matrix/synapse@SnapBeforeWatchTower-Date-2026-01-02_16_54_56
Storage/Docker-SyncoidTest/Matrix/synapse@autosnap_2026-01-02_16:00:03_hourly
Storage/Docker-SyncoidTest/Matrix/synapse@SnapBeforeWatchTower-Date-2026-01-02_17_08_18
Storage/Docker-SyncoidTest/Matrix/synapse@SnapBeforeWatchTower-Date-2026-01-02_17_40_28
Storage/Docker-SyncoidTest/Matrix/synapse@SnapBeforeWatchTower-Date-2026-01-02_17_47_47
Storage/Docker-SyncoidTest/Matrix/synapse@autosnap_2026-01-02_17:00:01_hourly
Storage/Docker-SyncoidTest/Matrix/synapse@SnapBeforeWatchTower-Date-2026-01-02_18_37_46
Storage/Docker-SyncoidTest/Matrix/synapse@SnapBeforeWatchTower-Date-2026-01-02_18_45_24
Storage/Docker-SyncoidTest/Matrix/synapse@SnapBeforeWatchTower-Date-2026-01-02_18_49_30
Storage/Docker-SyncoidTest/Matrix/synapse@autosnap_2026-01-02_18:00:03_hourly
Storage/Docker-SyncoidTest/Matrix/synapse@SnapBeforeWatchTower-Date-2026-01-02_19_37_13
Storage/Docker-SyncoidTest/Matrix/synapse@SnapBeforeWatchTower-Date-2026-01-02_19_54_29
Storage/Docker-SyncoidTest/Matrix/synapse@autosnap_2026-01-02_19:00:04_hourly
Storage/Docker-SyncoidTest/Matrix/synapse@SnapBeforeWatchTower-Date-2026-01-02_20_03_08
Storage/Docker-SyncoidTest/Matrix/synapse@SnapBeforeWatchTower-Date-2026-01-02_20_03_49
Storage/Docker-SyncoidTest/Matrix/synapse@SnapBeforeWatchTower-Date-2026-01-02_20_04_21
Storage/Docker-SyncoidTest/Matrix/synapse@autosnap_2026-01-09_12:50:09_daily
Storage/Docker-SyncoidTest/Matrix/synapse@autosnap_2026-01-09_12:50:09_hourly
Storage/Docker-SyncoidTest/Matrix/synapse@autosnap_2026-01-09_13:00:00_hourly
Storage/Docker-SyncoidTest/Matrix/synapse@SnapBeforeWatchTower-Date-2026-01-09_14_31_22
2026-01-09 14:31:22,152 - INFO - [Storage/Docker-SyncoidTest/Matrix/synapse] Found 14 matching snapshots (retain_count=12).
2026-01-09 14:31:22,152 - INFO - [Storage/Docker-SyncoidTest/Matrix/synapse] Cutoff time: 2025-10-11 14:31:22  (older_than=90 days, 0:00:00)
2026-01-09 14:31:22,152 - INFO - [Storage/Docker-SyncoidTest/Matrix/synapse] Will delete 0 snapshot(s).
2026-01-09 14:31:22,152 - INFO - 

--------------------

2026-01-09 14:31:22,152 - INFO - Creating snapshot of: Storage/Docker-SyncoidTest/Media
2026-01-09 14:31:22,152 - DEBUG - Full snapshot name: Storage/Docker-SyncoidTest/Media@SnapBeforeWatchTower-Date-2026-01-09_14_31_22
2026-01-09 14:31:22,152 - DEBUG - Running command: zfs snapshot Storage/Docker-SyncoidTest/Media@SnapBeforeWatchTower-Date-2026-01-09_14_31_22
2026-01-09 14:31:22,196 - DEBUG - Running command: zfs list -H -t snapshot -o name Storage/Docker-SyncoidTest/Media
2026-01-09 14:31:22,215 - DEBUG - Command stdout:
Storage/Docker-SyncoidTest/Media@syncoid_darkyere-VirtualBox_2023-09-09:15:36:49-GMT02:00
Storage/Docker-SyncoidTest/Media@autosnap_2023-09-09_14:00:08_daily
Storage/Docker-SyncoidTest/Media@autosnap_2023-09-21_17:34:37_daily
Storage/Docker-SyncoidTest/Media@autosnap_2023-09-22_04:08:32_daily
Storage/Docker-SyncoidTest/Media@autosnap_2023-10-28_16:26:08_daily
Storage/Docker-SyncoidTest/Media@autosnap_2023-11-10_10:27:40_daily
Storage/Docker-SyncoidTest/Media@autosnap_2023-11-16_09:59:05_daily
Storage/Docker-SyncoidTest/Media@autosnap_2023-12-18_12:32:19_daily
Storage/Docker-SyncoidTest/Media@autosnap_2023-12-21_08:50:19_daily
Storage/Docker-SyncoidTest/Media@autosnap_2023-12-22_00:00:06_daily
Storage/Docker-SyncoidTest/Media@autosnap_2023-12-22_05:00:33_hourly
Storage/Docker-SyncoidTest/Media@autosnap_2023-12-22_06:00:03_hourly
Storage/Docker-SyncoidTest/Media@autosnap_2023-12-22_07:00:16_hourly
Storage/Docker-SyncoidTest/Media@autosnap_2023-12-22_08:00:11_hourly
Storage/Docker-SyncoidTest/Media@autosnap_2024-01-01_07:54:55_daily
Storage/Docker-SyncoidTest/Media@autosnap_2024-01-01_07:54:55_hourly
Storage/Docker-SyncoidTest/Media@autosnap_2024-01-01_08:00:01_hourly
Storage/Docker-SyncoidTest/Media@autosnap_2024-01-01_09:00:04_hourly
Storage/Docker-SyncoidTest/Media@autosnap_2024-01-01_10:00:07_hourly
Storage/Docker-SyncoidTest/Media@autosnap_2024-01-01_11:00:15_hourly
Storage/Docker-SyncoidTest/Media@autosnap_2024-01-01_12:00:06_hourly
Storage/Docker-SyncoidTest/Media@autosnap_2024-02-02_17:41:44_daily
Storage/Docker-SyncoidTest/Media@autosnap_2024-02-02_17:41:44_hourly
Storage/Docker-SyncoidTest/Media@autosnap_2024-02-02_18:00:19_hourly
Storage/Docker-SyncoidTest/Media@autosnap_2024-02-02_19:00:21_hourly
Storage/Docker-SyncoidTest/Media@autosnap_2024-02-02_20:00:22_hourly
Storage/Docker-SyncoidTest/Media@autosnap_2024-02-02_21:00:06_hourly
Storage/Docker-SyncoidTest/Media@autosnap_2024-02-02_22:00:18_hourly
Storage/Docker-SyncoidTest/Media@autosnap_2024-02-02_23:00:07_hourly
Storage/Docker-SyncoidTest/Media@autosnap_2024-02-03_00:00:10_daily
Storage/Docker-SyncoidTest/Media@autosnap_2024-02-03_00:00:10_hourly
Storage/Docker-SyncoidTest/Media@autosnap_2024-02-03_01:00:02_hourly
Storage/Docker-SyncoidTest/Media@autosnap_2024-02-03_02:00:13_hourly
Storage/Docker-SyncoidTest/Media@autosnap_2024-02-03_03:00:10_hourly
Storage/Docker-SyncoidTest/Media@autosnap_2024-02-03_04:00:15_hourly
Storage/Docker-SyncoidTest/Media@autosnap_2024-02-03_05:00:20_hourly
Storage/Docker-SyncoidTest/Media@autosnap_2024-02-03_06:00:09_hourly
Storage/Docker-SyncoidTest/Media@autosnap_2024-08-18_14:10:56_daily
Storage/Docker-SyncoidTest/Media@autosnap_2024-08-18_14:10:56_hourly
Storage/Docker-SyncoidTest/Media@autosnap_2024-10-04_15:50:23_daily
Storage/Docker-SyncoidTest/Media@autosnap_2024-10-04_15:50:23_hourly
Storage/Docker-SyncoidTest/Media@autosnap_2024-10-04_16:00:30_hourly
Storage/Docker-SyncoidTest/Media@autosnap_2024-10-04_17:00:05_hourly
Storage/Docker-SyncoidTest/Media@autosnap_2024-10-12_19:24:12_daily
Storage/Docker-SyncoidTest/Media@autosnap_2024-10-12_19:24:12_hourly
Storage/Docker-SyncoidTest/Media@autosnap_2025-01-06_18:54:16_daily
Storage/Docker-SyncoidTest/Media@autosnap_2025-01-06_18:54:16_hourly
Storage/Docker-SyncoidTest/Media@autosnap_2025-01-06_19:00:01_hourly
Storage/Docker-SyncoidTest/Media@autosnap_2025-03-31_14:02:57_monthly
Storage/Docker-SyncoidTest/Media@autosnap_2025-03-31_14:02:57_daily
Storage/Docker-SyncoidTest/Media@autosnap_2025-03-31_14:02:57_hourly
Storage/Docker-SyncoidTest/Media@autosnap_2025-04-28_19:04:39_monthly
Storage/Docker-SyncoidTest/Media@autosnap_2025-04-28_19:04:39_daily
Storage/Docker-SyncoidTest/Media@autosnap_2025-04-28_19:04:39_hourly
Storage/Docker-SyncoidTest/Media@autosnap_2025-08-19_07:21:24_monthly
Storage/Docker-SyncoidTest/Media@autosnap_2025-08-19_07:21:24_daily
Storage/Docker-SyncoidTest/Media@autosnap_2025-08-19_07:21:24_hourly
Storage/Docker-SyncoidTest/Media@autosnap_2025-11-05_05:01:12_monthly
Storage/Docker-SyncoidTest/Media@autosnap_2025-11-05_05:01:12_daily
Storage/Docker-SyncoidTest/Media@autosnap_2025-11-05_05:01:12_hourly
Storage/Docker-SyncoidTest/Media@autosnap_2025-11-05_06:00:02_hourly
Storage/Docker-SyncoidTest/Media@autosnap_2025-11-05_07:00:16_hourly
Storage/Docker-SyncoidTest/Media@autosnap_2025-12-25_09:44:03_monthly
Storage/Docker-SyncoidTest/Media@autosnap_2025-12-25_09:44:03_daily
Storage/Docker-SyncoidTest/Media@autosnap_2025-12-25_09:44:03_hourly
Storage/Docker-SyncoidTest/Media@autosnap_2025-12-25_10:00:01_hourly
Storage/Docker-SyncoidTest/Media@autosnap_2026-01-02_13:52:43_monthly
Storage/Docker-SyncoidTest/Media@autosnap_2026-01-02_13:52:43_daily
Storage/Docker-SyncoidTest/Media@autosnap_2026-01-02_13:52:43_hourly
Storage/Docker-SyncoidTest/Media@autosnap_2026-01-02_14:00:02_hourly
Storage/Docker-SyncoidTest/Media@autosnap_2026-01-02_15:00:07_hourly
Storage/Docker-SyncoidTest/Media@SnapBeforeWatchTower-Date-2026-01-02_16_53_43
Storage/Docker-SyncoidTest/Media@SnapBeforeWatchTower-Date-2026-01-02_16_54_57
Storage/Docker-SyncoidTest/Media@autosnap_2026-01-02_16:00:05_hourly
Storage/Docker-SyncoidTest/Media@SnapBeforeWatchTower-Date-2026-01-02_17_08_18
Storage/Docker-SyncoidTest/Media@SnapBeforeWatchTower-Date-2026-01-02_17_40_28
Storage/Docker-SyncoidTest/Media@SnapBeforeWatchTower-Date-2026-01-02_17_47_48
Storage/Docker-SyncoidTest/Media@autosnap_2026-01-02_17:00:01_hourly
Storage/Docker-SyncoidTest/Media@SnapBeforeWatchTower-Date-2026-01-02_18_37_46
Storage/Docker-SyncoidTest/Media@SnapBeforeWatchTower-Date-2026-01-02_18_45_25
Storage/Docker-SyncoidTest/Media@SnapBeforeWatchTower-Date-2026-01-02_18_49_30
Storage/Docker-SyncoidTest/Media@autosnap_2026-01-02_18:00:04_hourly
Storage/Docker-SyncoidTest/Media@SnapBeforeWatchTower-Date-2026-01-02_19_37_13
Storage/Docker-SyncoidTest/Media@SnapBeforeWatchTower-Date-2026-01-02_19_54_29
Storage/Docker-SyncoidTest/Media@autosnap_2026-01-02_19:00:04_hourly
Storage/Docker-SyncoidTest/Media@SnapBeforeWatchTower-Date-2026-01-02_20_03_08
Storage/Docker-SyncoidTest/Media@SnapBeforeWatchTower-Date-2026-01-02_20_03_50
Storage/Docker-SyncoidTest/Media@SnapBeforeWatchTower-Date-2026-01-02_20_04_21
Storage/Docker-SyncoidTest/Media@autosnap_2026-01-09_12:50:13_daily
Storage/Docker-SyncoidTest/Media@autosnap_2026-01-09_12:50:13_hourly
Storage/Docker-SyncoidTest/Media@autosnap_2026-01-09_13:00:01_hourly
Storage/Docker-SyncoidTest/Media@SnapBeforeWatchTower-Date-2026-01-09_14_31_22
2026-01-09 14:31:22,216 - INFO - [Storage/Docker-SyncoidTest/Media] Found 14 matching snapshots (retain_count=12).
2026-01-09 14:31:22,216 - INFO - [Storage/Docker-SyncoidTest/Media] Cutoff time: 2025-10-11 14:31:22  (older_than=90 days, 0:00:00)
2026-01-09 14:31:22,216 - INFO - [Storage/Docker-SyncoidTest/Media] Will delete 0 snapshot(s).
2026-01-09 14:31:22,216 - INFO - 

--------------------

2026-01-09 14:31:22,216 - INFO - Creating snapshot of: Storage/Docker-SyncoidTest/Media/Ebooks
2026-01-09 14:31:22,216 - DEBUG - Full snapshot name: Storage/Docker-SyncoidTest/Media/Ebooks@SnapBeforeWatchTower-Date-2026-01-09_14_31_22
2026-01-09 14:31:22,216 - DEBUG - Running command: zfs snapshot Storage/Docker-SyncoidTest/Media/Ebooks@SnapBeforeWatchTower-Date-2026-01-09_14_31_22
2026-01-09 14:31:22,254 - DEBUG - Running command: zfs list -H -t snapshot -o name Storage/Docker-SyncoidTest/Media/Ebooks
2026-01-09 14:31:22,293 - DEBUG - Command stdout:
Storage/Docker-SyncoidTest/Media/Ebooks@syncoid_darkyere-VirtualBox_2023-09-09:15:37:00-GMT02:00
Storage/Docker-SyncoidTest/Media/Ebooks@autosnap_2023-09-09_14:00:06_daily
Storage/Docker-SyncoidTest/Media/Ebooks@autosnap_2023-09-21_17:34:38_daily
Storage/Docker-SyncoidTest/Media/Ebooks@autosnap_2023-09-22_04:08:32_daily
Storage/Docker-SyncoidTest/Media/Ebooks@autosnap_2023-10-28_16:26:10_daily
Storage/Docker-SyncoidTest/Media/Ebooks@autosnap_2023-11-10_10:27:43_daily
Storage/Docker-SyncoidTest/Media/Ebooks@autosnap_2023-11-16_09:59:04_daily
Storage/Docker-SyncoidTest/Media/Ebooks@autosnap_2023-12-18_12:32:18_daily
Storage/Docker-SyncoidTest/Media/Ebooks@autosnap_2023-12-21_08:50:20_daily
Storage/Docker-SyncoidTest/Media/Ebooks@autosnap_2023-12-22_00:00:05_daily
Storage/Docker-SyncoidTest/Media/Ebooks@autosnap_2023-12-22_05:00:34_hourly
Storage/Docker-SyncoidTest/Media/Ebooks@autosnap_2023-12-22_06:00:02_hourly
Storage/Docker-SyncoidTest/Media/Ebooks@autosnap_2023-12-22_07:00:17_hourly
Storage/Docker-SyncoidTest/Media/Ebooks@autosnap_2023-12-22_08:00:11_hourly
Storage/Docker-SyncoidTest/Media/Ebooks@autosnap_2024-01-01_07:54:52_daily
Storage/Docker-SyncoidTest/Media/Ebooks@autosnap_2024-01-01_07:54:52_hourly
Storage/Docker-SyncoidTest/Media/Ebooks@autosnap_2024-01-01_08:00:01_hourly
Storage/Docker-SyncoidTest/Media/Ebooks@autosnap_2024-01-01_09:00:04_hourly
Storage/Docker-SyncoidTest/Media/Ebooks@autosnap_2024-01-01_10:00:07_hourly
Storage/Docker-SyncoidTest/Media/Ebooks@autosnap_2024-01-01_11:00:16_hourly
Storage/Docker-SyncoidTest/Media/Ebooks@autosnap_2024-01-01_12:00:06_hourly
Storage/Docker-SyncoidTest/Media/Ebooks@autosnap_2024-02-02_17:41:40_daily
Storage/Docker-SyncoidTest/Media/Ebooks@autosnap_2024-02-02_17:41:40_hourly
Storage/Docker-SyncoidTest/Media/Ebooks@autosnap_2024-02-02_18:00:20_hourly
Storage/Docker-SyncoidTest/Media/Ebooks@autosnap_2024-02-02_19:00:22_hourly
Storage/Docker-SyncoidTest/Media/Ebooks@autosnap_2024-02-02_20:00:22_hourly
Storage/Docker-SyncoidTest/Media/Ebooks@autosnap_2024-02-02_21:00:06_hourly
Storage/Docker-SyncoidTest/Media/Ebooks@autosnap_2024-02-02_22:00:18_hourly
Storage/Docker-SyncoidTest/Media/Ebooks@autosnap_2024-02-02_23:00:08_hourly
Storage/Docker-SyncoidTest/Media/Ebooks@autosnap_2024-02-03_00:00:11_daily
Storage/Docker-SyncoidTest/Media/Ebooks@autosnap_2024-02-03_00:00:11_hourly
Storage/Docker-SyncoidTest/Media/Ebooks@autosnap_2024-02-03_01:00:02_hourly
Storage/Docker-SyncoidTest/Media/Ebooks@autosnap_2024-02-03_02:00:13_hourly
Storage/Docker-SyncoidTest/Media/Ebooks@autosnap_2024-02-03_03:00:10_hourly
Storage/Docker-SyncoidTest/Media/Ebooks@autosnap_2024-02-03_04:00:14_hourly
Storage/Docker-SyncoidTest/Media/Ebooks@autosnap_2024-02-03_05:00:20_hourly
Storage/Docker-SyncoidTest/Media/Ebooks@autosnap_2024-02-03_06:00:09_hourly
Storage/Docker-SyncoidTest/Media/Ebooks@autosnap_2024-08-18_14:10:36_daily
Storage/Docker-SyncoidTest/Media/Ebooks@autosnap_2024-08-18_14:10:36_hourly
Storage/Docker-SyncoidTest/Media/Ebooks@autosnap_2024-10-04_15:50:23_daily
Storage/Docker-SyncoidTest/Media/Ebooks@autosnap_2024-10-04_15:50:23_hourly
Storage/Docker-SyncoidTest/Media/Ebooks@autosnap_2024-10-04_16:00:33_hourly
Storage/Docker-SyncoidTest/Media/Ebooks@autosnap_2024-10-04_17:00:06_hourly
Storage/Docker-SyncoidTest/Media/Ebooks@autosnap_2024-10-12_19:24:23_daily
Storage/Docker-SyncoidTest/Media/Ebooks@autosnap_2024-10-12_19:24:23_hourly
Storage/Docker-SyncoidTest/Media/Ebooks@autosnap_2025-01-06_18:54:17_daily
Storage/Docker-SyncoidTest/Media/Ebooks@autosnap_2025-01-06_18:54:17_hourly
Storage/Docker-SyncoidTest/Media/Ebooks@autosnap_2025-01-06_19:00:01_hourly
Storage/Docker-SyncoidTest/Media/Ebooks@autosnap_2025-03-31_14:03:00_monthly
Storage/Docker-SyncoidTest/Media/Ebooks@autosnap_2025-03-31_14:03:00_daily
Storage/Docker-SyncoidTest/Media/Ebooks@autosnap_2025-03-31_14:03:00_hourly
Storage/Docker-SyncoidTest/Media/Ebooks@autosnap_2025-04-28_19:04:37_monthly
Storage/Docker-SyncoidTest/Media/Ebooks@autosnap_2025-04-28_19:04:37_daily
Storage/Docker-SyncoidTest/Media/Ebooks@autosnap_2025-04-28_19:04:37_hourly
Storage/Docker-SyncoidTest/Media/Ebooks@autosnap_2025-08-19_07:21:29_monthly
Storage/Docker-SyncoidTest/Media/Ebooks@autosnap_2025-08-19_07:21:29_daily
Storage/Docker-SyncoidTest/Media/Ebooks@autosnap_2025-08-19_07:21:29_hourly
Storage/Docker-SyncoidTest/Media/Ebooks@autosnap_2025-11-05_05:01:14_monthly
Storage/Docker-SyncoidTest/Media/Ebooks@autosnap_2025-11-05_05:01:14_daily
Storage/Docker-SyncoidTest/Media/Ebooks@autosnap_2025-11-05_05:01:14_hourly
Storage/Docker-SyncoidTest/Media/Ebooks@autosnap_2025-11-05_06:00:00_hourly
Storage/Docker-SyncoidTest/Media/Ebooks@autosnap_2025-11-05_07:00:17_hourly
Storage/Docker-SyncoidTest/Media/Ebooks@autosnap_2025-12-25_09:44:03_monthly
Storage/Docker-SyncoidTest/Media/Ebooks@autosnap_2025-12-25_09:44:03_daily
Storage/Docker-SyncoidTest/Media/Ebooks@autosnap_2025-12-25_09:44:03_hourly
Storage/Docker-SyncoidTest/Media/Ebooks@autosnap_2025-12-25_10:00:01_hourly
Storage/Docker-SyncoidTest/Media/Ebooks@autosnap_2026-01-02_13:52:45_monthly
Storage/Docker-SyncoidTest/Media/Ebooks@autosnap_2026-01-02_13:52:45_daily
Storage/Docker-SyncoidTest/Media/Ebooks@autosnap_2026-01-02_13:52:45_hourly
Storage/Docker-SyncoidTest/Media/Ebooks@autosnap_2026-01-02_14:00:03_hourly
Storage/Docker-SyncoidTest/Media/Ebooks@autosnap_2026-01-02_15:00:06_hourly
Storage/Docker-SyncoidTest/Media/Ebooks@SnapBeforeWatchTower-Date-2026-01-02_16_53_43
Storage/Docker-SyncoidTest/Media/Ebooks@SnapBeforeWatchTower-Date-2026-01-02_16_54_57
Storage/Docker-SyncoidTest/Media/Ebooks@autosnap_2026-01-02_16:00:05_hourly
Storage/Docker-SyncoidTest/Media/Ebooks@SnapBeforeWatchTower-Date-2026-01-02_17_08_18
Storage/Docker-SyncoidTest/Media/Ebooks@SnapBeforeWatchTower-Date-2026-01-02_17_40_28
Storage/Docker-SyncoidTest/Media/Ebooks@SnapBeforeWatchTower-Date-2026-01-02_17_47_48
Storage/Docker-SyncoidTest/Media/Ebooks@autosnap_2026-01-02_17:00:00_hourly
Storage/Docker-SyncoidTest/Media/Ebooks@SnapBeforeWatchTower-Date-2026-01-02_18_37_46
Storage/Docker-SyncoidTest/Media/Ebooks@SnapBeforeWatchTower-Date-2026-01-02_18_45_25
Storage/Docker-SyncoidTest/Media/Ebooks@SnapBeforeWatchTower-Date-2026-01-02_18_49_30
Storage/Docker-SyncoidTest/Media/Ebooks@autosnap_2026-01-02_18:00:03_hourly
Storage/Docker-SyncoidTest/Media/Ebooks@SnapBeforeWatchTower-Date-2026-01-02_19_37_13
Storage/Docker-SyncoidTest/Media/Ebooks@SnapBeforeWatchTower-Date-2026-01-02_19_54_29
Storage/Docker-SyncoidTest/Media/Ebooks@autosnap_2026-01-02_19:00:04_hourly
Storage/Docker-SyncoidTest/Media/Ebooks@SnapBeforeWatchTower-Date-2026-01-02_20_03_08
Storage/Docker-SyncoidTest/Media/Ebooks@SnapBeforeWatchTower-Date-2026-01-02_20_03_50
Storage/Docker-SyncoidTest/Media/Ebooks@SnapBeforeWatchTower-Date-2026-01-02_20_04_21
Storage/Docker-SyncoidTest/Media/Ebooks@autosnap_2026-01-09_12:50:14_daily
Storage/Docker-SyncoidTest/Media/Ebooks@autosnap_2026-01-09_12:50:14_hourly
Storage/Docker-SyncoidTest/Media/Ebooks@autosnap_2026-01-09_13:00:01_hourly
Storage/Docker-SyncoidTest/Media/Ebooks@SnapBeforeWatchTower-Date-2026-01-09_14_31_22
2026-01-09 14:31:22,293 - INFO - [Storage/Docker-SyncoidTest/Media/Ebooks] Found 14 matching snapshots (retain_count=12).
2026-01-09 14:31:22,293 - INFO - [Storage/Docker-SyncoidTest/Media/Ebooks] Cutoff time: 2025-10-11 14:31:22  (older_than=90 days, 0:00:00)
2026-01-09 14:31:22,294 - INFO - [Storage/Docker-SyncoidTest/Media/Ebooks] Will delete 0 snapshot(s).
2026-01-09 14:31:22,294 - INFO - 

--------------------

2026-01-09 14:31:22,294 - INFO - Creating snapshot of: Storage/Docker-SyncoidTest/Media/Manga
2026-01-09 14:31:22,294 - DEBUG - Full snapshot name: Storage/Docker-SyncoidTest/Media/Manga@SnapBeforeWatchTower-Date-2026-01-09_14_31_22
2026-01-09 14:31:22,294 - DEBUG - Running command: zfs snapshot Storage/Docker-SyncoidTest/Media/Manga@SnapBeforeWatchTower-Date-2026-01-09_14_31_22
2026-01-09 14:31:22,346 - DEBUG - Running command: zfs list -H -t snapshot -o name Storage/Docker-SyncoidTest/Media/Manga
2026-01-09 14:31:22,365 - DEBUG - Command stdout:
Storage/Docker-SyncoidTest/Media/Manga@syncoid_darkyere-VirtualBox_2023-09-09:15:37:10-GMT02:00
Storage/Docker-SyncoidTest/Media/Manga@autosnap_2023-09-09_14:00:07_daily
Storage/Docker-SyncoidTest/Media/Manga@autosnap_2023-09-21_17:34:37_daily
Storage/Docker-SyncoidTest/Media/Manga@autosnap_2023-09-22_04:08:31_daily
Storage/Docker-SyncoidTest/Media/Manga@autosnap_2023-10-28_16:26:10_daily
Storage/Docker-SyncoidTest/Media/Manga@autosnap_2023-11-10_10:27:42_daily
Storage/Docker-SyncoidTest/Media/Manga@autosnap_2023-11-16_09:59:04_daily
Storage/Docker-SyncoidTest/Media/Manga@autosnap_2023-12-18_12:32:19_daily
Storage/Docker-SyncoidTest/Media/Manga@autosnap_2023-12-21_08:50:20_daily
Storage/Docker-SyncoidTest/Media/Manga@autosnap_2023-12-22_00:00:06_daily
Storage/Docker-SyncoidTest/Media/Manga@autosnap_2023-12-22_05:00:33_hourly
Storage/Docker-SyncoidTest/Media/Manga@autosnap_2023-12-22_06:00:03_hourly
Storage/Docker-SyncoidTest/Media/Manga@autosnap_2023-12-22_07:00:16_hourly
Storage/Docker-SyncoidTest/Media/Manga@autosnap_2023-12-22_08:00:11_hourly
Storage/Docker-SyncoidTest/Media/Manga@autosnap_2024-01-01_07:54:53_daily
Storage/Docker-SyncoidTest/Media/Manga@autosnap_2024-01-01_07:54:53_hourly
Storage/Docker-SyncoidTest/Media/Manga@autosnap_2024-01-01_08:00:02_hourly
Storage/Docker-SyncoidTest/Media/Manga@autosnap_2024-01-01_09:00:04_hourly
Storage/Docker-SyncoidTest/Media/Manga@autosnap_2024-01-01_10:00:07_hourly
Storage/Docker-SyncoidTest/Media/Manga@autosnap_2024-01-01_11:00:15_hourly
Storage/Docker-SyncoidTest/Media/Manga@autosnap_2024-01-01_12:00:06_hourly
Storage/Docker-SyncoidTest/Media/Manga@autosnap_2024-02-02_17:41:41_daily
Storage/Docker-SyncoidTest/Media/Manga@autosnap_2024-02-02_17:41:41_hourly
Storage/Docker-SyncoidTest/Media/Manga@autosnap_2024-02-02_18:00:21_hourly
Storage/Docker-SyncoidTest/Media/Manga@autosnap_2024-02-02_19:00:21_hourly
Storage/Docker-SyncoidTest/Media/Manga@autosnap_2024-02-02_20:00:23_hourly
Storage/Docker-SyncoidTest/Media/Manga@autosnap_2024-02-02_21:00:08_hourly
Storage/Docker-SyncoidTest/Media/Manga@autosnap_2024-02-02_22:00:17_hourly
Storage/Docker-SyncoidTest/Media/Manga@autosnap_2024-02-02_23:00:08_hourly
Storage/Docker-SyncoidTest/Media/Manga@autosnap_2024-02-03_00:00:11_daily
Storage/Docker-SyncoidTest/Media/Manga@autosnap_2024-02-03_00:00:11_hourly
Storage/Docker-SyncoidTest/Media/Manga@autosnap_2024-02-03_01:00:01_hourly
Storage/Docker-SyncoidTest/Media/Manga@autosnap_2024-02-03_02:00:14_hourly
Storage/Docker-SyncoidTest/Media/Manga@autosnap_2024-02-03_03:00:10_hourly
Storage/Docker-SyncoidTest/Media/Manga@autosnap_2024-02-03_04:00:15_hourly
Storage/Docker-SyncoidTest/Media/Manga@autosnap_2024-02-03_05:00:19_hourly
Storage/Docker-SyncoidTest/Media/Manga@autosnap_2024-02-03_06:00:08_hourly
Storage/Docker-SyncoidTest/Media/Manga@autosnap_2024-08-18_14:10:58_daily
Storage/Docker-SyncoidTest/Media/Manga@autosnap_2024-08-18_14:10:58_hourly
Storage/Docker-SyncoidTest/Media/Manga@autosnap_2024-10-04_15:50:26_daily
Storage/Docker-SyncoidTest/Media/Manga@autosnap_2024-10-04_15:50:26_hourly
Storage/Docker-SyncoidTest/Media/Manga@autosnap_2024-10-04_16:00:32_hourly
Storage/Docker-SyncoidTest/Media/Manga@autosnap_2024-10-04_17:00:04_hourly
Storage/Docker-SyncoidTest/Media/Manga@autosnap_2024-10-12_19:24:23_daily
Storage/Docker-SyncoidTest/Media/Manga@autosnap_2024-10-12_19:24:23_hourly
Storage/Docker-SyncoidTest/Media/Manga@autosnap_2025-01-06_18:53:47_daily
Storage/Docker-SyncoidTest/Media/Manga@autosnap_2025-01-06_18:53:47_hourly
Storage/Docker-SyncoidTest/Media/Manga@autosnap_2025-01-06_19:00:01_hourly
Storage/Docker-SyncoidTest/Media/Manga@autosnap_2025-03-31_14:02:59_monthly
Storage/Docker-SyncoidTest/Media/Manga@autosnap_2025-03-31_14:02:59_daily
Storage/Docker-SyncoidTest/Media/Manga@autosnap_2025-03-31_14:02:59_hourly
Storage/Docker-SyncoidTest/Media/Manga@autosnap_2025-04-28_19:04:40_monthly
Storage/Docker-SyncoidTest/Media/Manga@autosnap_2025-04-28_19:04:40_daily
Storage/Docker-SyncoidTest/Media/Manga@autosnap_2025-04-28_19:04:40_hourly
Storage/Docker-SyncoidTest/Media/Manga@autosnap_2025-08-19_07:21:25_monthly
Storage/Docker-SyncoidTest/Media/Manga@autosnap_2025-08-19_07:21:25_daily
Storage/Docker-SyncoidTest/Media/Manga@autosnap_2025-08-19_07:21:25_hourly
Storage/Docker-SyncoidTest/Media/Manga@autosnap_2025-11-05_05:01:13_monthly
Storage/Docker-SyncoidTest/Media/Manga@autosnap_2025-11-05_05:01:13_daily
Storage/Docker-SyncoidTest/Media/Manga@autosnap_2025-11-05_05:01:13_hourly
Storage/Docker-SyncoidTest/Media/Manga@autosnap_2025-11-05_06:00:01_hourly
Storage/Docker-SyncoidTest/Media/Manga@autosnap_2025-11-05_07:00:17_hourly
Storage/Docker-SyncoidTest/Media/Manga@autosnap_2025-12-25_09:43:28_monthly
Storage/Docker-SyncoidTest/Media/Manga@autosnap_2025-12-25_09:43:28_daily
Storage/Docker-SyncoidTest/Media/Manga@autosnap_2025-12-25_09:43:28_hourly
Storage/Docker-SyncoidTest/Media/Manga@autosnap_2025-12-25_10:00:01_hourly
Storage/Docker-SyncoidTest/Media/Manga@autosnap_2026-01-02_13:52:41_monthly
Storage/Docker-SyncoidTest/Media/Manga@autosnap_2026-01-02_13:52:41_daily
Storage/Docker-SyncoidTest/Media/Manga@autosnap_2026-01-02_13:52:41_hourly
Storage/Docker-SyncoidTest/Media/Manga@autosnap_2026-01-02_14:00:03_hourly
Storage/Docker-SyncoidTest/Media/Manga@autosnap_2026-01-02_15:00:07_hourly
Storage/Docker-SyncoidTest/Media/Manga@SnapBeforeWatchTower-Date-2026-01-02_16_53_43
Storage/Docker-SyncoidTest/Media/Manga@SnapBeforeWatchTower-Date-2026-01-02_16_54_57
Storage/Docker-SyncoidTest/Media/Manga@autosnap_2026-01-02_16:00:03_hourly
Storage/Docker-SyncoidTest/Media/Manga@SnapBeforeWatchTower-Date-2026-01-02_17_08_18
Storage/Docker-SyncoidTest/Media/Manga@SnapBeforeWatchTower-Date-2026-01-02_17_40_28
Storage/Docker-SyncoidTest/Media/Manga@SnapBeforeWatchTower-Date-2026-01-02_17_47_48
Storage/Docker-SyncoidTest/Media/Manga@autosnap_2026-01-02_17:00:01_hourly
Storage/Docker-SyncoidTest/Media/Manga@SnapBeforeWatchTower-Date-2026-01-02_18_37_46
Storage/Docker-SyncoidTest/Media/Manga@SnapBeforeWatchTower-Date-2026-01-02_18_45_25
Storage/Docker-SyncoidTest/Media/Manga@SnapBeforeWatchTower-Date-2026-01-02_18_49_30
Storage/Docker-SyncoidTest/Media/Manga@autosnap_2026-01-02_18:00:04_hourly
Storage/Docker-SyncoidTest/Media/Manga@SnapBeforeWatchTower-Date-2026-01-02_19_37_13
Storage/Docker-SyncoidTest/Media/Manga@SnapBeforeWatchTower-Date-2026-01-02_19_54_29
Storage/Docker-SyncoidTest/Media/Manga@autosnap_2026-01-02_19:00:04_hourly
Storage/Docker-SyncoidTest/Media/Manga@SnapBeforeWatchTower-Date-2026-01-02_20_03_08
Storage/Docker-SyncoidTest/Media/Manga@SnapBeforeWatchTower-Date-2026-01-02_20_03_50
Storage/Docker-SyncoidTest/Media/Manga@SnapBeforeWatchTower-Date-2026-01-02_20_04_21
Storage/Docker-SyncoidTest/Media/Manga@autosnap_2026-01-09_12:50:15_daily
Storage/Docker-SyncoidTest/Media/Manga@autosnap_2026-01-09_12:50:15_hourly
Storage/Docker-SyncoidTest/Media/Manga@autosnap_2026-01-09_13:00:00_hourly
Storage/Docker-SyncoidTest/Media/Manga@SnapBeforeWatchTower-Date-2026-01-09_14_31_22
2026-01-09 14:31:22,365 - INFO - [Storage/Docker-SyncoidTest/Media/Manga] Found 14 matching snapshots (retain_count=12).
2026-01-09 14:31:22,365 - INFO - [Storage/Docker-SyncoidTest/Media/Manga] Cutoff time: 2025-10-11 14:31:22  (older_than=90 days, 0:00:00)
2026-01-09 14:31:22,366 - INFO - [Storage/Docker-SyncoidTest/Media/Manga] Will delete 0 snapshot(s).
2026-01-09 14:31:22,366 - INFO - 

--------------------

2026-01-09 14:31:22,366 - INFO - Creating snapshot of: Storage/Docker-SyncoidTest/Mosquitto
2026-01-09 14:31:22,366 - DEBUG - Full snapshot name: Storage/Docker-SyncoidTest/Mosquitto@SnapBeforeWatchTower-Date-2026-01-09_14_31_22
2026-01-09 14:31:22,366 - DEBUG - Running command: zfs snapshot Storage/Docker-SyncoidTest/Mosquitto@SnapBeforeWatchTower-Date-2026-01-09_14_31_22
2026-01-09 14:31:22,403 - DEBUG - Running command: zfs list -H -t snapshot -o name Storage/Docker-SyncoidTest/Mosquitto
2026-01-09 14:31:22,440 - DEBUG - Command stdout:
Storage/Docker-SyncoidTest/Mosquitto@autosnap_2022-05-25_05:16:52_daily
Storage/Docker-SyncoidTest/Mosquitto@autosnap_2022-05-29_05:08:41_daily
Storage/Docker-SyncoidTest/Mosquitto@autosnap_2022-06-05_06:42:39_daily
Storage/Docker-SyncoidTest/Mosquitto@autosnap_2022-06-06_06:25:51_daily
Storage/Docker-SyncoidTest/Mosquitto@autosnap_2022-06-21_05:24:04_daily
Storage/Docker-SyncoidTest/Mosquitto@autosnap_2022-06-24_08:29:17_daily
Storage/Docker-SyncoidTest/Mosquitto@autosnap_2022-07-05_07:15:26_daily
Storage/Docker-SyncoidTest/Mosquitto@autosnap_2022-07-06_05:36:35_daily
Storage/Docker-SyncoidTest/Mosquitto@autosnap_2023-02-11_18:04:25_daily
Storage/Docker-SyncoidTest/Mosquitto@autosnap_2023-02-21_06:39:35_daily
Storage/Docker-SyncoidTest/Mosquitto@autosnap_2023-02-26_07:27:04_daily
Storage/Docker-SyncoidTest/Mosquitto@autosnap_2023-02-27_05:27:42_daily
Storage/Docker-SyncoidTest/Mosquitto@autosnap_2023-03-05_05:54:48_daily
Storage/Docker-SyncoidTest/Mosquitto@autosnap_2023-03-23_11:17:46_daily
Storage/Docker-SyncoidTest/Mosquitto@autosnap_2023-03-24_09:39:23_daily
Storage/Docker-SyncoidTest/Mosquitto@autosnap_2023-03-25_05:23:05_daily
Storage/Docker-SyncoidTest/Mosquitto@autosnap_2023-05-17_11:57:43_daily
Storage/Docker-SyncoidTest/Mosquitto@autosnap_2023-05-25_06:15:40_daily
Storage/Docker-SyncoidTest/Mosquitto@autosnap_2023-05-27_06:20:25_daily
Storage/Docker-SyncoidTest/Mosquitto@autosnap_2023-05-28_03:31:40_daily
Storage/Docker-SyncoidTest/Mosquitto@autosnap_2023-06-02_04:23:56_daily
Storage/Docker-SyncoidTest/Mosquitto@autosnap_2023-06-04_02:58:58_daily
Storage/Docker-SyncoidTest/Mosquitto@autosnap_2023-06-05_05:20:24_daily
Storage/Docker-SyncoidTest/Mosquitto@autosnap_2023-06-06_06:49:17_daily
Storage/Docker-SyncoidTest/Mosquitto@autosnap_2023-06-07_04:06:32_daily
Storage/Docker-SyncoidTest/Mosquitto@autosnap_2023-06-09_09:58:18_daily
Storage/Docker-SyncoidTest/Mosquitto@autosnap_2023-06-11_04:31:11_daily
Storage/Docker-SyncoidTest/Mosquitto@autosnap_2023-08-19_16:57:58_daily
Storage/Docker-SyncoidTest/Mosquitto@autosnap_2023-08-22_08:12:25_daily
Storage/Docker-SyncoidTest/Mosquitto@autosnap_2023-08-23_09:58:05_daily
Storage/Docker-SyncoidTest/Mosquitto@autosnap_2023-08-24_10:10:39_daily
Storage/Docker-SyncoidTest/Mosquitto@autosnap_2023-08-27_19:10:29_daily
Storage/Docker-SyncoidTest/Mosquitto@autosnap_2023-08-28_15:41:38_daily
Storage/Docker-SyncoidTest/Mosquitto@autosnap_2023-08-29_06:02:06_daily
Storage/Docker-SyncoidTest/Mosquitto@autosnap_2023-08-31_04:30:24_daily
Storage/Docker-SyncoidTest/Mosquitto@autosnap_2023-09-02_12:04:24_daily
Storage/Docker-SyncoidTest/Mosquitto@autosnap_2023-09-07_18:23:42_daily
Storage/Docker-SyncoidTest/Mosquitto@autosnap_2023-09-08_08:33:14_daily
Storage/Docker-SyncoidTest/Mosquitto@autosnap_2023-09-09_12:02:16_daily
Storage/Docker-SyncoidTest/Mosquitto@syncoid_darkyere-VirtualBox_2023-09-09:15:37:20-GMT02:00
Storage/Docker-SyncoidTest/Mosquitto@autosnap_2023-09-21_17:34:39_daily
Storage/Docker-SyncoidTest/Mosquitto@autosnap_2023-09-22_04:08:30_daily
Storage/Docker-SyncoidTest/Mosquitto@autosnap_2023-10-28_16:26:07_daily
Storage/Docker-SyncoidTest/Mosquitto@autosnap_2023-11-10_10:27:41_daily
Storage/Docker-SyncoidTest/Mosquitto@autosnap_2023-11-16_09:59:03_daily
Storage/Docker-SyncoidTest/Mosquitto@autosnap_2023-12-18_12:32:21_daily
Storage/Docker-SyncoidTest/Mosquitto@autosnap_2023-12-21_08:50:18_daily
Storage/Docker-SyncoidTest/Mosquitto@autosnap_2023-12-22_00:00:06_daily
Storage/Docker-SyncoidTest/Mosquitto@autosnap_2023-12-22_05:00:33_hourly
Storage/Docker-SyncoidTest/Mosquitto@autosnap_2023-12-22_06:00:03_hourly
Storage/Docker-SyncoidTest/Mosquitto@autosnap_2023-12-22_07:00:16_hourly
Storage/Docker-SyncoidTest/Mosquitto@autosnap_2023-12-22_08:00:11_hourly
Storage/Docker-SyncoidTest/Mosquitto@autosnap_2024-01-01_07:54:56_daily
Storage/Docker-SyncoidTest/Mosquitto@autosnap_2024-01-01_07:54:56_hourly
Storage/Docker-SyncoidTest/Mosquitto@autosnap_2024-01-01_08:00:03_hourly
Storage/Docker-SyncoidTest/Mosquitto@autosnap_2024-01-01_09:00:05_hourly
Storage/Docker-SyncoidTest/Mosquitto@autosnap_2024-01-01_10:00:07_hourly
Storage/Docker-SyncoidTest/Mosquitto@autosnap_2024-01-01_11:00:16_hourly
Storage/Docker-SyncoidTest/Mosquitto@autosnap_2024-01-01_12:00:06_hourly
Storage/Docker-SyncoidTest/Mosquitto@autosnap_2024-02-02_17:41:40_daily
Storage/Docker-SyncoidTest/Mosquitto@autosnap_2024-02-02_17:41:40_hourly
Storage/Docker-SyncoidTest/Mosquitto@autosnap_2024-02-02_18:00:20_hourly
Storage/Docker-SyncoidTest/Mosquitto@autosnap_2024-02-02_19:00:22_hourly
Storage/Docker-SyncoidTest/Mosquitto@autosnap_2024-02-02_20:00:23_hourly
Storage/Docker-SyncoidTest/Mosquitto@autosnap_2024-02-02_21:00:07_hourly
Storage/Docker-SyncoidTest/Mosquitto@autosnap_2024-02-02_22:00:18_hourly
Storage/Docker-SyncoidTest/Mosquitto@autosnap_2024-02-02_23:00:07_hourly
Storage/Docker-SyncoidTest/Mosquitto@autosnap_2024-02-03_00:00:09_daily
Storage/Docker-SyncoidTest/Mosquitto@autosnap_2024-02-03_00:00:09_hourly
Storage/Docker-SyncoidTest/Mosquitto@autosnap_2024-02-03_01:00:00_hourly
Storage/Docker-SyncoidTest/Mosquitto@autosnap_2024-02-03_02:00:14_hourly
Storage/Docker-SyncoidTest/Mosquitto@autosnap_2024-02-03_03:00:09_hourly
Storage/Docker-SyncoidTest/Mosquitto@autosnap_2024-02-03_04:00:14_hourly
Storage/Docker-SyncoidTest/Mosquitto@autosnap_2024-02-03_05:00:19_hourly
Storage/Docker-SyncoidTest/Mosquitto@autosnap_2024-02-03_06:00:09_hourly
Storage/Docker-SyncoidTest/Mosquitto@autosnap_2024-08-18_14:10:58_daily
Storage/Docker-SyncoidTest/Mosquitto@autosnap_2024-08-18_14:10:58_hourly
Storage/Docker-SyncoidTest/Mosquitto@autosnap_2024-10-04_15:50:25_daily
Storage/Docker-SyncoidTest/Mosquitto@autosnap_2024-10-04_15:50:25_hourly
Storage/Docker-SyncoidTest/Mosquitto@autosnap_2024-10-04_16:00:34_hourly
Storage/Docker-SyncoidTest/Mosquitto@autosnap_2024-10-04_17:00:05_hourly
Storage/Docker-SyncoidTest/Mosquitto@autosnap_2024-10-12_19:24:24_daily
Storage/Docker-SyncoidTest/Mosquitto@autosnap_2024-10-12_19:24:24_hourly
Storage/Docker-SyncoidTest/Mosquitto@autosnap_2025-01-06_18:54:19_daily
Storage/Docker-SyncoidTest/Mosquitto@autosnap_2025-01-06_18:54:19_hourly
Storage/Docker-SyncoidTest/Mosquitto@autosnap_2025-01-06_19:00:02_hourly
Storage/Docker-SyncoidTest/Mosquitto@autosnap_2025-03-31_14:02:59_monthly
Storage/Docker-SyncoidTest/Mosquitto@autosnap_2025-03-31_14:02:59_daily
Storage/Docker-SyncoidTest/Mosquitto@autosnap_2025-03-31_14:02:59_hourly
Storage/Docker-SyncoidTest/Mosquitto@autosnap_2025-04-28_19:04:37_monthly
Storage/Docker-SyncoidTest/Mosquitto@autosnap_2025-04-28_19:04:37_daily
Storage/Docker-SyncoidTest/Mosquitto@autosnap_2025-04-28_19:04:37_hourly
Storage/Docker-SyncoidTest/Mosquitto@autosnap_2025-08-19_07:21:29_monthly
Storage/Docker-SyncoidTest/Mosquitto@autosnap_2025-08-19_07:21:29_daily
Storage/Docker-SyncoidTest/Mosquitto@autosnap_2025-08-19_07:21:29_hourly
Storage/Docker-SyncoidTest/Mosquitto@autosnap_2025-11-05_05:01:14_monthly
Storage/Docker-SyncoidTest/Mosquitto@autosnap_2025-11-05_05:01:14_daily
Storage/Docker-SyncoidTest/Mosquitto@autosnap_2025-11-05_05:01:14_hourly
Storage/Docker-SyncoidTest/Mosquitto@autosnap_2025-11-05_06:00:01_hourly
Storage/Docker-SyncoidTest/Mosquitto@autosnap_2025-11-05_07:00:17_hourly
Storage/Docker-SyncoidTest/Mosquitto@autosnap_2025-12-25_09:43:56_monthly
Storage/Docker-SyncoidTest/Mosquitto@autosnap_2025-12-25_09:43:56_daily
Storage/Docker-SyncoidTest/Mosquitto@autosnap_2025-12-25_09:43:56_hourly
Storage/Docker-SyncoidTest/Mosquitto@autosnap_2025-12-25_10:00:02_hourly
Storage/Docker-SyncoidTest/Mosquitto@autosnap_2026-01-02_13:52:36_monthly
Storage/Docker-SyncoidTest/Mosquitto@autosnap_2026-01-02_13:52:36_daily
Storage/Docker-SyncoidTest/Mosquitto@autosnap_2026-01-02_13:52:36_hourly
Storage/Docker-SyncoidTest/Mosquitto@autosnap_2026-01-02_14:00:04_hourly
Storage/Docker-SyncoidTest/Mosquitto@autosnap_2026-01-02_15:00:08_hourly
Storage/Docker-SyncoidTest/Mosquitto@SnapBeforeWatchTower-Date-2026-01-02_16_53_43
Storage/Docker-SyncoidTest/Mosquitto@SnapBeforeWatchTower-Date-2026-01-02_16_54_57
Storage/Docker-SyncoidTest/Mosquitto@autosnap_2026-01-02_16:00:05_hourly
Storage/Docker-SyncoidTest/Mosquitto@SnapBeforeWatchTower-Date-2026-01-02_17_08_19
Storage/Docker-SyncoidTest/Mosquitto@SnapBeforeWatchTower-Date-2026-01-02_17_40_28
Storage/Docker-SyncoidTest/Mosquitto@SnapBeforeWatchTower-Date-2026-01-02_17_47_48
Storage/Docker-SyncoidTest/Mosquitto@autosnap_2026-01-02_17:00:01_hourly
Storage/Docker-SyncoidTest/Mosquitto@SnapBeforeWatchTower-Date-2026-01-02_18_37_46
Storage/Docker-SyncoidTest/Mosquitto@SnapBeforeWatchTower-Date-2026-01-02_18_45_25
Storage/Docker-SyncoidTest/Mosquitto@SnapBeforeWatchTower-Date-2026-01-02_18_49_30
Storage/Docker-SyncoidTest/Mosquitto@autosnap_2026-01-02_18:00:04_hourly
Storage/Docker-SyncoidTest/Mosquitto@SnapBeforeWatchTower-Date-2026-01-02_19_37_13
Storage/Docker-SyncoidTest/Mosquitto@SnapBeforeWatchTower-Date-2026-01-02_19_54_29
Storage/Docker-SyncoidTest/Mosquitto@autosnap_2026-01-02_19:00:04_hourly
Storage/Docker-SyncoidTest/Mosquitto@SnapBeforeWatchTower-Date-2026-01-02_20_03_08
Storage/Docker-SyncoidTest/Mosquitto@SnapBeforeWatchTower-Date-2026-01-02_20_03_50
Storage/Docker-SyncoidTest/Mosquitto@SnapBeforeWatchTower-Date-2026-01-02_20_04_21
Storage/Docker-SyncoidTest/Mosquitto@autosnap_2026-01-09_12:50:09_daily
Storage/Docker-SyncoidTest/Mosquitto@autosnap_2026-01-09_12:50:09_hourly
Storage/Docker-SyncoidTest/Mosquitto@autosnap_2026-01-09_13:00:02_hourly
Storage/Docker-SyncoidTest/Mosquitto@SnapBeforeWatchTower-Date-2026-01-09_14_31_22
2026-01-09 14:31:22,441 - INFO - [Storage/Docker-SyncoidTest/Mosquitto] Found 14 matching snapshots (retain_count=12).
2026-01-09 14:31:22,441 - INFO - [Storage/Docker-SyncoidTest/Mosquitto] Cutoff time: 2025-10-11 14:31:22  (older_than=90 days, 0:00:00)
2026-01-09 14:31:22,441 - INFO - [Storage/Docker-SyncoidTest/Mosquitto] Will delete 0 snapshot(s).
2026-01-09 14:31:22,441 - INFO - 

--------------------

2026-01-09 14:31:22,441 - INFO - Creating snapshot of: Storage/Docker-SyncoidTest/Music
2026-01-09 14:31:22,442 - DEBUG - Full snapshot name: Storage/Docker-SyncoidTest/Music@SnapBeforeWatchTower-Date-2026-01-09_14_31_22
2026-01-09 14:31:22,442 - DEBUG - Running command: zfs snapshot Storage/Docker-SyncoidTest/Music@SnapBeforeWatchTower-Date-2026-01-09_14_31_22
2026-01-09 14:31:22,651 - DEBUG - Running command: zfs list -H -t snapshot -o name Storage/Docker-SyncoidTest/Music
2026-01-09 14:31:22,699 - DEBUG - Command stdout:
Storage/Docker-SyncoidTest/Music@syncoid_darkyere-VirtualBox_2023-09-09:15:37:31-GMT02:00
Storage/Docker-SyncoidTest/Music@autosnap_2023-09-09_14:00:08_daily
Storage/Docker-SyncoidTest/Music@autosnap_2023-09-21_17:34:36_daily
Storage/Docker-SyncoidTest/Music@autosnap_2023-09-22_04:08:29_daily
Storage/Docker-SyncoidTest/Music@autosnap_2023-10-28_16:26:10_daily
Storage/Docker-SyncoidTest/Music@autosnap_2023-11-10_10:27:45_daily
Storage/Docker-SyncoidTest/Music@autosnap_2023-11-16_09:59:03_daily
Storage/Docker-SyncoidTest/Music@autosnap_2023-12-18_12:32:21_daily
Storage/Docker-SyncoidTest/Music@autosnap_2023-12-21_08:50:20_daily
Storage/Docker-SyncoidTest/Music@autosnap_2023-12-22_00:00:07_daily
Storage/Docker-SyncoidTest/Music@autosnap_2023-12-22_05:00:33_hourly
Storage/Docker-SyncoidTest/Music@autosnap_2023-12-22_06:00:03_hourly
Storage/Docker-SyncoidTest/Music@autosnap_2023-12-22_07:00:17_hourly
Storage/Docker-SyncoidTest/Music@autosnap_2023-12-22_08:00:12_hourly
Storage/Docker-SyncoidTest/Music@autosnap_2024-01-01_07:54:56_daily
Storage/Docker-SyncoidTest/Music@autosnap_2024-01-01_07:54:56_hourly
Storage/Docker-SyncoidTest/Music@autosnap_2024-01-01_08:00:02_hourly
Storage/Docker-SyncoidTest/Music@autosnap_2024-01-01_09:00:05_hourly
Storage/Docker-SyncoidTest/Music@autosnap_2024-01-01_10:00:07_hourly
Storage/Docker-SyncoidTest/Music@autosnap_2024-01-01_11:00:15_hourly
Storage/Docker-SyncoidTest/Music@autosnap_2024-01-01_12:00:06_hourly
Storage/Docker-SyncoidTest/Music@autosnap_2024-02-02_17:41:42_daily
Storage/Docker-SyncoidTest/Music@autosnap_2024-02-02_17:41:42_hourly
Storage/Docker-SyncoidTest/Music@autosnap_2024-02-02_18:00:20_hourly
Storage/Docker-SyncoidTest/Music@autosnap_2024-02-02_19:00:21_hourly
Storage/Docker-SyncoidTest/Music@autosnap_2024-02-02_20:00:23_hourly
Storage/Docker-SyncoidTest/Music@autosnap_2024-02-02_21:00:08_hourly
Storage/Docker-SyncoidTest/Music@autosnap_2024-02-02_22:00:17_hourly
Storage/Docker-SyncoidTest/Music@autosnap_2024-02-02_23:00:08_hourly
Storage/Docker-SyncoidTest/Music@autosnap_2024-02-03_00:00:09_daily
Storage/Docker-SyncoidTest/Music@autosnap_2024-02-03_00:00:09_hourly
Storage/Docker-SyncoidTest/Music@autosnap_2024-02-03_01:00:02_hourly
Storage/Docker-SyncoidTest/Music@autosnap_2024-02-03_02:00:14_hourly
Storage/Docker-SyncoidTest/Music@autosnap_2024-02-03_03:00:10_hourly
Storage/Docker-SyncoidTest/Music@autosnap_2024-02-03_04:00:15_hourly
Storage/Docker-SyncoidTest/Music@autosnap_2024-02-03_05:00:20_hourly
Storage/Docker-SyncoidTest/Music@autosnap_2024-02-03_06:00:08_hourly
Storage/Docker-SyncoidTest/Music@autosnap_2024-08-18_14:10:56_daily
Storage/Docker-SyncoidTest/Music@autosnap_2024-08-18_14:10:56_hourly
Storage/Docker-SyncoidTest/Music@autosnap_2024-10-04_15:50:28_daily
Storage/Docker-SyncoidTest/Music@autosnap_2024-10-04_15:50:28_hourly
Storage/Docker-SyncoidTest/Music@autosnap_2024-10-04_16:00:33_hourly
Storage/Docker-SyncoidTest/Music@autosnap_2024-10-04_17:00:06_hourly
Storage/Docker-SyncoidTest/Music@autosnap_2024-10-12_19:24:24_daily
Storage/Docker-SyncoidTest/Music@autosnap_2024-10-12_19:24:24_hourly
Storage/Docker-SyncoidTest/Music@autosnap_2025-01-06_18:54:20_daily
Storage/Docker-SyncoidTest/Music@autosnap_2025-01-06_18:54:20_hourly
Storage/Docker-SyncoidTest/Music@autosnap_2025-01-06_19:00:01_hourly
Storage/Docker-SyncoidTest/Music@autosnap_2025-03-31_14:02:58_monthly
Storage/Docker-SyncoidTest/Music@autosnap_2025-03-31_14:02:58_daily
Storage/Docker-SyncoidTest/Music@autosnap_2025-03-31_14:02:58_hourly
Storage/Docker-SyncoidTest/Music@autosnap_2025-04-28_19:04:38_monthly
Storage/Docker-SyncoidTest/Music@autosnap_2025-04-28_19:04:38_daily
Storage/Docker-SyncoidTest/Music@autosnap_2025-04-28_19:04:38_hourly
Storage/Docker-SyncoidTest/Music@autosnap_2025-08-19_07:21:28_monthly
Storage/Docker-SyncoidTest/Music@autosnap_2025-08-19_07:21:28_daily
Storage/Docker-SyncoidTest/Music@autosnap_2025-08-19_07:21:28_hourly
Storage/Docker-SyncoidTest/Music@autosnap_2025-11-05_05:01:11_monthly
Storage/Docker-SyncoidTest/Music@autosnap_2025-11-05_05:01:11_daily
Storage/Docker-SyncoidTest/Music@autosnap_2025-11-05_05:01:11_hourly
Storage/Docker-SyncoidTest/Music@autosnap_2025-11-05_06:00:00_hourly
Storage/Docker-SyncoidTest/Music@autosnap_2025-11-05_07:00:16_hourly
Storage/Docker-SyncoidTest/Music@autosnap_2025-12-25_09:44:03_monthly
Storage/Docker-SyncoidTest/Music@autosnap_2025-12-25_09:44:03_daily
Storage/Docker-SyncoidTest/Music@autosnap_2025-12-25_09:44:03_hourly
Storage/Docker-SyncoidTest/Music@autosnap_2025-12-25_10:00:02_hourly
Storage/Docker-SyncoidTest/Music@autosnap_2026-01-02_13:52:38_monthly
Storage/Docker-SyncoidTest/Music@autosnap_2026-01-02_13:52:38_daily
Storage/Docker-SyncoidTest/Music@autosnap_2026-01-02_13:52:38_hourly
Storage/Docker-SyncoidTest/Music@autosnap_2026-01-02_14:00:03_hourly
Storage/Docker-SyncoidTest/Music@autosnap_2026-01-02_15:00:06_hourly
Storage/Docker-SyncoidTest/Music@SnapBeforeWatchTower-Date-2026-01-02_16_53_43
Storage/Docker-SyncoidTest/Music@SnapBeforeWatchTower-Date-2026-01-02_16_54_57
Storage/Docker-SyncoidTest/Music@autosnap_2026-01-02_16:00:03_hourly
Storage/Docker-SyncoidTest/Music@SnapBeforeWatchTower-Date-2026-01-02_17_08_19
Storage/Docker-SyncoidTest/Music@SnapBeforeWatchTower-Date-2026-01-02_17_40_28
Storage/Docker-SyncoidTest/Music@SnapBeforeWatchTower-Date-2026-01-02_17_47_48
Storage/Docker-SyncoidTest/Music@autosnap_2026-01-02_17:00:01_hourly
Storage/Docker-SyncoidTest/Music@SnapBeforeWatchTower-Date-2026-01-02_18_37_47
Storage/Docker-SyncoidTest/Music@SnapBeforeWatchTower-Date-2026-01-02_18_45_25
Storage/Docker-SyncoidTest/Music@SnapBeforeWatchTower-Date-2026-01-02_18_49_30
Storage/Docker-SyncoidTest/Music@autosnap_2026-01-02_18:00:03_hourly
Storage/Docker-SyncoidTest/Music@SnapBeforeWatchTower-Date-2026-01-02_19_37_14
Storage/Docker-SyncoidTest/Music@SnapBeforeWatchTower-Date-2026-01-02_19_54_30
Storage/Docker-SyncoidTest/Music@autosnap_2026-01-02_19:00:04_hourly
Storage/Docker-SyncoidTest/Music@SnapBeforeWatchTower-Date-2026-01-02_20_03_09
Storage/Docker-SyncoidTest/Music@SnapBeforeWatchTower-Date-2026-01-02_20_03_50
Storage/Docker-SyncoidTest/Music@SnapBeforeWatchTower-Date-2026-01-02_20_04_21
Storage/Docker-SyncoidTest/Music@autosnap_2026-01-09_12:50:11_daily
Storage/Docker-SyncoidTest/Music@autosnap_2026-01-09_12:50:11_hourly
Storage/Docker-SyncoidTest/Music@autosnap_2026-01-09_13:00:00_hourly
Storage/Docker-SyncoidTest/Music@SnapBeforeWatchTower-Date-2026-01-09_14_31_22
2026-01-09 14:31:22,700 - INFO - [Storage/Docker-SyncoidTest/Music] Found 14 matching snapshots (retain_count=12).
2026-01-09 14:31:22,700 - INFO - [Storage/Docker-SyncoidTest/Music] Cutoff time: 2025-10-11 14:31:22  (older_than=90 days, 0:00:00)
2026-01-09 14:31:22,700 - INFO - [Storage/Docker-SyncoidTest/Music] Will delete 0 snapshot(s).
2026-01-09 14:31:22,701 - INFO - 

--------------------

2026-01-09 14:31:22,701 - INFO - Creating snapshot of: Storage/Docker-SyncoidTest/NextCloud
2026-01-09 14:31:22,701 - DEBUG - Full snapshot name: Storage/Docker-SyncoidTest/NextCloud@SnapBeforeWatchTower-Date-2026-01-09_14_31_22
2026-01-09 14:31:22,701 - DEBUG - Running command: zfs snapshot Storage/Docker-SyncoidTest/NextCloud@SnapBeforeWatchTower-Date-2026-01-09_14_31_22
2026-01-09 14:31:22,755 - DEBUG - Running command: zfs list -H -t snapshot -o name Storage/Docker-SyncoidTest/NextCloud
2026-01-09 14:31:22,786 - DEBUG - Command stdout:
Storage/Docker-SyncoidTest/NextCloud@autosnap_2022-05-25_05:16:49_daily
Storage/Docker-SyncoidTest/NextCloud@autosnap_2022-05-29_05:08:37_daily
Storage/Docker-SyncoidTest/NextCloud@autosnap_2022-06-05_06:43:13_daily
Storage/Docker-SyncoidTest/NextCloud@autosnap_2022-06-06_06:25:44_daily
Storage/Docker-SyncoidTest/NextCloud@autosnap_2022-06-21_05:24:02_daily
Storage/Docker-SyncoidTest/NextCloud@autosnap_2022-06-24_08:29:18_daily
Storage/Docker-SyncoidTest/NextCloud@autosnap_2022-07-05_07:14:57_daily
Storage/Docker-SyncoidTest/NextCloud@autosnap_2022-07-06_05:36:30_daily
Storage/Docker-SyncoidTest/NextCloud@WorkingConfigBeforeCollabora
Storage/Docker-SyncoidTest/NextCloud@DodgyWorkingCollabora
Storage/Docker-SyncoidTest/NextCloud@WorkingCollaboraOnline-ForNow
Storage/Docker-SyncoidTest/NextCloud@autosnap_2023-02-11_18:04:32_daily
Storage/Docker-SyncoidTest/NextCloud@autosnap_2023-02-21_06:39:15_daily
Storage/Docker-SyncoidTest/NextCloud@autosnap_2023-02-26_07:27:21_daily
Storage/Docker-SyncoidTest/NextCloud@autosnap_2023-02-27_05:27:17_daily
Storage/Docker-SyncoidTest/NextCloud@autosnap_2023-03-05_05:55:04_daily
Storage/Docker-SyncoidTest/NextCloud@autosnap_2023-03-23_11:18:05_daily
Storage/Docker-SyncoidTest/NextCloud@autosnap_2023-03-24_09:39:36_daily
Storage/Docker-SyncoidTest/NextCloud@autosnap_2023-03-25_05:23:06_daily
Storage/Docker-SyncoidTest/NextCloud@autosnap_2023-05-17_11:57:43_daily
Storage/Docker-SyncoidTest/NextCloud@autosnap_2023-05-25_06:15:43_daily
Storage/Docker-SyncoidTest/NextCloud@autosnap_2023-05-27_06:20:26_daily
Storage/Docker-SyncoidTest/NextCloud@autosnap_2023-05-28_03:31:41_daily
Storage/Docker-SyncoidTest/NextCloud@autosnap_2023-06-02_04:23:54_daily
Storage/Docker-SyncoidTest/NextCloud@autosnap_2023-06-04_02:58:58_daily
Storage/Docker-SyncoidTest/NextCloud@autosnap_2023-06-05_05:20:25_daily
Storage/Docker-SyncoidTest/NextCloud@autosnap_2023-06-06_06:49:13_daily
Storage/Docker-SyncoidTest/NextCloud@autosnap_2023-06-07_04:06:32_daily
Storage/Docker-SyncoidTest/NextCloud@autosnap_2023-06-09_09:58:19_daily
Storage/Docker-SyncoidTest/NextCloud@autosnap_2023-06-11_04:31:11_daily
Storage/Docker-SyncoidTest/NextCloud@nginx-proxy-manager_works
Storage/Docker-SyncoidTest/NextCloud@autosnap_2023-08-19_16:57:57_daily
Storage/Docker-SyncoidTest/NextCloud@autosnap_2023-08-22_08:12:24_daily
Storage/Docker-SyncoidTest/NextCloud@autosnap_2023-08-23_09:58:06_daily
Storage/Docker-SyncoidTest/NextCloud@autosnap_2023-08-24_10:10:39_daily
Storage/Docker-SyncoidTest/NextCloud@autosnap_2023-08-27_19:10:29_daily
Storage/Docker-SyncoidTest/NextCloud@autosnap_2023-08-28_15:41:39_daily
Storage/Docker-SyncoidTest/NextCloud@autosnap_2023-08-29_06:02:06_daily
Storage/Docker-SyncoidTest/NextCloud@autosnap_2023-08-31_04:30:24_daily
Storage/Docker-SyncoidTest/NextCloud@autosnap_2023-09-02_12:04:24_daily
Storage/Docker-SyncoidTest/NextCloud@autosnap_2023-09-07_18:23:41_daily
Storage/Docker-SyncoidTest/NextCloud@autosnap_2023-09-08_08:33:14_daily
Storage/Docker-SyncoidTest/NextCloud@autosnap_2023-09-09_12:02:18_daily
Storage/Docker-SyncoidTest/NextCloud@syncoid_darkyere-VirtualBox_2023-09-09:15:37:41-GMT02:00
Storage/Docker-SyncoidTest/NextCloud@autosnap_2023-09-21_17:34:38_daily
Storage/Docker-SyncoidTest/NextCloud@autosnap_2023-09-22_04:08:30_daily
Storage/Docker-SyncoidTest/NextCloud@autosnap_2023-10-28_16:26:10_daily
Storage/Docker-SyncoidTest/NextCloud@autosnap_2023-11-10_10:27:43_daily
Storage/Docker-SyncoidTest/NextCloud@autosnap_2023-11-16_09:59:03_daily
Storage/Docker-SyncoidTest/NextCloud@autosnap_2023-12-18_12:32:22_daily
Storage/Docker-SyncoidTest/NextCloud@autosnap_2023-12-21_08:50:20_daily
Storage/Docker-SyncoidTest/NextCloud@autosnap_2023-12-22_00:00:07_daily
Storage/Docker-SyncoidTest/NextCloud@autosnap_2023-12-22_05:00:33_hourly
Storage/Docker-SyncoidTest/NextCloud@autosnap_2023-12-22_06:00:03_hourly
Storage/Docker-SyncoidTest/NextCloud@autosnap_2023-12-22_07:00:16_hourly
Storage/Docker-SyncoidTest/NextCloud@autosnap_2023-12-22_08:00:12_hourly
Storage/Docker-SyncoidTest/NextCloud@autosnap_2024-01-01_07:54:53_daily
Storage/Docker-SyncoidTest/NextCloud@autosnap_2024-01-01_07:54:53_hourly
Storage/Docker-SyncoidTest/NextCloud@autosnap_2024-01-01_08:00:02_hourly
Storage/Docker-SyncoidTest/NextCloud@autosnap_2024-01-01_09:00:05_hourly
Storage/Docker-SyncoidTest/NextCloud@autosnap_2024-01-01_10:00:06_hourly
Storage/Docker-SyncoidTest/NextCloud@autosnap_2024-01-01_11:00:15_hourly
Storage/Docker-SyncoidTest/NextCloud@autosnap_2024-01-01_12:00:06_hourly
Storage/Docker-SyncoidTest/NextCloud@autosnap_2024-02-02_17:41:38_daily
Storage/Docker-SyncoidTest/NextCloud@autosnap_2024-02-02_17:41:38_hourly
Storage/Docker-SyncoidTest/NextCloud@autosnap_2024-02-02_18:00:20_hourly
Storage/Docker-SyncoidTest/NextCloud@autosnap_2024-02-02_19:00:21_hourly
Storage/Docker-SyncoidTest/NextCloud@autosnap_2024-02-02_20:00:23_hourly
Storage/Docker-SyncoidTest/NextCloud@autosnap_2024-02-02_21:00:06_hourly
Storage/Docker-SyncoidTest/NextCloud@autosnap_2024-02-02_22:00:18_hourly
Storage/Docker-SyncoidTest/NextCloud@autosnap_2024-02-02_23:00:07_hourly
Storage/Docker-SyncoidTest/NextCloud@autosnap_2024-02-03_00:00:11_daily
Storage/Docker-SyncoidTest/NextCloud@autosnap_2024-02-03_00:00:11_hourly
Storage/Docker-SyncoidTest/NextCloud@autosnap_2024-02-03_01:00:01_hourly
Storage/Docker-SyncoidTest/NextCloud@autosnap_2024-02-03_02:00:13_hourly
Storage/Docker-SyncoidTest/NextCloud@autosnap_2024-02-03_03:00:10_hourly
Storage/Docker-SyncoidTest/NextCloud@autosnap_2024-02-03_04:00:15_hourly
Storage/Docker-SyncoidTest/NextCloud@autosnap_2024-02-03_05:00:19_hourly
Storage/Docker-SyncoidTest/NextCloud@autosnap_2024-02-03_06:00:09_hourly
Storage/Docker-SyncoidTest/NextCloud@autosnap_2024-08-18_14:10:57_daily
Storage/Docker-SyncoidTest/NextCloud@autosnap_2024-08-18_14:10:57_hourly
Storage/Docker-SyncoidTest/NextCloud@autosnap_2024-10-04_15:50:27_daily
Storage/Docker-SyncoidTest/NextCloud@autosnap_2024-10-04_15:50:27_hourly
Storage/Docker-SyncoidTest/NextCloud@autosnap_2024-10-04_16:00:32_hourly
Storage/Docker-SyncoidTest/NextCloud@autosnap_2024-10-04_17:00:05_hourly
Storage/Docker-SyncoidTest/NextCloud@autosnap_2024-10-12_19:24:25_daily
Storage/Docker-SyncoidTest/NextCloud@autosnap_2024-10-12_19:24:25_hourly
Storage/Docker-SyncoidTest/NextCloud@autosnap_2025-01-06_18:54:19_daily
Storage/Docker-SyncoidTest/NextCloud@autosnap_2025-01-06_18:54:19_hourly
Storage/Docker-SyncoidTest/NextCloud@autosnap_2025-01-06_19:00:02_hourly
Storage/Docker-SyncoidTest/NextCloud@autosnap_2025-03-31_14:02:59_monthly
Storage/Docker-SyncoidTest/NextCloud@autosnap_2025-03-31_14:02:59_daily
Storage/Docker-SyncoidTest/NextCloud@autosnap_2025-03-31_14:02:59_hourly
Storage/Docker-SyncoidTest/NextCloud@autosnap_2025-04-28_19:04:39_monthly
Storage/Docker-SyncoidTest/NextCloud@autosnap_2025-04-28_19:04:39_daily
Storage/Docker-SyncoidTest/NextCloud@autosnap_2025-04-28_19:04:39_hourly
Storage/Docker-SyncoidTest/NextCloud@autosnap_2025-08-19_07:21:23_monthly
Storage/Docker-SyncoidTest/NextCloud@autosnap_2025-08-19_07:21:23_daily
Storage/Docker-SyncoidTest/NextCloud@autosnap_2025-08-19_07:21:23_hourly
Storage/Docker-SyncoidTest/NextCloud@autosnap_2025-11-05_05:01:14_monthly
Storage/Docker-SyncoidTest/NextCloud@autosnap_2025-11-05_05:01:14_daily
Storage/Docker-SyncoidTest/NextCloud@autosnap_2025-11-05_05:01:14_hourly
Storage/Docker-SyncoidTest/NextCloud@autosnap_2025-11-05_06:00:01_hourly
Storage/Docker-SyncoidTest/NextCloud@autosnap_2025-11-05_07:00:17_hourly
Storage/Docker-SyncoidTest/NextCloud@autosnap_2025-12-25_09:43:49_monthly
Storage/Docker-SyncoidTest/NextCloud@autosnap_2025-12-25_09:43:49_daily
Storage/Docker-SyncoidTest/NextCloud@autosnap_2025-12-25_09:43:49_hourly
Storage/Docker-SyncoidTest/NextCloud@autosnap_2025-12-25_10:00:02_hourly
Storage/Docker-SyncoidTest/NextCloud@autosnap_2026-01-02_13:52:38_monthly
Storage/Docker-SyncoidTest/NextCloud@autosnap_2026-01-02_13:52:38_daily
Storage/Docker-SyncoidTest/NextCloud@autosnap_2026-01-02_13:52:38_hourly
Storage/Docker-SyncoidTest/NextCloud@autosnap_2026-01-02_14:00:02_hourly
Storage/Docker-SyncoidTest/NextCloud@autosnap_2026-01-02_15:00:07_hourly
Storage/Docker-SyncoidTest/NextCloud@SnapBeforeWatchTower-Date-2026-01-02_16_53_43
Storage/Docker-SyncoidTest/NextCloud@SnapBeforeWatchTower-Date-2026-01-02_16_54_57
Storage/Docker-SyncoidTest/NextCloud@autosnap_2026-01-02_16:00:05_hourly
Storage/Docker-SyncoidTest/NextCloud@SnapBeforeWatchTower-Date-2026-01-02_17_08_19
Storage/Docker-SyncoidTest/NextCloud@SnapBeforeWatchTower-Date-2026-01-02_17_40_28
Storage/Docker-SyncoidTest/NextCloud@SnapBeforeWatchTower-Date-2026-01-02_17_47_48
Storage/Docker-SyncoidTest/NextCloud@autosnap_2026-01-02_17:00:02_hourly
Storage/Docker-SyncoidTest/NextCloud@SnapBeforeWatchTower-Date-2026-01-02_18_37_47
Storage/Docker-SyncoidTest/NextCloud@SnapBeforeWatchTower-Date-2026-01-02_18_45_25
Storage/Docker-SyncoidTest/NextCloud@SnapBeforeWatchTower-Date-2026-01-02_18_49_30
Storage/Docker-SyncoidTest/NextCloud@autosnap_2026-01-02_18:00:03_hourly
Storage/Docker-SyncoidTest/NextCloud@SnapBeforeWatchTower-Date-2026-01-02_19_37_14
Storage/Docker-SyncoidTest/NextCloud@SnapBeforeWatchTower-Date-2026-01-02_19_54_30
Storage/Docker-SyncoidTest/NextCloud@autosnap_2026-01-02_19:00:03_hourly
Storage/Docker-SyncoidTest/NextCloud@SnapBeforeWatchTower-Date-2026-01-02_20_03_09
Storage/Docker-SyncoidTest/NextCloud@SnapBeforeWatchTower-Date-2026-01-02_20_03_50
Storage/Docker-SyncoidTest/NextCloud@SnapBeforeWatchTower-Date-2026-01-02_20_04_21
Storage/Docker-SyncoidTest/NextCloud@autosnap_2026-01-09_12:50:11_daily
Storage/Docker-SyncoidTest/NextCloud@autosnap_2026-01-09_12:50:11_hourly
Storage/Docker-SyncoidTest/NextCloud@autosnap_2026-01-09_13:00:01_hourly
Storage/Docker-SyncoidTest/NextCloud@SnapBeforeWatchTower-Date-2026-01-09_14_31_22
2026-01-09 14:31:22,786 - INFO - [Storage/Docker-SyncoidTest/NextCloud] Found 14 matching snapshots (retain_count=12).
2026-01-09 14:31:22,786 - INFO - [Storage/Docker-SyncoidTest/NextCloud] Cutoff time: 2025-10-11 14:31:22  (older_than=90 days, 0:00:00)
2026-01-09 14:31:22,787 - INFO - [Storage/Docker-SyncoidTest/NextCloud] Will delete 0 snapshot(s).
2026-01-09 14:31:22,787 - INFO - 

--------------------

2026-01-09 14:31:22,787 - INFO - Creating snapshot of: Storage/Docker-SyncoidTest/Portainer
2026-01-09 14:31:22,787 - DEBUG - Full snapshot name: Storage/Docker-SyncoidTest/Portainer@SnapBeforeWatchTower-Date-2026-01-09_14_31_22
2026-01-09 14:31:22,787 - DEBUG - Running command: zfs snapshot Storage/Docker-SyncoidTest/Portainer@SnapBeforeWatchTower-Date-2026-01-09_14_31_22
2026-01-09 14:31:22,833 - DEBUG - Running command: zfs list -H -t snapshot -o name Storage/Docker-SyncoidTest/Portainer
2026-01-09 14:31:22,857 - DEBUG - Command stdout:
Storage/Docker-SyncoidTest/Portainer@autosnap_2022-05-25_05:17:04_daily
Storage/Docker-SyncoidTest/Portainer@autosnap_2022-05-29_05:08:52_daily
Storage/Docker-SyncoidTest/Portainer@autosnap_2022-06-05_06:43:17_daily
Storage/Docker-SyncoidTest/Portainer@autosnap_2022-06-06_06:25:55_daily
Storage/Docker-SyncoidTest/Portainer@autosnap_2022-06-21_05:24:19_daily
Storage/Docker-SyncoidTest/Portainer@autosnap_2022-06-24_08:29:42_daily
Storage/Docker-SyncoidTest/Portainer@autosnap_2022-07-05_07:15:15_daily
Storage/Docker-SyncoidTest/Portainer@autosnap_2022-07-06_05:36:15_daily
Storage/Docker-SyncoidTest/Portainer@autosnap_2023-02-11_18:04:12_daily
Storage/Docker-SyncoidTest/Portainer@autosnap_2023-02-21_06:39:39_daily
Storage/Docker-SyncoidTest/Portainer@autosnap_2023-02-26_07:27:26_daily
Storage/Docker-SyncoidTest/Portainer@autosnap_2023-02-27_05:27:04_daily
Storage/Docker-SyncoidTest/Portainer@autosnap_2023-03-05_05:54:40_daily
Storage/Docker-SyncoidTest/Portainer@autosnap_2023-03-23_11:17:44_daily
Storage/Docker-SyncoidTest/Portainer@autosnap_2023-03-24_09:39:29_daily
Storage/Docker-SyncoidTest/Portainer@autosnap_2023-03-25_05:23:08_daily
Storage/Docker-SyncoidTest/Portainer@autosnap_2023-05-17_11:57:42_daily
Storage/Docker-SyncoidTest/Portainer@autosnap_2023-05-25_06:15:40_daily
Storage/Docker-SyncoidTest/Portainer@autosnap_2023-05-27_06:20:26_daily
Storage/Docker-SyncoidTest/Portainer@autosnap_2023-05-28_03:31:40_daily
Storage/Docker-SyncoidTest/Portainer@autosnap_2023-06-02_04:23:56_daily
Storage/Docker-SyncoidTest/Portainer@autosnap_2023-06-04_02:58:58_daily
Storage/Docker-SyncoidTest/Portainer@autosnap_2023-06-05_05:20:24_daily
Storage/Docker-SyncoidTest/Portainer@autosnap_2023-06-06_06:49:14_daily
Storage/Docker-SyncoidTest/Portainer@autosnap_2023-06-07_04:06:33_daily
Storage/Docker-SyncoidTest/Portainer@autosnap_2023-06-09_09:58:19_daily
Storage/Docker-SyncoidTest/Portainer@autosnap_2023-06-11_04:31:12_daily
Storage/Docker-SyncoidTest/Portainer@autosnap_2023-08-19_16:57:56_daily
Storage/Docker-SyncoidTest/Portainer@autosnap_2023-08-22_08:12:26_daily
Storage/Docker-SyncoidTest/Portainer@autosnap_2023-08-23_09:58:05_daily
Storage/Docker-SyncoidTest/Portainer@autosnap_2023-08-24_10:10:38_daily
Storage/Docker-SyncoidTest/Portainer@autosnap_2023-08-27_19:10:30_daily
Storage/Docker-SyncoidTest/Portainer@autosnap_2023-08-28_15:41:38_daily
Storage/Docker-SyncoidTest/Portainer@autosnap_2023-08-29_06:02:07_daily
Storage/Docker-SyncoidTest/Portainer@autosnap_2023-08-31_04:30:25_daily
Storage/Docker-SyncoidTest/Portainer@autosnap_2023-09-02_12:04:26_daily
Storage/Docker-SyncoidTest/Portainer@autosnap_2023-09-07_18:23:44_daily
Storage/Docker-SyncoidTest/Portainer@autosnap_2023-09-08_08:33:15_daily
Storage/Docker-SyncoidTest/Portainer@autosnap_2023-09-09_12:02:18_daily
Storage/Docker-SyncoidTest/Portainer@syncoid_darkyere-VirtualBox_2023-09-09:15:38:04-GMT02:00
Storage/Docker-SyncoidTest/Portainer@autosnap_2023-09-21_17:34:36_daily
Storage/Docker-SyncoidTest/Portainer@autosnap_2023-09-22_04:08:31_daily
Storage/Docker-SyncoidTest/Portainer@autosnap_2023-10-28_16:26:10_daily
Storage/Docker-SyncoidTest/Portainer@autosnap_2023-11-10_10:27:43_daily
Storage/Docker-SyncoidTest/Portainer@autosnap_2023-11-16_09:59:06_daily
Storage/Docker-SyncoidTest/Portainer@autosnap_2023-12-18_12:32:21_daily
Storage/Docker-SyncoidTest/Portainer@autosnap_2023-12-21_08:50:20_daily
Storage/Docker-SyncoidTest/Portainer@autosnap_2023-12-22_00:00:06_daily
Storage/Docker-SyncoidTest/Portainer@autosnap_2023-12-22_05:00:33_hourly
Storage/Docker-SyncoidTest/Portainer@autosnap_2023-12-22_06:00:03_hourly
Storage/Docker-SyncoidTest/Portainer@autosnap_2023-12-22_07:00:16_hourly
Storage/Docker-SyncoidTest/Portainer@autosnap_2023-12-22_08:00:12_hourly
Storage/Docker-SyncoidTest/Portainer@autosnap_2024-01-01_07:54:54_daily
Storage/Docker-SyncoidTest/Portainer@autosnap_2024-01-01_07:54:54_hourly
Storage/Docker-SyncoidTest/Portainer@autosnap_2024-01-01_08:00:02_hourly
Storage/Docker-SyncoidTest/Portainer@autosnap_2024-01-01_09:00:04_hourly
Storage/Docker-SyncoidTest/Portainer@autosnap_2024-01-01_10:00:06_hourly
Storage/Docker-SyncoidTest/Portainer@autosnap_2024-01-01_11:00:15_hourly
Storage/Docker-SyncoidTest/Portainer@autosnap_2024-01-01_12:00:05_hourly
Storage/Docker-SyncoidTest/Portainer@autosnap_2024-02-02_17:41:39_daily
Storage/Docker-SyncoidTest/Portainer@autosnap_2024-02-02_17:41:39_hourly
Storage/Docker-SyncoidTest/Portainer@autosnap_2024-02-02_18:00:20_hourly
Storage/Docker-SyncoidTest/Portainer@autosnap_2024-02-02_19:00:21_hourly
Storage/Docker-SyncoidTest/Portainer@autosnap_2024-02-02_20:00:22_hourly
Storage/Docker-SyncoidTest/Portainer@autosnap_2024-02-02_21:00:06_hourly
Storage/Docker-SyncoidTest/Portainer@autosnap_2024-02-02_22:00:18_hourly
Storage/Docker-SyncoidTest/Portainer@autosnap_2024-02-02_23:00:08_hourly
Storage/Docker-SyncoidTest/Portainer@autosnap_2024-02-03_00:00:10_daily
Storage/Docker-SyncoidTest/Portainer@autosnap_2024-02-03_00:00:10_hourly
Storage/Docker-SyncoidTest/Portainer@autosnap_2024-02-03_01:00:01_hourly
Storage/Docker-SyncoidTest/Portainer@autosnap_2024-02-03_02:00:14_hourly
Storage/Docker-SyncoidTest/Portainer@autosnap_2024-02-03_03:00:09_hourly
Storage/Docker-SyncoidTest/Portainer@autosnap_2024-02-03_04:00:15_hourly
Storage/Docker-SyncoidTest/Portainer@autosnap_2024-02-03_05:00:20_hourly
Storage/Docker-SyncoidTest/Portainer@autosnap_2024-02-03_06:00:09_hourly
Storage/Docker-SyncoidTest/Portainer@autosnap_2024-08-18_14:10:59_daily
Storage/Docker-SyncoidTest/Portainer@autosnap_2024-08-18_14:10:59_hourly
Storage/Docker-SyncoidTest/Portainer@autosnap_2024-10-04_15:50:28_daily
Storage/Docker-SyncoidTest/Portainer@autosnap_2024-10-04_15:50:28_hourly
Storage/Docker-SyncoidTest/Portainer@autosnap_2024-10-04_16:00:32_hourly
Storage/Docker-SyncoidTest/Portainer@autosnap_2024-10-04_17:00:05_hourly
Storage/Docker-SyncoidTest/Portainer@autosnap_2024-10-12_19:24:25_daily
Storage/Docker-SyncoidTest/Portainer@autosnap_2024-10-12_19:24:25_hourly
Storage/Docker-SyncoidTest/Portainer@autosnap_2025-01-06_18:54:19_daily
Storage/Docker-SyncoidTest/Portainer@autosnap_2025-01-06_18:54:19_hourly
Storage/Docker-SyncoidTest/Portainer@autosnap_2025-01-06_19:00:01_hourly
Storage/Docker-SyncoidTest/Portainer@autosnap_2025-03-31_14:02:57_monthly
Storage/Docker-SyncoidTest/Portainer@autosnap_2025-03-31_14:02:57_daily
Storage/Docker-SyncoidTest/Portainer@autosnap_2025-03-31_14:02:57_hourly
Storage/Docker-SyncoidTest/Portainer@autosnap_2025-04-28_19:04:41_monthly
Storage/Docker-SyncoidTest/Portainer@autosnap_2025-04-28_19:04:41_daily
Storage/Docker-SyncoidTest/Portainer@autosnap_2025-04-28_19:04:41_hourly
Storage/Docker-SyncoidTest/Portainer@autosnap_2025-08-19_07:21:25_monthly
Storage/Docker-SyncoidTest/Portainer@autosnap_2025-08-19_07:21:25_daily
Storage/Docker-SyncoidTest/Portainer@autosnap_2025-08-19_07:21:25_hourly
Storage/Docker-SyncoidTest/Portainer@autosnap_2025-11-05_05:01:12_monthly
Storage/Docker-SyncoidTest/Portainer@autosnap_2025-11-05_05:01:12_daily
Storage/Docker-SyncoidTest/Portainer@autosnap_2025-11-05_05:01:12_hourly
Storage/Docker-SyncoidTest/Portainer@autosnap_2025-11-05_06:00:00_hourly
Storage/Docker-SyncoidTest/Portainer@autosnap_2025-11-05_07:00:17_hourly
Storage/Docker-SyncoidTest/Portainer@autosnap_2025-12-25_09:43:49_monthly
Storage/Docker-SyncoidTest/Portainer@autosnap_2025-12-25_09:43:49_daily
Storage/Docker-SyncoidTest/Portainer@autosnap_2025-12-25_09:43:49_hourly
Storage/Docker-SyncoidTest/Portainer@autosnap_2025-12-25_10:00:03_hourly
Storage/Docker-SyncoidTest/Portainer@autosnap_2026-01-02_13:52:43_monthly
Storage/Docker-SyncoidTest/Portainer@autosnap_2026-01-02_13:52:43_daily
Storage/Docker-SyncoidTest/Portainer@autosnap_2026-01-02_13:52:43_hourly
Storage/Docker-SyncoidTest/Portainer@autosnap_2026-01-02_14:00:03_hourly
Storage/Docker-SyncoidTest/Portainer@autosnap_2026-01-02_15:00:06_hourly
Storage/Docker-SyncoidTest/Portainer@SnapBeforeWatchTower-Date-2026-01-02_16_53_43
Storage/Docker-SyncoidTest/Portainer@SnapBeforeWatchTower-Date-2026-01-02_16_54_57
Storage/Docker-SyncoidTest/Portainer@autosnap_2026-01-02_16:00:03_hourly
Storage/Docker-SyncoidTest/Portainer@SnapBeforeWatchTower-Date-2026-01-02_17_08_19
Storage/Docker-SyncoidTest/Portainer@SnapBeforeWatchTower-Date-2026-01-02_17_40_28
Storage/Docker-SyncoidTest/Portainer@SnapBeforeWatchTower-Date-2026-01-02_17_47_48
Storage/Docker-SyncoidTest/Portainer@autosnap_2026-01-02_17:00:01_hourly
Storage/Docker-SyncoidTest/Portainer@SnapBeforeWatchTower-Date-2026-01-02_18_37_47
Storage/Docker-SyncoidTest/Portainer@SnapBeforeWatchTower-Date-2026-01-02_18_45_25
Storage/Docker-SyncoidTest/Portainer@SnapBeforeWatchTower-Date-2026-01-02_18_49_30
Storage/Docker-SyncoidTest/Portainer@autosnap_2026-01-02_18:00:03_hourly
Storage/Docker-SyncoidTest/Portainer@SnapBeforeWatchTower-Date-2026-01-02_19_37_14
Storage/Docker-SyncoidTest/Portainer@SnapBeforeWatchTower-Date-2026-01-02_19_54_30
Storage/Docker-SyncoidTest/Portainer@autosnap_2026-01-02_19:00:03_hourly
Storage/Docker-SyncoidTest/Portainer@SnapBeforeWatchTower-Date-2026-01-02_20_03_09
Storage/Docker-SyncoidTest/Portainer@SnapBeforeWatchTower-Date-2026-01-02_20_03_50
Storage/Docker-SyncoidTest/Portainer@SnapBeforeWatchTower-Date-2026-01-02_20_04_21
Storage/Docker-SyncoidTest/Portainer@autosnap_2026-01-09_12:50:09_daily
Storage/Docker-SyncoidTest/Portainer@autosnap_2026-01-09_12:50:09_hourly
Storage/Docker-SyncoidTest/Portainer@autosnap_2026-01-09_13:00:00_hourly
Storage/Docker-SyncoidTest/Portainer@SnapBeforeWatchTower-Date-2026-01-09_14_31_22
2026-01-09 14:31:22,858 - INFO - [Storage/Docker-SyncoidTest/Portainer] Found 14 matching snapshots (retain_count=12).
2026-01-09 14:31:22,858 - INFO - [Storage/Docker-SyncoidTest/Portainer] Cutoff time: 2025-10-11 14:31:22  (older_than=90 days, 0:00:00)
2026-01-09 14:31:22,858 - INFO - [Storage/Docker-SyncoidTest/Portainer] Will delete 0 snapshot(s).
2026-01-09 14:31:22,858 - INFO - 

--------------------

2026-01-09 14:31:22,858 - INFO - Creating snapshot of: Storage/Docker-SyncoidTest/RustDesk
2026-01-09 14:31:22,858 - DEBUG - Full snapshot name: Storage/Docker-SyncoidTest/RustDesk@SnapBeforeWatchTower-Date-2026-01-09_14_31_22
2026-01-09 14:31:22,858 - DEBUG - Running command: zfs snapshot Storage/Docker-SyncoidTest/RustDesk@SnapBeforeWatchTower-Date-2026-01-09_14_31_22
2026-01-09 14:31:22,909 - DEBUG - Running command: zfs list -H -t snapshot -o name Storage/Docker-SyncoidTest/RustDesk
2026-01-09 14:31:22,931 - DEBUG - Command stdout:
Storage/Docker-SyncoidTest/RustDesk@syncoid_darkyere-VirtualBox_2023-06-11:09:12:45-GMT02:00
Storage/Docker-SyncoidTest/RustDesk@autosnap_2023-06-11_07:30:04_daily
Storage/Docker-SyncoidTest/RustDesk@autosnap_2023-08-06_16:26:25_daily
Storage/Docker-SyncoidTest/RustDesk@autosnap_2023-08-28_16:59:58_daily
Storage/Docker-SyncoidTest/RustDesk@autosnap_2023-08-29_06:05:11_daily
Storage/Docker-SyncoidTest/RustDesk@autosnap_2023-08-30_12:38:07_daily
Storage/Docker-SyncoidTest/RustDesk@autosnap_2023-08-31_03:37:46_daily
Storage/Docker-SyncoidTest/RustDesk@autosnap_2023-09-02_12:04:13_daily
Storage/Docker-SyncoidTest/RustDesk@autosnap_2023-09-03_07:31:49_daily
Storage/Docker-SyncoidTest/RustDesk@autosnap_2023-09-08_08:32:50_daily
Storage/Docker-SyncoidTest/RustDesk@autosnap_2023-09-09_11:19:35_daily
Storage/Docker-SyncoidTest/RustDesk@autosnap_2023-09-21_17:34:39_daily
Storage/Docker-SyncoidTest/RustDesk@autosnap_2023-09-22_04:08:29_daily
Storage/Docker-SyncoidTest/RustDesk@autosnap_2023-10-28_16:26:08_daily
Storage/Docker-SyncoidTest/RustDesk@autosnap_2023-11-10_10:27:44_daily
Storage/Docker-SyncoidTest/RustDesk@autosnap_2023-11-16_09:59:06_daily
Storage/Docker-SyncoidTest/RustDesk@autosnap_2023-12-18_12:32:22_daily
Storage/Docker-SyncoidTest/RustDesk@autosnap_2023-12-21_08:50:20_daily
Storage/Docker-SyncoidTest/RustDesk@autosnap_2023-12-22_00:00:06_daily
Storage/Docker-SyncoidTest/RustDesk@autosnap_2023-12-22_05:00:33_hourly
Storage/Docker-SyncoidTest/RustDesk@autosnap_2023-12-22_06:00:03_hourly
Storage/Docker-SyncoidTest/RustDesk@autosnap_2023-12-22_07:00:16_hourly
Storage/Docker-SyncoidTest/RustDesk@autosnap_2023-12-22_08:00:11_hourly
Storage/Docker-SyncoidTest/RustDesk@autosnap_2024-01-01_07:54:56_daily
Storage/Docker-SyncoidTest/RustDesk@autosnap_2024-01-01_07:54:56_hourly
Storage/Docker-SyncoidTest/RustDesk@autosnap_2024-01-01_08:00:02_hourly
Storage/Docker-SyncoidTest/RustDesk@autosnap_2024-01-01_09:00:05_hourly
Storage/Docker-SyncoidTest/RustDesk@autosnap_2024-01-01_10:00:07_hourly
Storage/Docker-SyncoidTest/RustDesk@autosnap_2024-01-01_11:00:15_hourly
Storage/Docker-SyncoidTest/RustDesk@autosnap_2024-01-01_12:00:06_hourly
Storage/Docker-SyncoidTest/RustDesk@autosnap_2024-02-02_17:41:40_daily
Storage/Docker-SyncoidTest/RustDesk@autosnap_2024-02-02_17:41:40_hourly
Storage/Docker-SyncoidTest/RustDesk@autosnap_2024-02-02_18:00:20_hourly
Storage/Docker-SyncoidTest/RustDesk@autosnap_2024-02-02_19:00:21_hourly
Storage/Docker-SyncoidTest/RustDesk@autosnap_2024-02-02_20:00:22_hourly
Storage/Docker-SyncoidTest/RustDesk@autosnap_2024-02-02_21:00:08_hourly
Storage/Docker-SyncoidTest/RustDesk@autosnap_2024-02-02_22:00:18_hourly
Storage/Docker-SyncoidTest/RustDesk@autosnap_2024-02-02_23:00:07_hourly
Storage/Docker-SyncoidTest/RustDesk@autosnap_2024-02-03_00:00:09_daily
Storage/Docker-SyncoidTest/RustDesk@autosnap_2024-02-03_00:00:09_hourly
Storage/Docker-SyncoidTest/RustDesk@autosnap_2024-02-03_01:00:01_hourly
Storage/Docker-SyncoidTest/RustDesk@autosnap_2024-02-03_02:00:13_hourly
Storage/Docker-SyncoidTest/RustDesk@autosnap_2024-02-03_03:00:09_hourly
Storage/Docker-SyncoidTest/RustDesk@autosnap_2024-02-03_04:00:15_hourly
Storage/Docker-SyncoidTest/RustDesk@autosnap_2024-02-03_05:00:19_hourly
Storage/Docker-SyncoidTest/RustDesk@autosnap_2024-02-03_06:00:09_hourly
Storage/Docker-SyncoidTest/RustDesk@autosnap_2024-08-18_14:10:58_daily
Storage/Docker-SyncoidTest/RustDesk@autosnap_2024-08-18_14:10:58_hourly
Storage/Docker-SyncoidTest/RustDesk@autosnap_2024-10-04_15:50:27_daily
Storage/Docker-SyncoidTest/RustDesk@autosnap_2024-10-04_15:50:27_hourly
Storage/Docker-SyncoidTest/RustDesk@autosnap_2024-10-04_16:00:30_hourly
Storage/Docker-SyncoidTest/RustDesk@autosnap_2024-10-04_17:00:05_hourly
Storage/Docker-SyncoidTest/RustDesk@autosnap_2024-10-12_19:24:25_daily
Storage/Docker-SyncoidTest/RustDesk@autosnap_2024-10-12_19:24:25_hourly
Storage/Docker-SyncoidTest/RustDesk@autosnap_2025-01-06_18:54:19_daily
Storage/Docker-SyncoidTest/RustDesk@autosnap_2025-01-06_18:54:19_hourly
Storage/Docker-SyncoidTest/RustDesk@autosnap_2025-01-06_19:00:02_hourly
Storage/Docker-SyncoidTest/RustDesk@autosnap_2025-03-31_14:03:00_monthly
Storage/Docker-SyncoidTest/RustDesk@autosnap_2025-03-31_14:03:00_daily
Storage/Docker-SyncoidTest/RustDesk@autosnap_2025-03-31_14:03:00_hourly
Storage/Docker-SyncoidTest/RustDesk@autosnap_2025-04-28_19:04:39_monthly
Storage/Docker-SyncoidTest/RustDesk@autosnap_2025-04-28_19:04:39_daily
Storage/Docker-SyncoidTest/RustDesk@autosnap_2025-04-28_19:04:39_hourly
Storage/Docker-SyncoidTest/RustDesk@autosnap_2025-08-19_07:21:11_monthly
Storage/Docker-SyncoidTest/RustDesk@autosnap_2025-08-19_07:21:11_daily
Storage/Docker-SyncoidTest/RustDesk@autosnap_2025-08-19_07:21:11_hourly
Storage/Docker-SyncoidTest/RustDesk@autosnap_2025-11-05_05:01:16_monthly
Storage/Docker-SyncoidTest/RustDesk@autosnap_2025-11-05_05:01:16_daily
Storage/Docker-SyncoidTest/RustDesk@autosnap_2025-11-05_05:01:16_hourly
Storage/Docker-SyncoidTest/RustDesk@autosnap_2025-11-05_06:00:01_hourly
Storage/Docker-SyncoidTest/RustDesk@autosnap_2025-11-05_07:00:16_hourly
Storage/Docker-SyncoidTest/RustDesk@autosnap_2025-12-25_09:44:03_monthly
Storage/Docker-SyncoidTest/RustDesk@autosnap_2025-12-25_09:44:03_daily
Storage/Docker-SyncoidTest/RustDesk@autosnap_2025-12-25_09:44:03_hourly
Storage/Docker-SyncoidTest/RustDesk@autosnap_2025-12-25_10:00:02_hourly
Storage/Docker-SyncoidTest/RustDesk@autosnap_2026-01-02_13:52:44_monthly
Storage/Docker-SyncoidTest/RustDesk@autosnap_2026-01-02_13:52:44_daily
Storage/Docker-SyncoidTest/RustDesk@autosnap_2026-01-02_13:52:44_hourly
Storage/Docker-SyncoidTest/RustDesk@autosnap_2026-01-02_14:00:03_hourly
Storage/Docker-SyncoidTest/RustDesk@autosnap_2026-01-02_15:00:07_hourly
Storage/Docker-SyncoidTest/RustDesk@SnapBeforeWatchTower-Date-2026-01-02_16_53_43
Storage/Docker-SyncoidTest/RustDesk@SnapBeforeWatchTower-Date-2026-01-02_16_54_57
Storage/Docker-SyncoidTest/RustDesk@autosnap_2026-01-02_16:00:04_hourly
Storage/Docker-SyncoidTest/RustDesk@SnapBeforeWatchTower-Date-2026-01-02_17_08_19
Storage/Docker-SyncoidTest/RustDesk@SnapBeforeWatchTower-Date-2026-01-02_17_40_28
Storage/Docker-SyncoidTest/RustDesk@SnapBeforeWatchTower-Date-2026-01-02_17_47_48
Storage/Docker-SyncoidTest/RustDesk@autosnap_2026-01-02_17:00:01_hourly
Storage/Docker-SyncoidTest/RustDesk@SnapBeforeWatchTower-Date-2026-01-02_18_37_47
Storage/Docker-SyncoidTest/RustDesk@SnapBeforeWatchTower-Date-2026-01-02_18_45_26
Storage/Docker-SyncoidTest/RustDesk@SnapBeforeWatchTower-Date-2026-01-02_18_49_30
Storage/Docker-SyncoidTest/RustDesk@autosnap_2026-01-02_18:00:04_hourly
Storage/Docker-SyncoidTest/RustDesk@SnapBeforeWatchTower-Date-2026-01-02_19_37_14
Storage/Docker-SyncoidTest/RustDesk@SnapBeforeWatchTower-Date-2026-01-02_19_54_30
Storage/Docker-SyncoidTest/RustDesk@autosnap_2026-01-02_19:00:04_hourly
Storage/Docker-SyncoidTest/RustDesk@SnapBeforeWatchTower-Date-2026-01-02_20_03_09
Storage/Docker-SyncoidTest/RustDesk@SnapBeforeWatchTower-Date-2026-01-02_20_03_50
Storage/Docker-SyncoidTest/RustDesk@SnapBeforeWatchTower-Date-2026-01-02_20_04_21
Storage/Docker-SyncoidTest/RustDesk@autosnap_2026-01-09_12:50:12_daily
Storage/Docker-SyncoidTest/RustDesk@autosnap_2026-01-09_12:50:12_hourly
Storage/Docker-SyncoidTest/RustDesk@autosnap_2026-01-09_13:00:01_hourly
Storage/Docker-SyncoidTest/RustDesk@SnapBeforeWatchTower-Date-2026-01-09_14_31_22
2026-01-09 14:31:22,931 - INFO - [Storage/Docker-SyncoidTest/RustDesk] Found 14 matching snapshots (retain_count=12).
2026-01-09 14:31:22,932 - INFO - [Storage/Docker-SyncoidTest/RustDesk] Cutoff time: 2025-10-11 14:31:22  (older_than=90 days, 0:00:00)
2026-01-09 14:31:22,932 - INFO - [Storage/Docker-SyncoidTest/RustDesk] Will delete 0 snapshot(s).
2026-01-09 14:31:22,932 - INFO - 

--------------------

2026-01-09 14:31:22,932 - INFO - Creating snapshot of: Storage/Docker-SyncoidTest/VaultWarden
2026-01-09 14:31:22,932 - DEBUG - Full snapshot name: Storage/Docker-SyncoidTest/VaultWarden@SnapBeforeWatchTower-Date-2026-01-09_14_31_22
2026-01-09 14:31:22,932 - DEBUG - Running command: zfs snapshot Storage/Docker-SyncoidTest/VaultWarden@SnapBeforeWatchTower-Date-2026-01-09_14_31_22
2026-01-09 14:31:22,975 - DEBUG - Running command: zfs list -H -t snapshot -o name Storage/Docker-SyncoidTest/VaultWarden
2026-01-09 14:31:23,016 - DEBUG - Command stdout:
Storage/Docker-SyncoidTest/VaultWarden@autosnap_2022-05-25_05:16:39_daily
Storage/Docker-SyncoidTest/VaultWarden@autosnap_2022-05-29_05:09:01_daily
Storage/Docker-SyncoidTest/VaultWarden@autosnap_2022-06-05_06:43:21_daily
Storage/Docker-SyncoidTest/VaultWarden@autosnap_2022-06-06_06:25:48_daily
Storage/Docker-SyncoidTest/VaultWarden@autosnap_2022-06-21_05:24:07_daily
Storage/Docker-SyncoidTest/VaultWarden@autosnap_2022-06-24_08:29:33_daily
Storage/Docker-SyncoidTest/VaultWarden@autosnap_2022-07-05_07:15:19_daily
Storage/Docker-SyncoidTest/VaultWarden@autosnap_2022-07-06_05:36:12_daily
Storage/Docker-SyncoidTest/VaultWarden@autosnap_2023-02-11_18:04:16_daily
Storage/Docker-SyncoidTest/VaultWarden@autosnap_2023-02-21_06:39:08_daily
Storage/Docker-SyncoidTest/VaultWarden@autosnap_2023-02-26_07:27:17_daily
Storage/Docker-SyncoidTest/VaultWarden@autosnap_2023-02-27_05:27:27_daily
Storage/Docker-SyncoidTest/VaultWarden@autosnap_2023-03-05_05:54:55_daily
Storage/Docker-SyncoidTest/VaultWarden@autosnap_2023-03-23_11:18:42_daily
Storage/Docker-SyncoidTest/VaultWarden@autosnap_2023-03-24_09:39:13_daily
Storage/Docker-SyncoidTest/VaultWarden@autosnap_2023-03-25_05:22:49_daily
Storage/Docker-SyncoidTest/VaultWarden@autosnap_2023-05-17_11:57:44_daily
Storage/Docker-SyncoidTest/VaultWarden@autosnap_2023-05-25_06:15:42_daily
Storage/Docker-SyncoidTest/VaultWarden@autosnap_2023-05-27_06:20:27_daily
Storage/Docker-SyncoidTest/VaultWarden@autosnap_2023-05-28_03:31:41_daily
Storage/Docker-SyncoidTest/VaultWarden@autosnap_2023-06-02_04:23:57_daily
Storage/Docker-SyncoidTest/VaultWarden@autosnap_2023-06-04_02:58:57_daily
Storage/Docker-SyncoidTest/VaultWarden@autosnap_2023-06-05_05:20:23_daily
Storage/Docker-SyncoidTest/VaultWarden@autosnap_2023-06-06_06:49:14_daily
Storage/Docker-SyncoidTest/VaultWarden@autosnap_2023-06-07_04:06:31_daily
Storage/Docker-SyncoidTest/VaultWarden@autosnap_2023-06-09_09:58:18_daily
Storage/Docker-SyncoidTest/VaultWarden@autosnap_2023-06-11_04:31:11_daily
Storage/Docker-SyncoidTest/VaultWarden@nginx-proxy-manager_works
Storage/Docker-SyncoidTest/VaultWarden@autosnap_2023-08-19_16:57:58_daily
Storage/Docker-SyncoidTest/VaultWarden@autosnap_2023-08-22_08:12:25_daily
Storage/Docker-SyncoidTest/VaultWarden@autosnap_2023-08-23_09:58:07_daily
Storage/Docker-SyncoidTest/VaultWarden@autosnap_2023-08-24_10:10:39_daily
Storage/Docker-SyncoidTest/VaultWarden@autosnap_2023-08-27_19:10:30_daily
Storage/Docker-SyncoidTest/VaultWarden@autosnap_2023-08-28_15:41:39_daily
Storage/Docker-SyncoidTest/VaultWarden@autosnap_2023-08-29_06:02:05_daily
Storage/Docker-SyncoidTest/VaultWarden@autosnap_2023-08-31_04:30:26_daily
Storage/Docker-SyncoidTest/VaultWarden@autosnap_2023-09-02_12:04:25_daily
Storage/Docker-SyncoidTest/VaultWarden@autosnap_2023-09-07_18:23:40_daily
Storage/Docker-SyncoidTest/VaultWarden@autosnap_2023-09-08_08:33:16_daily
Storage/Docker-SyncoidTest/VaultWarden@autosnap_2023-09-09_12:02:17_daily
Storage/Docker-SyncoidTest/VaultWarden@syncoid_darkyere-VirtualBox_2023-09-09:15:38:35-GMT02:00
Storage/Docker-SyncoidTest/VaultWarden@autosnap_2023-09-21_17:34:37_daily
Storage/Docker-SyncoidTest/VaultWarden@autosnap_2023-09-22_04:08:30_daily
Storage/Docker-SyncoidTest/VaultWarden@autosnap_2023-10-28_16:26:10_daily
Storage/Docker-SyncoidTest/VaultWarden@autosnap_2023-11-10_10:27:43_daily
Storage/Docker-SyncoidTest/VaultWarden@autosnap_2023-11-16_09:59:05_daily
Storage/Docker-SyncoidTest/VaultWarden@autosnap_2023-12-18_12:32:22_daily
Storage/Docker-SyncoidTest/VaultWarden@autosnap_2023-12-21_08:50:19_daily
Storage/Docker-SyncoidTest/VaultWarden@autosnap_2023-12-22_00:00:05_daily
Storage/Docker-SyncoidTest/VaultWarden@autosnap_2023-12-22_05:00:33_hourly
Storage/Docker-SyncoidTest/VaultWarden@autosnap_2023-12-22_06:00:04_hourly
Storage/Docker-SyncoidTest/VaultWarden@autosnap_2023-12-22_07:00:16_hourly
Storage/Docker-SyncoidTest/VaultWarden@autosnap_2023-12-22_08:00:12_hourly
Storage/Docker-SyncoidTest/VaultWarden@autosnap_2024-01-01_07:54:57_daily
Storage/Docker-SyncoidTest/VaultWarden@autosnap_2024-01-01_07:54:57_hourly
Storage/Docker-SyncoidTest/VaultWarden@autosnap_2024-01-01_08:00:02_hourly
Storage/Docker-SyncoidTest/VaultWarden@autosnap_2024-01-01_09:00:05_hourly
Storage/Docker-SyncoidTest/VaultWarden@autosnap_2024-01-01_10:00:07_hourly
Storage/Docker-SyncoidTest/VaultWarden@autosnap_2024-01-01_11:00:15_hourly
Storage/Docker-SyncoidTest/VaultWarden@autosnap_2024-01-01_12:00:06_hourly
Storage/Docker-SyncoidTest/VaultWarden@autosnap_2024-02-02_17:41:42_daily
Storage/Docker-SyncoidTest/VaultWarden@autosnap_2024-02-02_17:41:42_hourly
Storage/Docker-SyncoidTest/VaultWarden@autosnap_2024-02-02_18:00:20_hourly
Storage/Docker-SyncoidTest/VaultWarden@autosnap_2024-02-02_19:00:21_hourly
Storage/Docker-SyncoidTest/VaultWarden@autosnap_2024-02-02_20:00:22_hourly
Storage/Docker-SyncoidTest/VaultWarden@autosnap_2024-02-02_21:00:07_hourly
Storage/Docker-SyncoidTest/VaultWarden@autosnap_2024-02-02_22:00:18_hourly
Storage/Docker-SyncoidTest/VaultWarden@autosnap_2024-02-02_23:00:08_hourly
Storage/Docker-SyncoidTest/VaultWarden@autosnap_2024-02-03_00:00:11_daily
Storage/Docker-SyncoidTest/VaultWarden@autosnap_2024-02-03_00:00:11_hourly
Storage/Docker-SyncoidTest/VaultWarden@autosnap_2024-02-03_01:00:01_hourly
Storage/Docker-SyncoidTest/VaultWarden@autosnap_2024-02-03_02:00:13_hourly
Storage/Docker-SyncoidTest/VaultWarden@autosnap_2024-02-03_03:00:10_hourly
Storage/Docker-SyncoidTest/VaultWarden@autosnap_2024-02-03_04:00:15_hourly
Storage/Docker-SyncoidTest/VaultWarden@autosnap_2024-02-03_05:00:20_hourly
Storage/Docker-SyncoidTest/VaultWarden@autosnap_2024-02-03_06:00:09_hourly
Storage/Docker-SyncoidTest/VaultWarden@autosnap_2024-08-18_14:10:57_daily
Storage/Docker-SyncoidTest/VaultWarden@autosnap_2024-08-18_14:10:57_hourly
Storage/Docker-SyncoidTest/VaultWarden@autosnap_2024-10-04_15:50:22_daily
Storage/Docker-SyncoidTest/VaultWarden@autosnap_2024-10-04_15:50:22_hourly
Storage/Docker-SyncoidTest/VaultWarden@autosnap_2024-10-04_16:00:30_hourly
Storage/Docker-SyncoidTest/VaultWarden@autosnap_2024-10-04_17:00:07_hourly
Storage/Docker-SyncoidTest/VaultWarden@autosnap_2024-10-12_19:24:24_daily
Storage/Docker-SyncoidTest/VaultWarden@autosnap_2024-10-12_19:24:24_hourly
Storage/Docker-SyncoidTest/VaultWarden@autosnap_2025-01-06_18:54:12_daily
Storage/Docker-SyncoidTest/VaultWarden@autosnap_2025-01-06_18:54:12_hourly
Storage/Docker-SyncoidTest/VaultWarden@autosnap_2025-01-06_19:00:02_hourly
Storage/Docker-SyncoidTest/VaultWarden@autosnap_2025-03-31_14:02:58_monthly
Storage/Docker-SyncoidTest/VaultWarden@autosnap_2025-03-31_14:02:58_daily
Storage/Docker-SyncoidTest/VaultWarden@autosnap_2025-03-31_14:02:58_hourly
Storage/Docker-SyncoidTest/VaultWarden@autosnap_2025-04-28_19:04:39_monthly
Storage/Docker-SyncoidTest/VaultWarden@autosnap_2025-04-28_19:04:39_daily
Storage/Docker-SyncoidTest/VaultWarden@autosnap_2025-04-28_19:04:39_hourly
Storage/Docker-SyncoidTest/VaultWarden@autosnap_2025-08-19_07:21:27_monthly
Storage/Docker-SyncoidTest/VaultWarden@autosnap_2025-08-19_07:21:27_daily
Storage/Docker-SyncoidTest/VaultWarden@autosnap_2025-08-19_07:21:27_hourly
Storage/Docker-SyncoidTest/VaultWarden@autosnap_2025-11-05_05:01:12_monthly
Storage/Docker-SyncoidTest/VaultWarden@autosnap_2025-11-05_05:01:12_daily
Storage/Docker-SyncoidTest/VaultWarden@autosnap_2025-11-05_05:01:12_hourly
Storage/Docker-SyncoidTest/VaultWarden@autosnap_2025-11-05_06:00:02_hourly
Storage/Docker-SyncoidTest/VaultWarden@autosnap_2025-11-05_07:00:17_hourly
Storage/Docker-SyncoidTest/VaultWarden@autosnap_2025-12-25_09:44:02_monthly
Storage/Docker-SyncoidTest/VaultWarden@autosnap_2025-12-25_09:44:02_daily
Storage/Docker-SyncoidTest/VaultWarden@autosnap_2025-12-25_09:44:02_hourly
Storage/Docker-SyncoidTest/VaultWarden@autosnap_2025-12-25_10:00:02_hourly
Storage/Docker-SyncoidTest/VaultWarden@autosnap_2026-01-02_13:52:47_monthly
Storage/Docker-SyncoidTest/VaultWarden@autosnap_2026-01-02_13:52:47_daily
Storage/Docker-SyncoidTest/VaultWarden@autosnap_2026-01-02_13:52:47_hourly
Storage/Docker-SyncoidTest/VaultWarden@autosnap_2026-01-02_14:00:03_hourly
Storage/Docker-SyncoidTest/VaultWarden@autosnap_2026-01-02_15:00:06_hourly
Storage/Docker-SyncoidTest/VaultWarden@SnapBeforeWatchTower-Date-2026-01-02_16_53_43
Storage/Docker-SyncoidTest/VaultWarden@SnapBeforeWatchTower-Date-2026-01-02_16_54_57
Storage/Docker-SyncoidTest/VaultWarden@autosnap_2026-01-02_16:00:05_hourly
Storage/Docker-SyncoidTest/VaultWarden@SnapBeforeWatchTower-Date-2026-01-02_17_08_19
Storage/Docker-SyncoidTest/VaultWarden@SnapBeforeWatchTower-Date-2026-01-02_17_40_28
Storage/Docker-SyncoidTest/VaultWarden@SnapBeforeWatchTower-Date-2026-01-02_17_47_48
Storage/Docker-SyncoidTest/VaultWarden@autosnap_2026-01-02_17:00:02_hourly
Storage/Docker-SyncoidTest/VaultWarden@SnapBeforeWatchTower-Date-2026-01-02_18_37_47
Storage/Docker-SyncoidTest/VaultWarden@SnapBeforeWatchTower-Date-2026-01-02_18_45_26
Storage/Docker-SyncoidTest/VaultWarden@SnapBeforeWatchTower-Date-2026-01-02_18_49_30
Storage/Docker-SyncoidTest/VaultWarden@autosnap_2026-01-02_18:00:03_hourly
Storage/Docker-SyncoidTest/VaultWarden@SnapBeforeWatchTower-Date-2026-01-02_19_37_14
Storage/Docker-SyncoidTest/VaultWarden@SnapBeforeWatchTower-Date-2026-01-02_19_54_30
Storage/Docker-SyncoidTest/VaultWarden@autosnap_2026-01-02_19:00:03_hourly
Storage/Docker-SyncoidTest/VaultWarden@SnapBeforeWatchTower-Date-2026-01-02_20_03_09
Storage/Docker-SyncoidTest/VaultWarden@SnapBeforeWatchTower-Date-2026-01-02_20_03_51
Storage/Docker-SyncoidTest/VaultWarden@SnapBeforeWatchTower-Date-2026-01-02_20_04_21
Storage/Docker-SyncoidTest/VaultWarden@autosnap_2026-01-09_12:50:08_daily
Storage/Docker-SyncoidTest/VaultWarden@autosnap_2026-01-09_12:50:08_hourly
Storage/Docker-SyncoidTest/VaultWarden@autosnap_2026-01-09_13:00:00_hourly
Storage/Docker-SyncoidTest/VaultWarden@SnapBeforeWatchTower-Date-2026-01-09_14_31_22
2026-01-09 14:31:23,017 - INFO - [Storage/Docker-SyncoidTest/VaultWarden] Found 14 matching snapshots (retain_count=12).
2026-01-09 14:31:23,017 - INFO - [Storage/Docker-SyncoidTest/VaultWarden] Cutoff time: 2025-10-11 14:31:23  (older_than=90 days, 0:00:00)
2026-01-09 14:31:23,017 - INFO - [Storage/Docker-SyncoidTest/VaultWarden] Will delete 0 snapshot(s).
2026-01-09 14:31:23,018 - INFO - 

--------------------

2026-01-09 14:31:23,018 - INFO - Creating snapshot of: Storage/Docker-SyncoidTest/Video
2026-01-09 14:31:23,018 - DEBUG - Full snapshot name: Storage/Docker-SyncoidTest/Video@SnapBeforeWatchTower-Date-2026-01-09_14_31_23
2026-01-09 14:31:23,018 - DEBUG - Running command: zfs snapshot Storage/Docker-SyncoidTest/Video@SnapBeforeWatchTower-Date-2026-01-09_14_31_23
2026-01-09 14:31:23,071 - DEBUG - Running command: zfs list -H -t snapshot -o name Storage/Docker-SyncoidTest/Video
2026-01-09 14:31:23,108 - DEBUG - Command stdout:
Storage/Docker-SyncoidTest/Video@autosnap_2022-02-08_18:45:07_daily
Storage/Docker-SyncoidTest/Video@autosnap_2022-03-26_06:39:17_daily
Storage/Docker-SyncoidTest/Video@autosnap_2022-03-27_08:05:05_daily
Storage/Docker-SyncoidTest/Video@autosnap_2022-03-31_12:22:14_daily
Storage/Docker-SyncoidTest/Video@autosnap_2022-04-02_08:00:20_daily
Storage/Docker-SyncoidTest/Video@autosnap_2022-04-04_10:06:50_daily
Storage/Docker-SyncoidTest/Video@autosnap_2022-04-05_07:21:33_daily
Storage/Docker-SyncoidTest/Video@syncoid_darkyere-VirtualBox_2023-09-09:15:38:45-GMT02:00
Storage/Docker-SyncoidTest/Video@autosnap_2023-09-09_14:00:06_daily
Storage/Docker-SyncoidTest/Video@autosnap_2023-09-21_17:34:37_daily
Storage/Docker-SyncoidTest/Video@autosnap_2023-09-22_04:08:30_daily
Storage/Docker-SyncoidTest/Video@autosnap_2023-10-28_16:26:09_daily
Storage/Docker-SyncoidTest/Video@autosnap_2023-11-10_10:27:42_daily
Storage/Docker-SyncoidTest/Video@autosnap_2023-11-16_09:59:06_daily
Storage/Docker-SyncoidTest/Video@autosnap_2023-12-18_12:32:21_daily
Storage/Docker-SyncoidTest/Video@autosnap_2023-12-21_08:50:20_daily
Storage/Docker-SyncoidTest/Video@autosnap_2023-12-22_00:00:06_daily
Storage/Docker-SyncoidTest/Video@autosnap_2023-12-22_05:00:33_hourly
Storage/Docker-SyncoidTest/Video@autosnap_2023-12-22_06:00:03_hourly
Storage/Docker-SyncoidTest/Video@autosnap_2023-12-22_07:00:16_hourly
Storage/Docker-SyncoidTest/Video@autosnap_2023-12-22_08:00:10_hourly
Storage/Docker-SyncoidTest/Video@autosnap_2024-01-01_07:54:56_daily
Storage/Docker-SyncoidTest/Video@autosnap_2024-01-01_07:54:56_hourly
Storage/Docker-SyncoidTest/Video@autosnap_2024-01-01_08:00:02_hourly
Storage/Docker-SyncoidTest/Video@autosnap_2024-01-01_09:00:04_hourly
Storage/Docker-SyncoidTest/Video@autosnap_2024-01-01_10:00:06_hourly
Storage/Docker-SyncoidTest/Video@autosnap_2024-01-01_11:00:15_hourly
Storage/Docker-SyncoidTest/Video@autosnap_2024-01-01_12:00:06_hourly
Storage/Docker-SyncoidTest/Video@autosnap_2024-02-02_17:41:34_daily
Storage/Docker-SyncoidTest/Video@autosnap_2024-02-02_17:41:34_hourly
Storage/Docker-SyncoidTest/Video@autosnap_2024-02-02_18:00:21_hourly
Storage/Docker-SyncoidTest/Video@autosnap_2024-02-02_19:00:21_hourly
Storage/Docker-SyncoidTest/Video@autosnap_2024-02-02_20:00:23_hourly
Storage/Docker-SyncoidTest/Video@autosnap_2024-02-02_21:00:08_hourly
Storage/Docker-SyncoidTest/Video@autosnap_2024-02-02_22:00:18_hourly
Storage/Docker-SyncoidTest/Video@autosnap_2024-02-02_23:00:08_hourly
Storage/Docker-SyncoidTest/Video@autosnap_2024-02-03_00:00:11_daily
Storage/Docker-SyncoidTest/Video@autosnap_2024-02-03_00:00:11_hourly
Storage/Docker-SyncoidTest/Video@autosnap_2024-02-03_01:00:01_hourly
Storage/Docker-SyncoidTest/Video@autosnap_2024-02-03_02:00:13_hourly
Storage/Docker-SyncoidTest/Video@autosnap_2024-02-03_03:00:10_hourly
Storage/Docker-SyncoidTest/Video@autosnap_2024-02-03_04:00:14_hourly
Storage/Docker-SyncoidTest/Video@autosnap_2024-02-03_05:00:19_hourly
Storage/Docker-SyncoidTest/Video@autosnap_2024-02-03_06:00:09_hourly
Storage/Docker-SyncoidTest/Video@autosnap_2024-08-18_14:10:56_daily
Storage/Docker-SyncoidTest/Video@autosnap_2024-08-18_14:10:56_hourly
Storage/Docker-SyncoidTest/Video@autosnap_2024-10-04_15:50:26_daily
Storage/Docker-SyncoidTest/Video@autosnap_2024-10-04_15:50:26_hourly
Storage/Docker-SyncoidTest/Video@autosnap_2024-10-04_16:00:32_hourly
Storage/Docker-SyncoidTest/Video@autosnap_2024-10-04_17:00:06_hourly
Storage/Docker-SyncoidTest/Video@autosnap_2024-10-12_19:24:25_daily
Storage/Docker-SyncoidTest/Video@autosnap_2024-10-12_19:24:25_hourly
Storage/Docker-SyncoidTest/Video@autosnap_2025-01-06_18:53:51_daily
Storage/Docker-SyncoidTest/Video@autosnap_2025-01-06_18:53:51_hourly
Storage/Docker-SyncoidTest/Video@autosnap_2025-01-06_19:00:02_hourly
Storage/Docker-SyncoidTest/Video@autosnap_2025-03-31_14:02:58_monthly
Storage/Docker-SyncoidTest/Video@autosnap_2025-03-31_14:02:58_daily
Storage/Docker-SyncoidTest/Video@autosnap_2025-03-31_14:02:58_hourly
Storage/Docker-SyncoidTest/Video@autosnap_2025-04-28_19:04:38_monthly
Storage/Docker-SyncoidTest/Video@autosnap_2025-04-28_19:04:38_daily
Storage/Docker-SyncoidTest/Video@autosnap_2025-04-28_19:04:38_hourly
Storage/Docker-SyncoidTest/Video@autosnap_2025-08-19_07:21:28_monthly
Storage/Docker-SyncoidTest/Video@autosnap_2025-08-19_07:21:28_daily
Storage/Docker-SyncoidTest/Video@autosnap_2025-08-19_07:21:28_hourly
Storage/Docker-SyncoidTest/Video@autosnap_2025-11-05_05:01:15_monthly
Storage/Docker-SyncoidTest/Video@autosnap_2025-11-05_05:01:15_daily
Storage/Docker-SyncoidTest/Video@autosnap_2025-11-05_05:01:15_hourly
Storage/Docker-SyncoidTest/Video@autosnap_2025-11-05_06:00:02_hourly
Storage/Docker-SyncoidTest/Video@autosnap_2025-11-05_07:00:16_hourly
Storage/Docker-SyncoidTest/Video@autosnap_2025-12-25_09:43:36_monthly
Storage/Docker-SyncoidTest/Video@autosnap_2025-12-25_09:43:36_daily
Storage/Docker-SyncoidTest/Video@autosnap_2025-12-25_09:43:36_hourly
Storage/Docker-SyncoidTest/Video@autosnap_2025-12-25_10:00:02_hourly
Storage/Docker-SyncoidTest/Video@autosnap_2026-01-02_13:52:38_monthly
Storage/Docker-SyncoidTest/Video@autosnap_2026-01-02_13:52:38_daily
Storage/Docker-SyncoidTest/Video@autosnap_2026-01-02_13:52:38_hourly
Storage/Docker-SyncoidTest/Video@autosnap_2026-01-02_14:00:02_hourly
Storage/Docker-SyncoidTest/Video@autosnap_2026-01-02_15:00:08_hourly
Storage/Docker-SyncoidTest/Video@SnapBeforeWatchTower-Date-2026-01-02_16_53_43
Storage/Docker-SyncoidTest/Video@SnapBeforeWatchTower-Date-2026-01-02_16_54_57
Storage/Docker-SyncoidTest/Video@autosnap_2026-01-02_16:00:05_hourly
Storage/Docker-SyncoidTest/Video@SnapBeforeWatchTower-Date-2026-01-02_17_08_19
Storage/Docker-SyncoidTest/Video@SnapBeforeWatchTower-Date-2026-01-02_17_40_28
Storage/Docker-SyncoidTest/Video@SnapBeforeWatchTower-Date-2026-01-02_17_47_48
Storage/Docker-SyncoidTest/Video@autosnap_2026-01-02_17:00:02_hourly
Storage/Docker-SyncoidTest/Video@SnapBeforeWatchTower-Date-2026-01-02_18_37_47
Storage/Docker-SyncoidTest/Video@SnapBeforeWatchTower-Date-2026-01-02_18_45_26
Storage/Docker-SyncoidTest/Video@SnapBeforeWatchTower-Date-2026-01-02_18_49_31
Storage/Docker-SyncoidTest/Video@autosnap_2026-01-02_18:00:03_hourly
Storage/Docker-SyncoidTest/Video@SnapBeforeWatchTower-Date-2026-01-02_19_37_14
Storage/Docker-SyncoidTest/Video@SnapBeforeWatchTower-Date-2026-01-02_19_54_30
Storage/Docker-SyncoidTest/Video@autosnap_2026-01-02_19:00:03_hourly
Storage/Docker-SyncoidTest/Video@SnapBeforeWatchTower-Date-2026-01-02_20_03_09
Storage/Docker-SyncoidTest/Video@SnapBeforeWatchTower-Date-2026-01-02_20_03_51
Storage/Docker-SyncoidTest/Video@SnapBeforeWatchTower-Date-2026-01-02_20_04_22
Storage/Docker-SyncoidTest/Video@autosnap_2026-01-09_12:50:13_daily
Storage/Docker-SyncoidTest/Video@autosnap_2026-01-09_12:50:13_hourly
Storage/Docker-SyncoidTest/Video@autosnap_2026-01-09_13:00:01_hourly
Storage/Docker-SyncoidTest/Video@SnapBeforeWatchTower-Date-2026-01-09_14_31_23
2026-01-09 14:31:23,109 - INFO - [Storage/Docker-SyncoidTest/Video] Found 14 matching snapshots (retain_count=12).
2026-01-09 14:31:23,109 - INFO - [Storage/Docker-SyncoidTest/Video] Cutoff time: 2025-10-11 14:31:23  (older_than=90 days, 0:00:00)
2026-01-09 14:31:23,109 - INFO - [Storage/Docker-SyncoidTest/Video] Will delete 0 snapshot(s).
2026-01-09 14:31:23,109 - INFO - 

--------------------

2026-01-09 14:31:23,109 - INFO - Creating snapshot of: Storage/Docker-SyncoidTest/Videos
2026-01-09 14:31:23,109 - DEBUG - Full snapshot name: Storage/Docker-SyncoidTest/Videos@SnapBeforeWatchTower-Date-2026-01-09_14_31_23
2026-01-09 14:31:23,109 - DEBUG - Running command: zfs snapshot Storage/Docker-SyncoidTest/Videos@SnapBeforeWatchTower-Date-2026-01-09_14_31_23
2026-01-09 14:31:23,153 - DEBUG - Running command: zfs list -H -t snapshot -o name Storage/Docker-SyncoidTest/Videos
2026-01-09 14:31:23,182 - DEBUG - Command stdout:
Storage/Docker-SyncoidTest/Videos@syncoid_darkyere-VirtualBox_2023-09-09:15:38:54-GMT02:00
Storage/Docker-SyncoidTest/Videos@autosnap_2023-09-09_14:00:07_daily
Storage/Docker-SyncoidTest/Videos@autosnap_2023-09-21_17:34:39_daily
Storage/Docker-SyncoidTest/Videos@autosnap_2023-09-22_04:08:30_daily
Storage/Docker-SyncoidTest/Videos@autosnap_2023-10-28_16:26:09_daily
Storage/Docker-SyncoidTest/Videos@autosnap_2023-11-10_10:27:42_daily
Storage/Docker-SyncoidTest/Videos@autosnap_2023-11-16_09:59:03_daily
Storage/Docker-SyncoidTest/Videos@autosnap_2023-12-18_12:32:19_daily
Storage/Docker-SyncoidTest/Videos@autosnap_2023-12-21_08:50:19_daily
Storage/Docker-SyncoidTest/Videos@autosnap_2023-12-22_00:00:06_daily
Storage/Docker-SyncoidTest/Videos@autosnap_2023-12-22_05:00:34_hourly
Storage/Docker-SyncoidTest/Videos@autosnap_2023-12-22_06:00:04_hourly
Storage/Docker-SyncoidTest/Videos@autosnap_2023-12-22_07:00:16_hourly
Storage/Docker-SyncoidTest/Videos@autosnap_2023-12-22_08:00:11_hourly
Storage/Docker-SyncoidTest/Videos@autosnap_2024-01-01_07:54:55_daily
Storage/Docker-SyncoidTest/Videos@autosnap_2024-01-01_07:54:55_hourly
Storage/Docker-SyncoidTest/Videos@autosnap_2024-01-01_08:00:02_hourly
Storage/Docker-SyncoidTest/Videos@autosnap_2024-01-01_09:00:05_hourly
Storage/Docker-SyncoidTest/Videos@autosnap_2024-01-01_10:00:07_hourly
Storage/Docker-SyncoidTest/Videos@autosnap_2024-01-01_11:00:16_hourly
Storage/Docker-SyncoidTest/Videos@autosnap_2024-01-01_12:00:05_hourly
Storage/Docker-SyncoidTest/Videos@autosnap_2024-02-02_17:41:38_daily
Storage/Docker-SyncoidTest/Videos@autosnap_2024-02-02_17:41:38_hourly
Storage/Docker-SyncoidTest/Videos@autosnap_2024-02-02_18:00:21_hourly
Storage/Docker-SyncoidTest/Videos@autosnap_2024-02-02_19:00:21_hourly
Storage/Docker-SyncoidTest/Videos@autosnap_2024-02-02_20:00:23_hourly
Storage/Docker-SyncoidTest/Videos@autosnap_2024-02-02_21:00:08_hourly
Storage/Docker-SyncoidTest/Videos@autosnap_2024-02-02_22:00:18_hourly
Storage/Docker-SyncoidTest/Videos@autosnap_2024-02-02_23:00:08_hourly
Storage/Docker-SyncoidTest/Videos@autosnap_2024-02-03_00:00:11_daily
Storage/Docker-SyncoidTest/Videos@autosnap_2024-02-03_00:00:11_hourly
Storage/Docker-SyncoidTest/Videos@autosnap_2024-02-03_01:00:02_hourly
Storage/Docker-SyncoidTest/Videos@autosnap_2024-02-03_02:00:13_hourly
Storage/Docker-SyncoidTest/Videos@autosnap_2024-02-03_03:00:09_hourly
Storage/Docker-SyncoidTest/Videos@autosnap_2024-02-03_04:00:15_hourly
Storage/Docker-SyncoidTest/Videos@autosnap_2024-02-03_05:00:19_hourly
Storage/Docker-SyncoidTest/Videos@autosnap_2024-02-03_06:00:08_hourly
Storage/Docker-SyncoidTest/Videos@autosnap_2024-08-18_14:10:57_daily
Storage/Docker-SyncoidTest/Videos@autosnap_2024-08-18_14:10:57_hourly
Storage/Docker-SyncoidTest/Videos@autosnap_2024-10-04_15:50:23_daily
Storage/Docker-SyncoidTest/Videos@autosnap_2024-10-04_15:50:23_hourly
Storage/Docker-SyncoidTest/Videos@autosnap_2024-10-04_16:00:34_hourly
Storage/Docker-SyncoidTest/Videos@autosnap_2024-10-04_17:00:06_hourly
Storage/Docker-SyncoidTest/Videos@autosnap_2024-10-12_19:24:14_daily
Storage/Docker-SyncoidTest/Videos@autosnap_2024-10-12_19:24:14_hourly
Storage/Docker-SyncoidTest/Videos@autosnap_2025-01-06_18:54:17_daily
Storage/Docker-SyncoidTest/Videos@autosnap_2025-01-06_18:54:17_hourly
Storage/Docker-SyncoidTest/Videos@autosnap_2025-01-06_19:00:02_hourly
Storage/Docker-SyncoidTest/Videos@autosnap_2025-03-31_14:02:59_monthly
Storage/Docker-SyncoidTest/Videos@autosnap_2025-03-31_14:02:59_daily
Storage/Docker-SyncoidTest/Videos@autosnap_2025-03-31_14:02:59_hourly
Storage/Docker-SyncoidTest/Videos@autosnap_2025-04-28_19:04:40_monthly
Storage/Docker-SyncoidTest/Videos@autosnap_2025-04-28_19:04:40_daily
Storage/Docker-SyncoidTest/Videos@autosnap_2025-04-28_19:04:40_hourly
Storage/Docker-SyncoidTest/Videos@autosnap_2025-08-19_07:21:23_monthly
Storage/Docker-SyncoidTest/Videos@autosnap_2025-08-19_07:21:23_daily
Storage/Docker-SyncoidTest/Videos@autosnap_2025-08-19_07:21:23_hourly
Storage/Docker-SyncoidTest/Videos@autosnap_2025-11-05_05:01:17_monthly
Storage/Docker-SyncoidTest/Videos@autosnap_2025-11-05_05:01:17_daily
Storage/Docker-SyncoidTest/Videos@autosnap_2025-11-05_05:01:17_hourly
Storage/Docker-SyncoidTest/Videos@autosnap_2025-11-05_06:00:01_hourly
Storage/Docker-SyncoidTest/Videos@autosnap_2025-11-05_07:00:16_hourly
Storage/Docker-SyncoidTest/Videos@autosnap_2025-12-25_09:44:03_monthly
Storage/Docker-SyncoidTest/Videos@autosnap_2025-12-25_09:44:03_daily
Storage/Docker-SyncoidTest/Videos@autosnap_2025-12-25_09:44:03_hourly
Storage/Docker-SyncoidTest/Videos@autosnap_2025-12-25_10:00:02_hourly
Storage/Docker-SyncoidTest/Videos@autosnap_2026-01-02_13:52:41_monthly
Storage/Docker-SyncoidTest/Videos@autosnap_2026-01-02_13:52:41_daily
Storage/Docker-SyncoidTest/Videos@autosnap_2026-01-02_13:52:41_hourly
Storage/Docker-SyncoidTest/Videos@autosnap_2026-01-02_14:00:03_hourly
Storage/Docker-SyncoidTest/Videos@autosnap_2026-01-02_15:00:07_hourly
Storage/Docker-SyncoidTest/Videos@SnapBeforeWatchTower-Date-2026-01-02_16_53_43
Storage/Docker-SyncoidTest/Videos@SnapBeforeWatchTower-Date-2026-01-02_16_54_58
Storage/Docker-SyncoidTest/Videos@autosnap_2026-01-02_16:00:04_hourly
Storage/Docker-SyncoidTest/Videos@SnapBeforeWatchTower-Date-2026-01-02_17_08_19
Storage/Docker-SyncoidTest/Videos@SnapBeforeWatchTower-Date-2026-01-02_17_40_28
Storage/Docker-SyncoidTest/Videos@SnapBeforeWatchTower-Date-2026-01-02_17_47_48
Storage/Docker-SyncoidTest/Videos@autosnap_2026-01-02_17:00:02_hourly
Storage/Docker-SyncoidTest/Videos@SnapBeforeWatchTower-Date-2026-01-02_18_37_47
Storage/Docker-SyncoidTest/Videos@SnapBeforeWatchTower-Date-2026-01-02_18_45_26
Storage/Docker-SyncoidTest/Videos@SnapBeforeWatchTower-Date-2026-01-02_18_49_31
Storage/Docker-SyncoidTest/Videos@autosnap_2026-01-02_18:00:04_hourly
Storage/Docker-SyncoidTest/Videos@SnapBeforeWatchTower-Date-2026-01-02_19_37_14
Storage/Docker-SyncoidTest/Videos@SnapBeforeWatchTower-Date-2026-01-02_19_54_30
Storage/Docker-SyncoidTest/Videos@autosnap_2026-01-02_19:00:03_hourly
Storage/Docker-SyncoidTest/Videos@SnapBeforeWatchTower-Date-2026-01-02_20_03_09
Storage/Docker-SyncoidTest/Videos@SnapBeforeWatchTower-Date-2026-01-02_20_03_51
Storage/Docker-SyncoidTest/Videos@SnapBeforeWatchTower-Date-2026-01-02_20_04_22
Storage/Docker-SyncoidTest/Videos@autosnap_2026-01-09_12:50:12_daily
Storage/Docker-SyncoidTest/Videos@autosnap_2026-01-09_12:50:12_hourly
Storage/Docker-SyncoidTest/Videos@autosnap_2026-01-09_13:00:01_hourly
Storage/Docker-SyncoidTest/Videos@SnapBeforeWatchTower-Date-2026-01-09_14_31_23
2026-01-09 14:31:23,182 - INFO - [Storage/Docker-SyncoidTest/Videos] Found 14 matching snapshots (retain_count=12).
2026-01-09 14:31:23,182 - INFO - [Storage/Docker-SyncoidTest/Videos] Cutoff time: 2025-10-11 14:31:23  (older_than=90 days, 0:00:00)
2026-01-09 14:31:23,182 - INFO - [Storage/Docker-SyncoidTest/Videos] Will delete 0 snapshot(s).
2026-01-09 14:31:23,182 - INFO - 

--------------------

2026-01-09 14:31:23,182 - INFO - Creating snapshot of: Storage/Docker-SyncoidTest/WallaBag
2026-01-09 14:31:23,183 - DEBUG - Full snapshot name: Storage/Docker-SyncoidTest/WallaBag@SnapBeforeWatchTower-Date-2026-01-09_14_31_23
2026-01-09 14:31:23,183 - DEBUG - Running command: zfs snapshot Storage/Docker-SyncoidTest/WallaBag@SnapBeforeWatchTower-Date-2026-01-09_14_31_23
2026-01-09 14:31:23,221 - DEBUG - Running command: zfs list -H -t snapshot -o name Storage/Docker-SyncoidTest/WallaBag
2026-01-09 14:31:23,247 - DEBUG - Command stdout:
Storage/Docker-SyncoidTest/WallaBag@autosnap_2022-04-22_10:12:48_daily
Storage/Docker-SyncoidTest/WallaBag@autosnap_2022-04-24_10:31:42_daily
Storage/Docker-SyncoidTest/WallaBag@autosnap_2022-04-26_09:49:21_daily
Storage/Docker-SyncoidTest/WallaBag@autosnap_2022-04-29_15:03:22_daily
Storage/Docker-SyncoidTest/WallaBag@autosnap_2022-04-30_08:34:23_daily
Storage/Docker-SyncoidTest/WallaBag@autosnap_2022-05-01_07:47:45_daily
Storage/Docker-SyncoidTest/WallaBag@autosnap_2022-05-06_14:37:27_daily
Storage/Docker-SyncoidTest/WallaBag@autosnap_2022-05-11_11:30:03_daily
Storage/Docker-SyncoidTest/WallaBag@autosnap_2022-05-20_12:11:01_daily
Storage/Docker-SyncoidTest/WallaBag@autosnap_2022-05-21_06:11:37_daily
Storage/Docker-SyncoidTest/WallaBag@autosnap_2022-05-22_15:31:36_daily
Storage/Docker-SyncoidTest/WallaBag@autosnap_2022-05-24_07:08:59_daily
Storage/Docker-SyncoidTest/WallaBag@autosnap_2022-05-25_05:16:51_daily
Storage/Docker-SyncoidTest/WallaBag@autosnap_2022-05-29_05:08:40_daily
Storage/Docker-SyncoidTest/WallaBag@autosnap_2022-06-05_06:42:54_daily
Storage/Docker-SyncoidTest/WallaBag@autosnap_2022-06-06_06:25:57_daily
Storage/Docker-SyncoidTest/WallaBag@autosnap_2022-06-21_05:23:51_daily
Storage/Docker-SyncoidTest/WallaBag@autosnap_2022-06-24_08:29:15_daily
Storage/Docker-SyncoidTest/WallaBag@autosnap_2022-07-05_07:14:40_daily
Storage/Docker-SyncoidTest/WallaBag@autosnap_2022-07-06_05:36:34_daily
Storage/Docker-SyncoidTest/WallaBag@autosnap_2023-02-11_18:04:19_daily
Storage/Docker-SyncoidTest/WallaBag@autosnap_2023-02-21_06:39:46_daily
Storage/Docker-SyncoidTest/WallaBag@autosnap_2023-02-26_07:27:10_daily
Storage/Docker-SyncoidTest/WallaBag@autosnap_2023-02-27_05:27:22_daily
Storage/Docker-SyncoidTest/WallaBag@autosnap_2023-03-05_05:54:18_daily
Storage/Docker-SyncoidTest/WallaBag@autosnap_2023-03-23_11:18:25_daily
Storage/Docker-SyncoidTest/WallaBag@autosnap_2023-03-24_09:39:38_daily
Storage/Docker-SyncoidTest/WallaBag@autosnap_2023-03-25_05:22:52_daily
Storage/Docker-SyncoidTest/WallaBag@autosnap_2023-05-17_11:57:46_daily
Storage/Docker-SyncoidTest/WallaBag@autosnap_2023-05-25_06:15:42_daily
Storage/Docker-SyncoidTest/WallaBag@autosnap_2023-05-27_06:20:27_daily
Storage/Docker-SyncoidTest/WallaBag@autosnap_2023-05-28_03:31:40_daily
Storage/Docker-SyncoidTest/WallaBag@autosnap_2023-05-29_19:16:51_daily
Storage/Docker-SyncoidTest/WallaBag@autosnap_2023-05-31_07:36:03_daily
Storage/Docker-SyncoidTest/WallaBag@autosnap_2023-06-02_04:23:55_daily
Storage/Docker-SyncoidTest/WallaBag@autosnap_2023-06-04_02:58:57_daily
Storage/Docker-SyncoidTest/WallaBag@autosnap_2023-06-05_05:20:24_daily
Storage/Docker-SyncoidTest/WallaBag@autosnap_2023-06-06_06:49:15_daily
Storage/Docker-SyncoidTest/WallaBag@autosnap_2023-06-07_04:06:32_daily
Storage/Docker-SyncoidTest/WallaBag@autosnap_2023-06-09_09:58:18_daily
Storage/Docker-SyncoidTest/WallaBag@autosnap_2023-06-11_04:31:11_daily
Storage/Docker-SyncoidTest/WallaBag@autosnap_2023-08-19_16:57:56_daily
Storage/Docker-SyncoidTest/WallaBag@autosnap_2023-08-22_08:12:25_daily
Storage/Docker-SyncoidTest/WallaBag@autosnap_2023-08-23_09:58:05_daily
Storage/Docker-SyncoidTest/WallaBag@autosnap_2023-08-24_10:10:37_daily
Storage/Docker-SyncoidTest/WallaBag@autosnap_2023-08-27_19:10:30_daily
Storage/Docker-SyncoidTest/WallaBag@autosnap_2023-08-28_15:41:40_daily
Storage/Docker-SyncoidTest/WallaBag@autosnap_2023-08-29_06:02:06_daily
Storage/Docker-SyncoidTest/WallaBag@autosnap_2023-08-31_04:30:25_daily
Storage/Docker-SyncoidTest/WallaBag@autosnap_2023-09-02_12:04:24_daily
Storage/Docker-SyncoidTest/WallaBag@autosnap_2023-09-07_18:23:43_daily
Storage/Docker-SyncoidTest/WallaBag@autosnap_2023-09-08_08:33:15_daily
Storage/Docker-SyncoidTest/WallaBag@autosnap_2023-09-09_12:02:18_daily
Storage/Docker-SyncoidTest/WallaBag@syncoid_darkyere-VirtualBox_2023-09-09:15:39:14-GMT02:00
Storage/Docker-SyncoidTest/WallaBag@autosnap_2023-09-21_17:34:38_daily
Storage/Docker-SyncoidTest/WallaBag@autosnap_2023-09-22_04:08:29_daily
Storage/Docker-SyncoidTest/WallaBag@autosnap_2023-10-28_16:26:11_daily
Storage/Docker-SyncoidTest/WallaBag@autosnap_2023-11-10_10:27:40_daily
Storage/Docker-SyncoidTest/WallaBag@autosnap_2023-11-16_09:59:05_daily
Storage/Docker-SyncoidTest/WallaBag@autosnap_2023-12-18_12:32:22_daily
Storage/Docker-SyncoidTest/WallaBag@autosnap_2023-12-21_08:50:20_daily
Storage/Docker-SyncoidTest/WallaBag@autosnap_2023-12-22_00:00:07_daily
Storage/Docker-SyncoidTest/WallaBag@autosnap_2023-12-22_05:00:33_hourly
Storage/Docker-SyncoidTest/WallaBag@autosnap_2023-12-22_06:00:03_hourly
Storage/Docker-SyncoidTest/WallaBag@autosnap_2023-12-22_07:00:17_hourly
Storage/Docker-SyncoidTest/WallaBag@autosnap_2023-12-22_08:00:11_hourly
Storage/Docker-SyncoidTest/WallaBag@autosnap_2024-01-01_07:54:57_daily
Storage/Docker-SyncoidTest/WallaBag@autosnap_2024-01-01_07:54:57_hourly
Storage/Docker-SyncoidTest/WallaBag@autosnap_2024-01-01_08:00:02_hourly
Storage/Docker-SyncoidTest/WallaBag@autosnap_2024-01-01_09:00:04_hourly
Storage/Docker-SyncoidTest/WallaBag@autosnap_2024-01-01_10:00:07_hourly
Storage/Docker-SyncoidTest/WallaBag@autosnap_2024-01-01_11:00:16_hourly
Storage/Docker-SyncoidTest/WallaBag@autosnap_2024-01-01_12:00:06_hourly
Storage/Docker-SyncoidTest/WallaBag@autosnap_2024-02-02_17:41:41_daily
Storage/Docker-SyncoidTest/WallaBag@autosnap_2024-02-02_17:41:41_hourly
Storage/Docker-SyncoidTest/WallaBag@autosnap_2024-02-02_18:00:21_hourly
Storage/Docker-SyncoidTest/WallaBag@autosnap_2024-02-02_19:00:20_hourly
Storage/Docker-SyncoidTest/WallaBag@autosnap_2024-02-02_20:00:22_hourly
Storage/Docker-SyncoidTest/WallaBag@autosnap_2024-02-02_21:00:08_hourly
Storage/Docker-SyncoidTest/WallaBag@autosnap_2024-02-02_22:00:17_hourly
Storage/Docker-SyncoidTest/WallaBag@autosnap_2024-02-02_23:00:07_hourly
Storage/Docker-SyncoidTest/WallaBag@autosnap_2024-02-03_00:00:09_daily
Storage/Docker-SyncoidTest/WallaBag@autosnap_2024-02-03_00:00:09_hourly
Storage/Docker-SyncoidTest/WallaBag@autosnap_2024-02-03_01:00:02_hourly
Storage/Docker-SyncoidTest/WallaBag@autosnap_2024-02-03_02:00:13_hourly
Storage/Docker-SyncoidTest/WallaBag@autosnap_2024-02-03_03:00:10_hourly
Storage/Docker-SyncoidTest/WallaBag@autosnap_2024-02-03_04:00:15_hourly
Storage/Docker-SyncoidTest/WallaBag@autosnap_2024-02-03_05:00:20_hourly
Storage/Docker-SyncoidTest/WallaBag@autosnap_2024-02-03_06:00:09_hourly
Storage/Docker-SyncoidTest/WallaBag@autosnap_2024-08-18_14:10:58_daily
Storage/Docker-SyncoidTest/WallaBag@autosnap_2024-08-18_14:10:58_hourly
Storage/Docker-SyncoidTest/WallaBag@autosnap_2024-10-04_15:50:24_daily
Storage/Docker-SyncoidTest/WallaBag@autosnap_2024-10-04_15:50:24_hourly
Storage/Docker-SyncoidTest/WallaBag@autosnap_2024-10-04_16:00:32_hourly
Storage/Docker-SyncoidTest/WallaBag@autosnap_2024-10-04_17:00:05_hourly
Storage/Docker-SyncoidTest/WallaBag@autosnap_2024-10-12_19:24:24_daily
Storage/Docker-SyncoidTest/WallaBag@autosnap_2024-10-12_19:24:24_hourly
Storage/Docker-SyncoidTest/WallaBag@autosnap_2025-01-06_18:54:18_daily
Storage/Docker-SyncoidTest/WallaBag@autosnap_2025-01-06_18:54:18_hourly
Storage/Docker-SyncoidTest/WallaBag@autosnap_2025-01-06_19:00:02_hourly
Storage/Docker-SyncoidTest/WallaBag@autosnap_2025-03-31_14:02:58_monthly
Storage/Docker-SyncoidTest/WallaBag@autosnap_2025-03-31_14:02:58_daily
Storage/Docker-SyncoidTest/WallaBag@autosnap_2025-03-31_14:02:58_hourly
Storage/Docker-SyncoidTest/WallaBag@autosnap_2025-04-28_19:04:38_monthly
Storage/Docker-SyncoidTest/WallaBag@autosnap_2025-04-28_19:04:38_daily
Storage/Docker-SyncoidTest/WallaBag@autosnap_2025-04-28_19:04:38_hourly
Storage/Docker-SyncoidTest/WallaBag@autosnap_2025-08-19_07:21:20_monthly
Storage/Docker-SyncoidTest/WallaBag@autosnap_2025-08-19_07:21:20_daily
Storage/Docker-SyncoidTest/WallaBag@autosnap_2025-08-19_07:21:20_hourly
Storage/Docker-SyncoidTest/WallaBag@autosnap_2025-11-05_05:01:03_monthly
Storage/Docker-SyncoidTest/WallaBag@autosnap_2025-11-05_05:01:03_daily
Storage/Docker-SyncoidTest/WallaBag@autosnap_2025-11-05_05:01:03_hourly
Storage/Docker-SyncoidTest/WallaBag@autosnap_2025-11-05_06:00:00_hourly
Storage/Docker-SyncoidTest/WallaBag@autosnap_2025-11-05_07:00:16_hourly
Storage/Docker-SyncoidTest/WallaBag@autosnap_2025-12-25_09:44:04_monthly
Storage/Docker-SyncoidTest/WallaBag@autosnap_2025-12-25_09:44:04_daily
Storage/Docker-SyncoidTest/WallaBag@autosnap_2025-12-25_09:44:04_hourly
Storage/Docker-SyncoidTest/WallaBag@autosnap_2025-12-25_10:00:02_hourly
Storage/Docker-SyncoidTest/WallaBag@autosnap_2026-01-02_13:52:38_monthly
Storage/Docker-SyncoidTest/WallaBag@autosnap_2026-01-02_13:52:38_daily
Storage/Docker-SyncoidTest/WallaBag@autosnap_2026-01-02_13:52:38_hourly
Storage/Docker-SyncoidTest/WallaBag@autosnap_2026-01-02_14:00:02_hourly
Storage/Docker-SyncoidTest/WallaBag@autosnap_2026-01-02_15:00:07_hourly
Storage/Docker-SyncoidTest/WallaBag@SnapBeforeWatchTower-Date-2026-01-02_16_53_44
Storage/Docker-SyncoidTest/WallaBag@SnapBeforeWatchTower-Date-2026-01-02_16_54_58
Storage/Docker-SyncoidTest/WallaBag@autosnap_2026-01-02_16:00:05_hourly
Storage/Docker-SyncoidTest/WallaBag@SnapBeforeWatchTower-Date-2026-01-02_17_08_19
Storage/Docker-SyncoidTest/WallaBag@SnapBeforeWatchTower-Date-2026-01-02_17_40_29
Storage/Docker-SyncoidTest/WallaBag@SnapBeforeWatchTower-Date-2026-01-02_17_47_48
Storage/Docker-SyncoidTest/WallaBag@autosnap_2026-01-02_17:00:01_hourly
Storage/Docker-SyncoidTest/WallaBag@SnapBeforeWatchTower-Date-2026-01-02_18_37_47
Storage/Docker-SyncoidTest/WallaBag@SnapBeforeWatchTower-Date-2026-01-02_18_45_26
Storage/Docker-SyncoidTest/WallaBag@SnapBeforeWatchTower-Date-2026-01-02_18_49_31
Storage/Docker-SyncoidTest/WallaBag@autosnap_2026-01-02_18:00:04_hourly
Storage/Docker-SyncoidTest/WallaBag@SnapBeforeWatchTower-Date-2026-01-02_19_37_14
Storage/Docker-SyncoidTest/WallaBag@SnapBeforeWatchTower-Date-2026-01-02_19_54_30
Storage/Docker-SyncoidTest/WallaBag@autosnap_2026-01-02_19:00:04_hourly
Storage/Docker-SyncoidTest/WallaBag@SnapBeforeWatchTower-Date-2026-01-02_20_03_09
Storage/Docker-SyncoidTest/WallaBag@SnapBeforeWatchTower-Date-2026-01-02_20_03_51
Storage/Docker-SyncoidTest/WallaBag@SnapBeforeWatchTower-Date-2026-01-02_20_04_22
Storage/Docker-SyncoidTest/WallaBag@autosnap_2026-01-09_12:50:14_daily
Storage/Docker-SyncoidTest/WallaBag@autosnap_2026-01-09_12:50:14_hourly
Storage/Docker-SyncoidTest/WallaBag@autosnap_2026-01-09_13:00:01_hourly
Storage/Docker-SyncoidTest/WallaBag@SnapBeforeWatchTower-Date-2026-01-09_14_31_23
2026-01-09 14:31:23,248 - INFO - [Storage/Docker-SyncoidTest/WallaBag] Found 14 matching snapshots (retain_count=12).
2026-01-09 14:31:23,248 - INFO - [Storage/Docker-SyncoidTest/WallaBag] Cutoff time: 2025-10-11 14:31:23  (older_than=90 days, 0:00:00)
2026-01-09 14:31:23,248 - INFO - [Storage/Docker-SyncoidTest/WallaBag] Will delete 0 snapshot(s).
2026-01-09 14:31:23,248 - INFO - 

--------------------

2026-01-09 14:31:23,248 - INFO - Creating snapshot of: Storage/Docker-SyncoidTest/WatchTower
2026-01-09 14:31:23,248 - DEBUG - Full snapshot name: Storage/Docker-SyncoidTest/WatchTower@SnapBeforeWatchTower-Date-2026-01-09_14_31_23
2026-01-09 14:31:23,248 - DEBUG - Running command: zfs snapshot Storage/Docker-SyncoidTest/WatchTower@SnapBeforeWatchTower-Date-2026-01-09_14_31_23
2026-01-09 14:31:23,326 - DEBUG - Running command: zfs list -H -t snapshot -o name Storage/Docker-SyncoidTest/WatchTower
2026-01-09 14:31:23,349 - DEBUG - Command stdout:
Storage/Docker-SyncoidTest/WatchTower@autosnap_2023-02-11_18:04:39_daily
Storage/Docker-SyncoidTest/WatchTower@autosnap_2023-02-21_06:39:56_daily
Storage/Docker-SyncoidTest/WatchTower@autosnap_2023-02-26_07:26:53_daily
Storage/Docker-SyncoidTest/WatchTower@autosnap_2023-02-27_05:27:37_daily
Storage/Docker-SyncoidTest/WatchTower@autosnap_2023-03-05_05:54:29_daily
Storage/Docker-SyncoidTest/WatchTower@autosnap_2023-03-23_11:18:09_daily
Storage/Docker-SyncoidTest/WatchTower@autosnap_2023-03-24_09:39:20_daily
Storage/Docker-SyncoidTest/WatchTower@autosnap_2023-03-25_05:23:23_daily
Storage/Docker-SyncoidTest/WatchTower@autosnap_2023-05-17_11:57:42_daily
Storage/Docker-SyncoidTest/WatchTower@autosnap_2023-05-25_06:15:42_daily
Storage/Docker-SyncoidTest/WatchTower@autosnap_2023-05-27_06:20:26_daily
Storage/Docker-SyncoidTest/WatchTower@autosnap_2023-05-28_03:31:40_daily
Storage/Docker-SyncoidTest/WatchTower@autosnap_2023-06-02_04:23:58_daily
Storage/Docker-SyncoidTest/WatchTower@autosnap_2023-06-04_02:58:58_daily
Storage/Docker-SyncoidTest/WatchTower@autosnap_2023-06-05_05:20:25_daily
Storage/Docker-SyncoidTest/WatchTower@autosnap_2023-06-06_06:49:16_daily
Storage/Docker-SyncoidTest/WatchTower@autosnap_2023-06-07_04:06:32_daily
Storage/Docker-SyncoidTest/WatchTower@autosnap_2023-06-09_09:58:19_daily
Storage/Docker-SyncoidTest/WatchTower@autosnap_2023-06-11_04:31:11_daily
Storage/Docker-SyncoidTest/WatchTower@autosnap_2023-08-19_16:57:56_daily
Storage/Docker-SyncoidTest/WatchTower@autosnap_2023-08-22_08:12:24_daily
Storage/Docker-SyncoidTest/WatchTower@autosnap_2023-08-23_09:58:06_daily
Storage/Docker-SyncoidTest/WatchTower@autosnap_2023-08-24_10:10:39_daily
Storage/Docker-SyncoidTest/WatchTower@autosnap_2023-08-27_19:10:30_daily
Storage/Docker-SyncoidTest/WatchTower@autosnap_2023-08-28_15:41:39_daily
Storage/Docker-SyncoidTest/WatchTower@autosnap_2023-08-29_06:02:06_daily
Storage/Docker-SyncoidTest/WatchTower@autosnap_2023-08-31_04:30:25_daily
Storage/Docker-SyncoidTest/WatchTower@autosnap_2023-09-02_12:04:23_daily
Storage/Docker-SyncoidTest/WatchTower@autosnap_2023-09-07_18:23:40_daily
Storage/Docker-SyncoidTest/WatchTower@autosnap_2023-09-08_08:33:17_daily
Storage/Docker-SyncoidTest/WatchTower@autosnap_2023-09-09_12:02:17_daily
Storage/Docker-SyncoidTest/WatchTower@syncoid_darkyere-VirtualBox_2023-09-09:15:39:24-GMT02:00
Storage/Docker-SyncoidTest/WatchTower@autosnap_2023-09-21_17:34:37_daily
Storage/Docker-SyncoidTest/WatchTower@autosnap_2023-09-22_04:08:30_daily
Storage/Docker-SyncoidTest/WatchTower@autosnap_2023-10-28_16:26:10_daily
Storage/Docker-SyncoidTest/WatchTower@autosnap_2023-11-10_10:27:43_daily
Storage/Docker-SyncoidTest/WatchTower@autosnap_2023-11-16_09:59:04_daily
Storage/Docker-SyncoidTest/WatchTower@autosnap_2023-12-18_12:32:18_daily
Storage/Docker-SyncoidTest/WatchTower@autosnap_2023-12-21_08:50:18_daily
Storage/Docker-SyncoidTest/WatchTower@autosnap_2023-12-22_00:00:05_daily
Storage/Docker-SyncoidTest/WatchTower@autosnap_2023-12-22_05:00:33_hourly
Storage/Docker-SyncoidTest/WatchTower@autosnap_2023-12-22_06:00:04_hourly
Storage/Docker-SyncoidTest/WatchTower@autosnap_2023-12-22_07:00:17_hourly
Storage/Docker-SyncoidTest/WatchTower@autosnap_2023-12-22_08:00:11_hourly
Storage/Docker-SyncoidTest/WatchTower@autosnap_2024-01-01_07:54:56_daily
Storage/Docker-SyncoidTest/WatchTower@autosnap_2024-01-01_07:54:56_hourly
Storage/Docker-SyncoidTest/WatchTower@autosnap_2024-01-01_08:00:03_hourly
Storage/Docker-SyncoidTest/WatchTower@autosnap_2024-01-01_09:00:05_hourly
Storage/Docker-SyncoidTest/WatchTower@autosnap_2024-01-01_10:00:08_hourly
Storage/Docker-SyncoidTest/WatchTower@autosnap_2024-01-01_11:00:15_hourly
Storage/Docker-SyncoidTest/WatchTower@autosnap_2024-01-01_12:00:06_hourly
Storage/Docker-SyncoidTest/WatchTower@autosnap_2024-02-02_17:41:44_daily
Storage/Docker-SyncoidTest/WatchTower@autosnap_2024-02-02_17:41:44_hourly
Storage/Docker-SyncoidTest/WatchTower@autosnap_2024-02-02_18:00:20_hourly
Storage/Docker-SyncoidTest/WatchTower@autosnap_2024-02-02_19:00:21_hourly
Storage/Docker-SyncoidTest/WatchTower@autosnap_2024-02-02_20:00:22_hourly
Storage/Docker-SyncoidTest/WatchTower@autosnap_2024-02-02_21:00:06_hourly
Storage/Docker-SyncoidTest/WatchTower@autosnap_2024-02-02_22:00:17_hourly
Storage/Docker-SyncoidTest/WatchTower@autosnap_2024-02-02_23:00:07_hourly
Storage/Docker-SyncoidTest/WatchTower@autosnap_2024-02-03_00:00:09_daily
Storage/Docker-SyncoidTest/WatchTower@autosnap_2024-02-03_00:00:09_hourly
Storage/Docker-SyncoidTest/WatchTower@autosnap_2024-02-03_01:00:01_hourly
Storage/Docker-SyncoidTest/WatchTower@autosnap_2024-02-03_02:00:13_hourly
Storage/Docker-SyncoidTest/WatchTower@autosnap_2024-02-03_03:00:10_hourly
Storage/Docker-SyncoidTest/WatchTower@autosnap_2024-02-03_04:00:14_hourly
Storage/Docker-SyncoidTest/WatchTower@autosnap_2024-02-03_05:00:20_hourly
Storage/Docker-SyncoidTest/WatchTower@autosnap_2024-02-03_06:00:08_hourly
Storage/Docker-SyncoidTest/WatchTower@autosnap_2024-08-18_14:10:57_daily
Storage/Docker-SyncoidTest/WatchTower@autosnap_2024-08-18_14:10:57_hourly
Storage/Docker-SyncoidTest/WatchTower@autosnap_2024-10-04_15:50:21_daily
Storage/Docker-SyncoidTest/WatchTower@autosnap_2024-10-04_15:50:21_hourly
Storage/Docker-SyncoidTest/WatchTower@autosnap_2024-10-04_16:00:33_hourly
Storage/Docker-SyncoidTest/WatchTower@autosnap_2024-10-04_17:00:05_hourly
Storage/Docker-SyncoidTest/WatchTower@autosnap_2024-10-12_19:24:18_daily
Storage/Docker-SyncoidTest/WatchTower@autosnap_2024-10-12_19:24:18_hourly
Storage/Docker-SyncoidTest/WatchTower@autosnap_2025-01-06_18:54:17_daily
Storage/Docker-SyncoidTest/WatchTower@autosnap_2025-01-06_18:54:17_hourly
Storage/Docker-SyncoidTest/WatchTower@autosnap_2025-01-06_19:00:02_hourly
Storage/Docker-SyncoidTest/WatchTower@autosnap_2025-03-31_14:02:58_monthly
Storage/Docker-SyncoidTest/WatchTower@autosnap_2025-03-31_14:02:58_daily
Storage/Docker-SyncoidTest/WatchTower@autosnap_2025-03-31_14:02:58_hourly
Storage/Docker-SyncoidTest/WatchTower@autosnap_2025-04-28_19:04:39_monthly
Storage/Docker-SyncoidTest/WatchTower@autosnap_2025-04-28_19:04:39_daily
Storage/Docker-SyncoidTest/WatchTower@autosnap_2025-04-28_19:04:39_hourly
Storage/Docker-SyncoidTest/WatchTower@autosnap_2025-08-19_07:21:22_monthly
Storage/Docker-SyncoidTest/WatchTower@autosnap_2025-08-19_07:21:22_daily
Storage/Docker-SyncoidTest/WatchTower@autosnap_2025-08-19_07:21:22_hourly
Storage/Docker-SyncoidTest/WatchTower@autosnap_2025-11-05_05:01:12_monthly
Storage/Docker-SyncoidTest/WatchTower@autosnap_2025-11-05_05:01:12_daily
Storage/Docker-SyncoidTest/WatchTower@autosnap_2025-11-05_05:01:12_hourly
Storage/Docker-SyncoidTest/WatchTower@autosnap_2025-11-05_06:00:00_hourly
Storage/Docker-SyncoidTest/WatchTower@autosnap_2025-11-05_07:00:17_hourly
Storage/Docker-SyncoidTest/WatchTower@autosnap_2025-12-25_09:43:48_monthly
Storage/Docker-SyncoidTest/WatchTower@autosnap_2025-12-25_09:43:48_daily
Storage/Docker-SyncoidTest/WatchTower@autosnap_2025-12-25_09:43:48_hourly
Storage/Docker-SyncoidTest/WatchTower@autosnap_2025-12-25_10:00:02_hourly
Storage/Docker-SyncoidTest/WatchTower@autosnap_2026-01-02_13:52:37_monthly
Storage/Docker-SyncoidTest/WatchTower@autosnap_2026-01-02_13:52:37_daily
Storage/Docker-SyncoidTest/WatchTower@autosnap_2026-01-02_13:52:37_hourly
Storage/Docker-SyncoidTest/WatchTower@autosnap_2026-01-02_14:00:04_hourly
Storage/Docker-SyncoidTest/WatchTower@autosnap_2026-01-02_15:00:06_hourly
Storage/Docker-SyncoidTest/WatchTower@SnapBeforeWatchTower-Date-2026-01-02_16_53_44
Storage/Docker-SyncoidTest/WatchTower@SnapBeforeWatchTower-Date-2026-01-02_16_54_58
Storage/Docker-SyncoidTest/WatchTower@autosnap_2026-01-02_16:00:04_hourly
Storage/Docker-SyncoidTest/WatchTower@SnapBeforeWatchTower-Date-2026-01-02_17_08_19
Storage/Docker-SyncoidTest/WatchTower@SnapBeforeWatchTower-Date-2026-01-02_17_40_29
Storage/Docker-SyncoidTest/WatchTower@SnapBeforeWatchTower-Date-2026-01-02_17_47_48
Storage/Docker-SyncoidTest/WatchTower@autosnap_2026-01-02_17:00:02_hourly
Storage/Docker-SyncoidTest/WatchTower@SnapBeforeWatchTower-Date-2026-01-02_18_37_47
Storage/Docker-SyncoidTest/WatchTower@SnapBeforeWatchTower-Date-2026-01-02_18_45_26
Storage/Docker-SyncoidTest/WatchTower@SnapBeforeWatchTower-Date-2026-01-02_18_49_31
Storage/Docker-SyncoidTest/WatchTower@autosnap_2026-01-02_18:00:04_hourly
Storage/Docker-SyncoidTest/WatchTower@SnapBeforeWatchTower-Date-2026-01-02_19_37_14
Storage/Docker-SyncoidTest/WatchTower@SnapBeforeWatchTower-Date-2026-01-02_19_54_31
Storage/Docker-SyncoidTest/WatchTower@autosnap_2026-01-02_19:00:04_hourly
Storage/Docker-SyncoidTest/WatchTower@SnapBeforeWatchTower-Date-2026-01-02_20_03_09
Storage/Docker-SyncoidTest/WatchTower@SnapBeforeWatchTower-Date-2026-01-02_20_03_51
Storage/Docker-SyncoidTest/WatchTower@SnapBeforeWatchTower-Date-2026-01-02_20_04_22
Storage/Docker-SyncoidTest/WatchTower@autosnap_2026-01-09_12:50:14_daily
Storage/Docker-SyncoidTest/WatchTower@autosnap_2026-01-09_12:50:14_hourly
Storage/Docker-SyncoidTest/WatchTower@autosnap_2026-01-09_13:00:02_hourly
Storage/Docker-SyncoidTest/WatchTower@SnapBeforeWatchTower-Date-2026-01-09_14_31_23
2026-01-09 14:31:23,350 - INFO - [Storage/Docker-SyncoidTest/WatchTower] Found 14 matching snapshots (retain_count=12).
2026-01-09 14:31:23,350 - INFO - [Storage/Docker-SyncoidTest/WatchTower] Cutoff time: 2025-10-11 14:31:23  (older_than=90 days, 0:00:00)
2026-01-09 14:31:23,350 - INFO - [Storage/Docker-SyncoidTest/WatchTower] Will delete 0 snapshot(s).
2026-01-09 14:31:23,350 - INFO - 

--------------------

2026-01-09 14:31:23,350 - INFO - Creating snapshot of: Storage/Docker-SyncoidTest/booksonic
2026-01-09 14:31:23,350 - DEBUG - Full snapshot name: Storage/Docker-SyncoidTest/booksonic@SnapBeforeWatchTower-Date-2026-01-09_14_31_23
2026-01-09 14:31:23,350 - DEBUG - Running command: zfs snapshot Storage/Docker-SyncoidTest/booksonic@SnapBeforeWatchTower-Date-2026-01-09_14_31_23
2026-01-09 14:31:23,397 - DEBUG - Running command: zfs list -H -t snapshot -o name Storage/Docker-SyncoidTest/booksonic
2026-01-09 14:31:23,429 - DEBUG - Command stdout:
Storage/Docker-SyncoidTest/booksonic@autosnap_2022-05-25_05:16:55_daily
Storage/Docker-SyncoidTest/booksonic@autosnap_2022-05-29_05:08:50_daily
Storage/Docker-SyncoidTest/booksonic@autosnap_2022-06-05_06:43:46_daily
Storage/Docker-SyncoidTest/booksonic@autosnap_2022-06-06_06:25:46_daily
Storage/Docker-SyncoidTest/booksonic@autosnap_2022-06-21_05:23:56_daily
Storage/Docker-SyncoidTest/booksonic@autosnap_2022-06-24_08:29:29_daily
Storage/Docker-SyncoidTest/booksonic@autosnap_2022-07-05_07:15:10_daily
Storage/Docker-SyncoidTest/booksonic@autosnap_2022-07-06_05:36:09_daily
Storage/Docker-SyncoidTest/booksonic@autosnap_2023-02-11_18:04:48_daily
Storage/Docker-SyncoidTest/booksonic@autosnap_2023-02-21_06:40:26_daily
Storage/Docker-SyncoidTest/booksonic@autosnap_2023-02-26_07:27:13_daily
Storage/Docker-SyncoidTest/booksonic@autosnap_2023-02-27_05:27:01_daily
Storage/Docker-SyncoidTest/booksonic@autosnap_2023-03-05_05:54:32_daily
Storage/Docker-SyncoidTest/booksonic@autosnap_2023-03-23_11:18:17_daily
Storage/Docker-SyncoidTest/booksonic@autosnap_2023-03-24_09:39:41_daily
Storage/Docker-SyncoidTest/booksonic@autosnap_2023-03-25_05:22:45_daily
Storage/Docker-SyncoidTest/booksonic@autosnap_2023-05-17_11:57:42_daily
Storage/Docker-SyncoidTest/booksonic@autosnap_2023-05-25_06:15:41_daily
Storage/Docker-SyncoidTest/booksonic@autosnap_2023-05-27_06:20:26_daily
Storage/Docker-SyncoidTest/booksonic@autosnap_2023-05-28_03:31:40_daily
Storage/Docker-SyncoidTest/booksonic@autosnap_2023-06-02_04:23:56_daily
Storage/Docker-SyncoidTest/booksonic@autosnap_2023-06-04_02:58:57_daily
Storage/Docker-SyncoidTest/booksonic@autosnap_2023-06-05_05:20:24_daily
Storage/Docker-SyncoidTest/booksonic@autosnap_2023-06-06_06:49:17_daily
Storage/Docker-SyncoidTest/booksonic@autosnap_2023-06-07_04:06:32_daily
Storage/Docker-SyncoidTest/booksonic@autosnap_2023-06-09_09:58:18_daily
Storage/Docker-SyncoidTest/booksonic@autosnap_2023-06-11_04:31:12_daily
Storage/Docker-SyncoidTest/booksonic@autosnap_2023-08-19_16:57:57_daily
Storage/Docker-SyncoidTest/booksonic@autosnap_2023-08-22_08:12:25_daily
Storage/Docker-SyncoidTest/booksonic@autosnap_2023-08-23_09:58:07_daily
Storage/Docker-SyncoidTest/booksonic@autosnap_2023-08-24_10:10:38_daily
Storage/Docker-SyncoidTest/booksonic@autosnap_2023-08-27_19:10:31_daily
Storage/Docker-SyncoidTest/booksonic@autosnap_2023-08-28_15:41:38_daily
Storage/Docker-SyncoidTest/booksonic@autosnap_2023-08-29_06:02:05_daily
Storage/Docker-SyncoidTest/booksonic@autosnap_2023-08-31_04:30:26_daily
Storage/Docker-SyncoidTest/booksonic@autosnap_2023-09-02_12:04:27_daily
Storage/Docker-SyncoidTest/booksonic@autosnap_2023-09-07_18:23:43_daily
Storage/Docker-SyncoidTest/booksonic@autosnap_2023-09-08_08:33:16_daily
Storage/Docker-SyncoidTest/booksonic@autosnap_2023-09-09_12:02:16_daily
Storage/Docker-SyncoidTest/booksonic@syncoid_darkyere-VirtualBox_2023-09-09:15:39:34-GMT02:00
Storage/Docker-SyncoidTest/booksonic@autosnap_2023-09-21_17:34:38_daily
Storage/Docker-SyncoidTest/booksonic@autosnap_2023-09-22_04:08:29_daily
Storage/Docker-SyncoidTest/booksonic@autosnap_2023-10-28_16:26:11_daily
Storage/Docker-SyncoidTest/booksonic@autosnap_2023-11-10_10:27:42_daily
Storage/Docker-SyncoidTest/booksonic@autosnap_2023-11-16_09:59:06_daily
Storage/Docker-SyncoidTest/booksonic@autosnap_2023-12-18_12:32:20_daily
Storage/Docker-SyncoidTest/booksonic@autosnap_2023-12-21_08:50:18_daily
Storage/Docker-SyncoidTest/booksonic@autosnap_2023-12-22_00:00:06_daily
Storage/Docker-SyncoidTest/booksonic@autosnap_2023-12-22_05:00:33_hourly
Storage/Docker-SyncoidTest/booksonic@autosnap_2023-12-22_06:00:03_hourly
Storage/Docker-SyncoidTest/booksonic@autosnap_2023-12-22_07:00:17_hourly
Storage/Docker-SyncoidTest/booksonic@autosnap_2023-12-22_08:00:12_hourly
Storage/Docker-SyncoidTest/booksonic@autosnap_2024-01-01_07:54:58_daily
Storage/Docker-SyncoidTest/booksonic@autosnap_2024-01-01_07:54:58_hourly
Storage/Docker-SyncoidTest/booksonic@autosnap_2024-01-01_08:00:01_hourly
Storage/Docker-SyncoidTest/booksonic@autosnap_2024-01-01_09:00:04_hourly
Storage/Docker-SyncoidTest/booksonic@autosnap_2024-01-01_10:00:07_hourly
Storage/Docker-SyncoidTest/booksonic@autosnap_2024-01-01_11:00:15_hourly
Storage/Docker-SyncoidTest/booksonic@autosnap_2024-01-01_12:00:06_hourly
Storage/Docker-SyncoidTest/booksonic@autosnap_2024-02-02_17:41:39_daily
Storage/Docker-SyncoidTest/booksonic@autosnap_2024-02-02_17:41:39_hourly
Storage/Docker-SyncoidTest/booksonic@autosnap_2024-02-02_18:00:20_hourly
Storage/Docker-SyncoidTest/booksonic@autosnap_2024-02-02_19:00:21_hourly
Storage/Docker-SyncoidTest/booksonic@autosnap_2024-02-02_20:00:23_hourly
Storage/Docker-SyncoidTest/booksonic@autosnap_2024-02-02_21:00:07_hourly
Storage/Docker-SyncoidTest/booksonic@autosnap_2024-02-02_22:00:17_hourly
Storage/Docker-SyncoidTest/booksonic@autosnap_2024-02-02_23:00:07_hourly
Storage/Docker-SyncoidTest/booksonic@autosnap_2024-02-03_00:00:10_daily
Storage/Docker-SyncoidTest/booksonic@autosnap_2024-02-03_00:00:10_hourly
Storage/Docker-SyncoidTest/booksonic@autosnap_2024-02-03_01:00:01_hourly
Storage/Docker-SyncoidTest/booksonic@autosnap_2024-02-03_02:00:13_hourly
Storage/Docker-SyncoidTest/booksonic@autosnap_2024-02-03_03:00:09_hourly
Storage/Docker-SyncoidTest/booksonic@autosnap_2024-02-03_04:00:15_hourly
Storage/Docker-SyncoidTest/booksonic@autosnap_2024-02-03_05:00:20_hourly
Storage/Docker-SyncoidTest/booksonic@autosnap_2024-02-03_06:00:09_hourly
Storage/Docker-SyncoidTest/booksonic@autosnap_2024-08-18_14:10:59_daily
Storage/Docker-SyncoidTest/booksonic@autosnap_2024-08-18_14:10:59_hourly
Storage/Docker-SyncoidTest/booksonic@autosnap_2024-10-04_15:50:27_daily
Storage/Docker-SyncoidTest/booksonic@autosnap_2024-10-04_15:50:27_hourly
Storage/Docker-SyncoidTest/booksonic@autosnap_2024-10-04_16:00:34_hourly
Storage/Docker-SyncoidTest/booksonic@autosnap_2024-10-04_17:00:06_hourly
Storage/Docker-SyncoidTest/booksonic@autosnap_2024-10-12_19:24:24_daily
Storage/Docker-SyncoidTest/booksonic@autosnap_2024-10-12_19:24:24_hourly
Storage/Docker-SyncoidTest/booksonic@autosnap_2025-01-06_18:54:01_daily
Storage/Docker-SyncoidTest/booksonic@autosnap_2025-01-06_18:54:01_hourly
Storage/Docker-SyncoidTest/booksonic@autosnap_2025-01-06_19:00:02_hourly
Storage/Docker-SyncoidTest/booksonic@autosnap_2025-03-31_14:02:58_monthly
Storage/Docker-SyncoidTest/booksonic@autosnap_2025-03-31_14:02:58_daily
Storage/Docker-SyncoidTest/booksonic@autosnap_2025-03-31_14:02:58_hourly
Storage/Docker-SyncoidTest/booksonic@autosnap_2025-04-28_19:04:37_monthly
Storage/Docker-SyncoidTest/booksonic@autosnap_2025-04-28_19:04:37_daily
Storage/Docker-SyncoidTest/booksonic@autosnap_2025-04-28_19:04:37_hourly
Storage/Docker-SyncoidTest/booksonic@autosnap_2025-08-19_07:21:24_monthly
Storage/Docker-SyncoidTest/booksonic@autosnap_2025-08-19_07:21:24_daily
Storage/Docker-SyncoidTest/booksonic@autosnap_2025-08-19_07:21:24_hourly
Storage/Docker-SyncoidTest/booksonic@autosnap_2025-11-05_05:01:16_monthly
Storage/Docker-SyncoidTest/booksonic@autosnap_2025-11-05_05:01:16_daily
Storage/Docker-SyncoidTest/booksonic@autosnap_2025-11-05_05:01:16_hourly
Storage/Docker-SyncoidTest/booksonic@autosnap_2025-11-05_06:00:01_hourly
Storage/Docker-SyncoidTest/booksonic@autosnap_2025-11-05_07:00:17_hourly
Storage/Docker-SyncoidTest/booksonic@autosnap_2025-12-25_09:44:03_monthly
Storage/Docker-SyncoidTest/booksonic@autosnap_2025-12-25_09:44:03_daily
Storage/Docker-SyncoidTest/booksonic@autosnap_2025-12-25_09:44:03_hourly
Storage/Docker-SyncoidTest/booksonic@autosnap_2025-12-25_10:00:02_hourly
Storage/Docker-SyncoidTest/booksonic@autosnap_2026-01-02_13:52:36_monthly
Storage/Docker-SyncoidTest/booksonic@autosnap_2026-01-02_13:52:36_daily
Storage/Docker-SyncoidTest/booksonic@autosnap_2026-01-02_13:52:36_hourly
Storage/Docker-SyncoidTest/booksonic@autosnap_2026-01-02_14:00:02_hourly
Storage/Docker-SyncoidTest/booksonic@autosnap_2026-01-02_15:00:06_hourly
Storage/Docker-SyncoidTest/booksonic@SnapBeforeWatchTower-Date-2026-01-02_16_53_44
Storage/Docker-SyncoidTest/booksonic@SnapBeforeWatchTower-Date-2026-01-02_16_54_58
Storage/Docker-SyncoidTest/booksonic@autosnap_2026-01-02_16:00:03_hourly
Storage/Docker-SyncoidTest/booksonic@SnapBeforeWatchTower-Date-2026-01-02_17_08_19
Storage/Docker-SyncoidTest/booksonic@SnapBeforeWatchTower-Date-2026-01-02_17_40_29
Storage/Docker-SyncoidTest/booksonic@SnapBeforeWatchTower-Date-2026-01-02_17_47_49
Storage/Docker-SyncoidTest/booksonic@autosnap_2026-01-02_17:00:01_hourly
Storage/Docker-SyncoidTest/booksonic@SnapBeforeWatchTower-Date-2026-01-02_18_37_47
Storage/Docker-SyncoidTest/booksonic@SnapBeforeWatchTower-Date-2026-01-02_18_45_26
Storage/Docker-SyncoidTest/booksonic@SnapBeforeWatchTower-Date-2026-01-02_18_49_31
Storage/Docker-SyncoidTest/booksonic@autosnap_2026-01-02_18:00:03_hourly
Storage/Docker-SyncoidTest/booksonic@SnapBeforeWatchTower-Date-2026-01-02_19_37_14
Storage/Docker-SyncoidTest/booksonic@SnapBeforeWatchTower-Date-2026-01-02_19_54_31
Storage/Docker-SyncoidTest/booksonic@autosnap_2026-01-02_19:00:03_hourly
Storage/Docker-SyncoidTest/booksonic@SnapBeforeWatchTower-Date-2026-01-02_20_03_10
Storage/Docker-SyncoidTest/booksonic@SnapBeforeWatchTower-Date-2026-01-02_20_03_51
Storage/Docker-SyncoidTest/booksonic@SnapBeforeWatchTower-Date-2026-01-02_20_04_22
Storage/Docker-SyncoidTest/booksonic@autosnap_2026-01-09_12:50:13_daily
Storage/Docker-SyncoidTest/booksonic@autosnap_2026-01-09_12:50:13_hourly
Storage/Docker-SyncoidTest/booksonic@autosnap_2026-01-09_13:00:00_hourly
Storage/Docker-SyncoidTest/booksonic@SnapBeforeWatchTower-Date-2026-01-09_14_31_23
2026-01-09 14:31:23,430 - INFO - [Storage/Docker-SyncoidTest/booksonic] Found 14 matching snapshots (retain_count=12).
2026-01-09 14:31:23,430 - INFO - [Storage/Docker-SyncoidTest/booksonic] Cutoff time: 2025-10-11 14:31:23  (older_than=90 days, 0:00:00)
2026-01-09 14:31:23,430 - INFO - [Storage/Docker-SyncoidTest/booksonic] Will delete 0 snapshot(s).
2026-01-09 14:31:23,430 - INFO - 

--------------------

2026-01-09 14:31:23,430 - INFO - Creating snapshot of: Storage/Docker-SyncoidTest/nginx-proxy-manager
2026-01-09 14:31:23,430 - DEBUG - Full snapshot name: Storage/Docker-SyncoidTest/nginx-proxy-manager@SnapBeforeWatchTower-Date-2026-01-09_14_31_23
2026-01-09 14:31:23,430 - DEBUG - Running command: zfs snapshot Storage/Docker-SyncoidTest/nginx-proxy-manager@SnapBeforeWatchTower-Date-2026-01-09_14_31_23
2026-01-09 14:31:23,474 - DEBUG - Running command: zfs list -H -t snapshot -o name Storage/Docker-SyncoidTest/nginx-proxy-manager
2026-01-09 14:31:23,486 - DEBUG - Command stdout:
Storage/Docker-SyncoidTest/nginx-proxy-manager@nginx-proxy-manager_works
Storage/Docker-SyncoidTest/nginx-proxy-manager@syncoid_darkyere-VirtualBox_2023-09-09:15:39:44-GMT02:00
Storage/Docker-SyncoidTest/nginx-proxy-manager@SnapBeforeWatchTower-Date-2026-01-02_16_53_44
Storage/Docker-SyncoidTest/nginx-proxy-manager@SnapBeforeWatchTower-Date-2026-01-02_16_54_58
Storage/Docker-SyncoidTest/nginx-proxy-manager@SnapBeforeWatchTower-Date-2026-01-02_17_08_19
Storage/Docker-SyncoidTest/nginx-proxy-manager@SnapBeforeWatchTower-Date-2026-01-02_17_40_29
Storage/Docker-SyncoidTest/nginx-proxy-manager@SnapBeforeWatchTower-Date-2026-01-02_17_47_49
Storage/Docker-SyncoidTest/nginx-proxy-manager@SnapBeforeWatchTower-Date-2026-01-02_18_37_47
Storage/Docker-SyncoidTest/nginx-proxy-manager@SnapBeforeWatchTower-Date-2026-01-02_18_45_26
Storage/Docker-SyncoidTest/nginx-proxy-manager@SnapBeforeWatchTower-Date-2026-01-02_18_49_31
Storage/Docker-SyncoidTest/nginx-proxy-manager@SnapBeforeWatchTower-Date-2026-01-02_19_37_15
Storage/Docker-SyncoidTest/nginx-proxy-manager@SnapBeforeWatchTower-Date-2026-01-02_19_54_31
Storage/Docker-SyncoidTest/nginx-proxy-manager@SnapBeforeWatchTower-Date-2026-01-02_20_03_10
Storage/Docker-SyncoidTest/nginx-proxy-manager@SnapBeforeWatchTower-Date-2026-01-02_20_03_51
Storage/Docker-SyncoidTest/nginx-proxy-manager@SnapBeforeWatchTower-Date-2026-01-02_20_04_22
Storage/Docker-SyncoidTest/nginx-proxy-manager@SnapBeforeWatchTower-Date-2026-01-09_14_31_23
2026-01-09 14:31:23,487 - INFO - [Storage/Docker-SyncoidTest/nginx-proxy-manager] Found 14 matching snapshots (retain_count=12).
2026-01-09 14:31:23,487 - INFO - [Storage/Docker-SyncoidTest/nginx-proxy-manager] Cutoff time: 2025-10-11 14:31:23  (older_than=90 days, 0:00:00)
2026-01-09 14:31:23,487 - INFO - [Storage/Docker-SyncoidTest/nginx-proxy-manager] Will delete 0 snapshot(s).
2026-01-09 14:31:23,487 - INFO - 

--------------------

2026-01-09 14:31:23,487 - INFO - Snapshot creation completed.
